{"type": "FeatureCollection", "features": [{"type": "Feature", "geometry": {"type": "MultiPolygon", "coordinates": [[[[-117.68611233224291, 33.6025164708607], [-117.68570613086547, 33.60234558047827], [-117.6853449133341, 33.60234972818184], [-117.68447971232719, 33.60187043583708], [-117.68362386289347, 33.60154196478218], [-117.68039491153175, 33.60031302123582], [-117.67739896796515, 33.59918775617229], [-117.6762606985476, 33.598762935673214], [-117.67584870886381, 33.598756107556746], [-117.67545983254769, 33.59920628357713], [-117.67490424775455, 33.59965117228685], [-117.67446425394294, 33.599902303755705], [-117.67387172310852, 33.600122116894745], [-117.67280429980825, 33.600305713162705], [-117.66642948901881, 33.59889372394553], [-117.66560528927252, 33.59871114048738], [-117.66481945920646, 33.598656855899186], [-117.66363963593844, 33.59881313564546], [-117.66320966549019, 33.59883175444452], [-117.66258734485488, 33.59873436549671], [-117.66203904941624, 33.598542699351626], [-117.66080352808164, 33.59796009612793], [-117.6602916187633, 33.59771870345905], [-117.6599147124187, 33.598173706937686], [-117.65916331018914, 33.59828668822574], [-117.65861695346096, 33.59863569677798], [-117.65833792801463, 33.598519302167404], [-117.65790356919867, 33.59840370386624], [-117.65678991801684, 33.599921231458495], [-117.65578227614866, 33.59990180047073], [-117.6534005583628, 33.59986249396247], [-117.65103480486384, 33.601134244233144], [-117.64977489754378, 33.59979956939312], [-117.64948792873965, 33.59979989598027], [-117.64959977104931, 33.60029070800175], [-117.64922160863314, 33.60036214658561], [-117.64904907286164, 33.60044603568647], [-117.64851585998643, 33.60090327980046], [-117.64837305921205, 33.600804690413085], [-117.64814487152974, 33.6005021844054], [-117.64769885142812, 33.60013340229746], [-117.64707849476534, 33.59974733975859], [-117.64699836314524, 33.59966180634925], [-117.64616628950341, 33.598773643552704], [-117.64565151648037, 33.59923836646857], [-117.64464843593082, 33.60059356587296], [-117.64404740745853, 33.601210396004575], [-117.64325160277302, 33.601738433669695], [-117.64231754316793, 33.602109952857425], [-117.64154225362222, 33.602271396997125], [-117.64137166189059, 33.60230665606456], [-117.63951383239919, 33.602382336210084], [-117.6386752311751, 33.602520860994844], [-117.63714520865568, 33.60296936533659], [-117.63621136099562, 33.603108933153415], [-117.63522869569744, 33.60307036344798], [-117.63451351526182, 33.60291616041838], [-117.63224203871613, 33.602228994205845], [-117.6332707713445, 33.60095419072225], [-117.63321276100586, 33.59987330499529], [-117.6229571510581, 33.599784017539], [-117.62003890425547, 33.599771462312695], [-117.59644826584335, 33.599667826715496], [-117.59098670380077, 33.5996485068533], [-117.5911905284956, 33.59923405669678], [-117.59008983088758, 33.598778676587585], [-117.58999010984132, 33.5987792500152], [-117.58935730418867, 33.59877006369536], [-117.5890096863129, 33.598589658508686], [-117.58860456558828, 33.59851430865199], [-117.58765606417505, 33.59769995668387], [-117.58718908690669, 33.59771346157671], [-117.58742014037759, 33.598941356557], [-117.58652498510321, 33.6006723420931], [-117.58643655979499, 33.6010940382063], [-117.58600923056457, 33.601040383927426], [-117.58562224717636, 33.60086313974943], [-117.58516365555593, 33.60051351508202], [-117.58454681853743, 33.60034147951883], [-117.58411045084635, 33.6003708884953], [-117.58357990360135, 33.600469985456286], [-117.58333491228129, 33.60044470865021], [-117.58312594142969, 33.600422623913985], [-117.58232854344195, 33.60003813697136], [-117.58161710710507, 33.59990557569844], [-117.58106710724861, 33.599932974332205], [-117.58001027273707, 33.59963962985402], [-117.57218404930939, 33.59968123495189], [-117.55611086691117, 33.59969619202229], [-117.55606720161757, 33.59282576150842], [-117.48837421713411, 33.59292825954704], [-117.467632960923, 33.597700387917286], [-117.46130458542555, 33.597487215593645], [-117.51015949711163, 33.53414585009271], [-117.50991365623001, 33.519378489744284], [-117.50306100851351, 33.51975725903959], [-117.50321006619639, 33.50910912658407], [-117.50984317111902, 33.50903149582647], [-117.50981567188694, 33.50517899383229], [-117.4889145252881, 33.50505964444172], [-117.47228505852742, 33.48789552544277], [-117.47620823424224, 33.47049714262105], [-117.46969396132856, 33.470749412237325], [-117.4665066290211, 33.4770141765726], [-117.4084188817652, 33.46043545538019], [-117.40054609754577, 33.45551198691129], [-117.38842070117062, 33.4289884818384], [-117.33529910734984, 33.43090657499746], [-117.33515478108856, 33.427718167972905], [-117.33974672372841, 33.42732369740713], [-117.33937816976996, 33.4198750847387], [-117.32658941923054, 33.419984556247854], [-117.32658555323295, 33.413295592449636], [-117.33613720267128, 33.413084908784], [-117.33650232986547, 33.40575171488407], [-117.35688700114335, 33.39154536885889], [-117.36222711506369, 33.38518253005037], [-117.37453886834258, 33.38011880506048], [-117.38301098212867, 33.379055551293256], [-117.3872364757717, 33.36725644416471], [-117.39573331907293, 33.36051820222849], [-117.40707976869125, 33.34617205657699], [-117.42169359429683, 33.330291046700474], [-117.42584175104139, 33.327883821112756], [-117.43238735205493, 33.3260622760941], [-117.43812470992411, 33.31789172190266], [-117.44235451092918, 33.316338497810335], [-117.44416060255523, 33.311182152998946], [-117.4468010295704, 33.30735577158059], [-117.45012753058536, 33.305809838450536], [-117.44828238753618, 33.304392462009524], [-117.44875208102636, 33.3037377095771], [-117.4518162790076, 33.30520512983043], [-117.45380208833572, 33.3042518539768], [-117.4567790252745, 33.300274429224324], [-117.45974391444466, 33.29811819693892], [-117.45859544822785, 33.29672333018247], [-117.45955931532743, 33.29595934419585], [-117.46095167017299, 33.29781444931348], [-117.46230854389985, 33.29717863438019], [-117.46383028835204, 33.2990682994269], [-117.46979131293746, 33.295769595427316], [-117.49069734128624, 33.31836789524614], [-117.5125759902015, 33.338691331817266], [-117.52111805590002, 33.34531757319673], [-117.54097564355975, 33.359313586426346], [-117.54565657795021, 33.36265791318769], [-117.54933557247128, 33.364762197246286], [-117.5510550004887, 33.36553505543712], [-117.55412380313724, 33.36673728854322], [-117.55438904113535, 33.36635251867112], [-117.5580344879625, 33.368274446439365], [-117.55767045533904, 33.36873472700844], [-117.55841880400602, 33.36922976619255], [-117.56037089942558, 33.37020396578324], [-117.56251898187502, 33.37118691231878], [-117.56462526694332, 33.37200742116773], [-117.56544509742145, 33.372611266948994], [-117.56659429942101, 33.37367570473659], [-117.56763887180384, 33.3743298546319], [-117.56898859535387, 33.37485423480062], [-117.5705134460694, 33.37695187748123], [-117.5711699279951, 33.37777085404223], [-117.57253373737903, 33.37887703487445], [-117.57363003145346, 33.37962502676406], [-117.57494983772077, 33.38023505268294], [-117.57659009210631, 33.38043172428149], [-117.57780733447913, 33.38046139157381], [-117.58048089704087, 33.38072085136724], [-117.58266387506103, 33.3817654026067], [-117.5855288021347, 33.38199121123774], [-117.58854390473772, 33.382467891285], [-117.59029524616713, 33.38402145858155], [-117.59177505170511, 33.38474464241862], [-117.59341370865195, 33.38501731101202], [-117.59533624815758, 33.38572692531652], [-117.59625096661463, 33.386732305780676], [-117.59711663384033, 33.3880203093739], [-117.59955623875983, 33.394195534101854], [-117.60136391627856, 33.39744714636309], [-117.60350668035058, 33.400448936217025], [-117.60929675155451, 33.40706115009173], [-117.61158620311078, 33.409715501338546], [-117.61460397869045, 33.41308501701728], [-117.61666637409643, 33.41478596363064], [-117.61887798999902, 33.417205519840245], [-117.62038685323759, 33.419401429664916], [-117.62343171411237, 33.417761608559395], [-117.62339696620947, 33.41771846163261], [-117.6235770463251, 33.417616473142616], [-117.62369013161062, 33.41777836015567], [-117.62351430465586, 33.41787310693876], [-117.62347097347862, 33.417833612919246], [-117.62044766134854, 33.419476937579404], [-117.62097229093105, 33.420113317512595], [-117.62339732459385, 33.422631102773025], [-117.62619877771488, 33.42445909687524], [-117.6289341859844, 33.42683260432103], [-117.62997745956977, 33.4282135949978], [-117.63200977238853, 33.43046643894936], [-117.64062757572637, 33.437071062345815], [-117.64324577521587, 33.43908171553967], [-117.64490681496044, 33.44009996339926], [-117.6485366951568, 33.44233373794238], [-117.65229582445117, 33.44544598351383], [-117.6545943302888, 33.446931167094064], [-117.65881132992592, 33.449195401266046], [-117.66256968986812, 33.451083366915924], [-117.66533943012476, 33.452430632534934], [-117.66926592476793, 33.45508515088903], [-117.67184705204846, 33.45666704755841], [-117.67562880156018, 33.459074683066866], [-117.67844920579996, 33.46050020066874], [-117.68016174085162, 33.46104587172976], [-117.68173437833764, 33.46142230875422], [-117.68457598402505, 33.46152858985807], [-117.68573316168272, 33.46165055314908], [-117.68650689796202, 33.46169761440636], [-117.68743133675385, 33.46143577550982], [-117.68796619273944, 33.461291614504525], [-117.6895979086911, 33.46126553898213], [-117.68978128181234, 33.45791308585357], [-117.69212024749834, 33.45668706245177], [-117.6929814722159, 33.45502428938987], [-117.69134306611963, 33.454391643217996], [-117.69140316085938, 33.45424583496733], [-117.69462922284548, 33.455545616332444], [-117.69535564778967, 33.455746917731155], [-117.70037726842102, 33.45688243465481], [-117.70468330982148, 33.457884901232646], [-117.70716405424383, 33.46039515360551], [-117.70793256580316, 33.46074161362284], [-117.70850446960823, 33.460764018223635], [-117.70938915324531, 33.46033109811572], [-117.71168382321423, 33.460035559179666], [-117.71341874906214, 33.45995712944646], [-117.71480615382526, 33.45982933698632], [-117.71515781738799, 33.460383527032945], [-117.71570169482034, 33.460722676467086], [-117.71607392626422, 33.46129385971523], [-117.71594845594538, 33.46217597712594], [-117.71568822525045, 33.462810712359136], [-117.71568750943871, 33.46396593948032], [-117.71663527826175, 33.466236679167764], [-117.71817970734142, 33.4690430583892], [-117.72055982653184, 33.47287998050392], [-117.72141018221477, 33.47322587856227], [-117.72169812777189, 33.473472361243374], [-117.72189354213641, 33.47364236656333], [-117.72174336698227, 33.474002643056814], [-117.72307133204185, 33.47652782850337], [-117.72377739703192, 33.47793564205866], [-117.72504585598925, 33.48065796699415], [-117.72624241487789, 33.482097123008906], [-117.72774478591515, 33.48346601337953], [-117.72844117127615, 33.483701523778485], [-117.73015784792442, 33.483828335339496], [-117.73115559025022, 33.48392299993641], [-117.73192832395254, 33.48427997886246], [-117.73211982996614, 33.48473879485844], [-117.73253496717045, 33.48492246016713], [-117.73332478784802, 33.485033310426765], [-117.73348797753754, 33.484403393716384], [-117.73385278021784, 33.484067504486724], [-117.73445997944103, 33.48432062312624], [-117.73450112288634, 33.48556544552932], [-117.73395364269976, 33.48603719319198], [-117.73413808062531, 33.48701803499033], [-117.7348274721318, 33.48793170388313], [-117.73563035489016, 33.488677830707], [-117.73666600907697, 33.48887063260772], [-117.73729643542372, 33.48824434970927], [-117.73783318278629, 33.48854703536665], [-117.73785672717393, 33.488914852599386], [-117.73757165918951, 33.48901923574363], [-117.73750140756434, 33.4891651256894], [-117.73715477539686, 33.4892356451858], [-117.73727080707842, 33.48967136915468], [-117.73782168457772, 33.48959963309308], [-117.73810689785503, 33.48951236314105], [-117.73849663048921, 33.489706855645494], [-117.73825785646964, 33.490452750791455], [-117.73859565956411, 33.49054486648395], [-117.73896322884852, 33.49053411843421], [-117.73899448343349, 33.49180894648215], [-117.73880081008994, 33.49185288776576], [-117.73880291853168, 33.492101031863925], [-117.73922257288352, 33.49220977241017], [-117.73947116352012, 33.49261903207462], [-117.73920847405537, 33.492954327852125], [-117.73946371537691, 33.49294424815106], [-117.73956052234283, 33.493072163450286], [-117.7392846167781, 33.49350153116214], [-117.74059391670279, 33.49613786867701], [-117.74126709086349, 33.49722915688372], [-117.74229803515428, 33.49835252817507], [-117.74295262862195, 33.49845984627321], [-117.7436623869126, 33.499046030965914], [-117.74372776397105, 33.499524837847865], [-117.7452501377886, 33.50071270376705], [-117.74600407255858, 33.50055512353265], [-117.74617843638974, 33.50082576248157], [-117.7458347232701, 33.50094335288818], [-117.74577962372805, 33.50121804744514], [-117.74612693119703, 33.501519200101065], [-117.7467419066843, 33.50221343532967], [-117.74697745823065, 33.50221201574746], [-117.7473190513179, 33.50232693741539], [-117.7474399253131, 33.5024793107239], [-117.74725238979464, 33.50294252639609], [-117.74774706276705, 33.503452969663165], [-117.74827435389165, 33.503302175893715], [-117.74847573135315, 33.50355767327758], [-117.74821770957554, 33.503841616865934], [-117.7488354239982, 33.50529473511139], [-117.74997142292733, 33.50643665599929], [-117.75057060988956, 33.50662556250068], [-117.7509504809324, 33.50625744444272], [-117.75123525144652, 33.506409745792126], [-117.75098149924517, 33.50718784236122], [-117.75144302375242, 33.50740325048302], [-117.75214630859331, 33.50899702384169], [-117.75354665338774, 33.51057371872913], [-117.75584967671112, 33.512874999833706], [-117.74998886744412, 33.51286300403155], [-117.74889793464449, 33.51370158522242], [-117.74776421565196, 33.513695059974744], [-117.74537203434184, 33.51286174639203], [-117.73661280128508, 33.51284010732231], [-117.73557189664302, 33.51506745415217], [-117.73230251871829, 33.51507075524335], [-117.72905115627425, 33.515073954658384], [-117.72800712090903, 33.51451236153771], [-117.72469684315756, 33.51273164010038], [-117.71925535172363, 33.51269671358005], [-117.71884532255821, 33.51496084396721], [-117.71912675753215, 33.517483525460236], [-117.71902105719901, 33.51841922583125], [-117.71860114809209, 33.51940263742334], [-117.71778673605219, 33.52078490351098], [-117.71711952680964, 33.521884996371256], [-117.71680258028572, 33.52193045052275], [-117.71291891453834, 33.525321234970285], [-117.71224157145402, 33.5259089098117], [-117.71023697677936, 33.52717716012494], [-117.70838975480603, 33.52930102067882], [-117.70800678624931, 33.5332500698373], [-117.7060030171681, 33.53625690847791], [-117.70505089622692, 33.53765464441094], [-117.70494424514658, 33.53972547701379], [-117.70423828087036, 33.54126799301381], [-117.70279314971894, 33.54442402697562], [-117.7027209361936, 33.544583161735616], [-117.70446009635451, 33.546488985942446], [-117.70687297283372, 33.549145247174884], [-117.70832420178907, 33.55074007106011], [-117.71061244523408, 33.553251219918195], [-117.71022371062718, 33.55318318998435], [-117.70991656994556, 33.5532329060452], [-117.70946691328518, 33.55347251690632], [-117.70985782611041, 33.55407811747523], [-117.71024702969919, 33.55536329029579], [-117.71102793796466, 33.55536055386814], [-117.71104585330534, 33.555548483183806], [-117.7125701015438, 33.55556609354393], [-117.71254636681579, 33.556794665504476], [-117.71202461821866, 33.55690706721261], [-117.71146724969466, 33.55711651752747], [-117.71115146838032, 33.557268980300826], [-117.711067498057, 33.557513230074264], [-117.7102994567193, 33.558896433641394], [-117.71017415325552, 33.5594427861157], [-117.70972870865661, 33.56343411315131], [-117.7114164872974, 33.56290532492856], [-117.71154848484332, 33.56324164681883], [-117.71100385824116, 33.569794416856084], [-117.71436826422396, 33.57114320650704], [-117.71413312344689, 33.571896516682294], [-117.71187219772422, 33.575269944940615], [-117.71168965668082, 33.576650415833235], [-117.71051881349884, 33.57820306594731], [-117.70888620662016, 33.580553086041455], [-117.70823636718247, 33.58219844141798], [-117.70671646749037, 33.58362198135115], [-117.70785813972394, 33.58470543399873], [-117.70950091137455, 33.58610341990295], [-117.71183437836558, 33.58959254105776], [-117.71306950978332, 33.591490612124566], [-117.71254330733316, 33.5917190546547], [-117.71211425743165, 33.59191622908872], [-117.71208368590203, 33.59192774593192], [-117.71127778688215, 33.5921415876898], [-117.71097836740377, 33.59222103557277], [-117.71032898612712, 33.59229596518263], [-117.71022579639693, 33.59230787088806], [-117.70907867908353, 33.592440221476416], [-117.70856590023224, 33.59249938172689], [-117.708387202003, 33.59254372736084], [-117.70770270260226, 33.592714371186176], [-117.70766964706128, 33.59272928662862], [-117.70741089201717, 33.59286009938156], [-117.70730406719197, 33.59291342649546], [-117.70677738542065, 33.59317905379791], [-117.70581736122325, 33.59366119238261], [-117.70252149475614, 33.59534877708486], [-117.70219779850227, 33.59547598864498], [-117.70144635220404, 33.595685412356815], [-117.70130295179925, 33.59515938796909], [-117.70060558926188, 33.59380246523307], [-117.70031869478944, 33.59324421397599], [-117.69992130048881, 33.59274471066336], [-117.69898070569346, 33.59206373855466], [-117.69883462658628, 33.59195737159888], [-117.69663174570739, 33.59469970431979], [-117.6955267268617, 33.59579184514919], [-117.69312687520458, 33.59784051636552], [-117.69242887038735, 33.59859503602458], [-117.69169947750851, 33.59980344019317], [-117.6899055447097, 33.60584256691698], [-117.68940342903682, 33.60566972176699], [-117.68888966287346, 33.60519987439868], [-117.68878314860646, 33.60510246471508], [-117.68863718166578, 33.604417046538074], [-117.68836722338105, 33.6039804233965], [-117.68810280888712, 33.603681147502854], [-117.68773271954161, 33.60342349481065], [-117.68736268959894, 33.6031822262206], [-117.68723591530872, 33.60309915833631], [-117.68669172526583, 33.6027602212489], [-117.68611233224291, 33.6025164708607]]]]}, "properties": {"AdminID": "Orange County", "UtilityID": "SDGE", "AreaType": "District", "SubareaType": "Operational", "Name": "Orange County District", "Shape_Area": 6839463409.700094}}, {"type": "Feature", "geometry": {"type": "MultiPolygon", "coordinates": [[[[-117.26033089947913, 32.75845234620692], [-117.25391111482494, 32.75919485332109], [-117.25380484345841, 32.760235009258864], [-117.25336191007256, 32.762634649894636], [-117.2529447473279, 32.76797063700547], [-117.25323285055687, 32.77243318394201], [-117.25353702939454, 32.779325975000575], [-117.25375252041476, 32.78242922648978], [-117.25441786827687, 32.785989614595366], [-117.25535442719496, 32.789966984616946], [-117.25663411634612, 32.794292340583894], [-117.2573792747036, 32.796021671855705], [-117.25813207653962, 32.795852296526135], [-117.25817091359046, 32.79594990665412], [-117.25946019688935, 32.795674211553674], [-117.25948674963495, 32.79562656489698], [-117.25963495374347, 32.795598704317776], [-117.25968576346962, 32.79573386122874], [-117.25953459263651, 32.79576172781942], [-117.25948113892797, 32.795736789036276], [-117.25818299347027, 32.79602502707463], [-117.25821593490494, 32.79613517303938], [-117.25748110356655, 32.796301827775196], [-117.25967721280408, 32.80149898687544], [-117.26018064504767, 32.802366292871724], [-117.26244246111786, 32.80521599961433], [-117.26352997231938, 32.8065463010955], [-117.26427572275885, 32.80730954651439], [-117.26502046560373, 32.807728788766475], [-117.26568106283453, 32.807777485104864], [-117.2668035803922, 32.807561350711424], [-117.2673453946325, 32.80756353529926], [-117.26767787535435, 32.80765633885515], [-117.26804271752619, 32.80798953986018], [-117.26874074045055, 32.80864598612603], [-117.26939237201823, 32.80965320822497], [-117.27011737064247, 32.81137498793479], [-117.27145502652733, 32.81296518249228], [-117.2715860296035, 32.81312520916439], [-117.27168124419143, 32.8132218570212], [-117.27213785055987, 32.81358824377881], [-117.27267161852023, 32.813965594086106], [-117.27326763509768, 32.81400437231751], [-117.27355264394559, 32.81408390588741], [-117.27367779722616, 32.81426954723328], [-117.27364462600093, 32.81484518064428], [-117.27374113179778, 32.81536152677944], [-117.27406829247822, 32.81542760604021], [-117.27421662037605, 32.815645482362186], [-117.27414136430528, 32.815824883633745], [-117.27380080621957, 32.81590467114221], [-117.2733657497428, 32.81676951668087], [-117.27343538432228, 32.81712115744639], [-117.27376373849279, 32.81757465347663], [-117.27435658735627, 32.818290300139175], [-117.27482135437135, 32.81851193441122], [-117.27535339097646, 32.818314830678545], [-117.27620300020827, 32.81849108174424], [-117.27677372967985, 32.81886833323263], [-117.27704333739156, 32.81907703088654], [-117.27731881550416, 32.81947719685812], [-117.27794182200417, 32.81970292199659], [-117.27842230190915, 32.81988443073831], [-117.27881013552991, 32.82034752765851], [-117.27921124057949, 32.820659667685135], [-117.27986478436422, 32.82075846849837], [-117.28059511571605, 32.82156729275562], [-117.28101375546214, 32.822203142637065], [-117.28089406757282, 32.82271551353215], [-117.28045354997641, 32.823509147690274], [-117.28061286144997, 32.82385612935691], [-117.28065067370915, 32.82414104076002], [-117.28002215851275, 32.82525004567885], [-117.27994435620236, 32.82595056717365], [-117.28092679067687, 32.82943936864064], [-117.2811267252913, 32.829603882980756], [-117.2811908453508, 32.82986646941619], [-117.28109444459288, 32.83003471457207], [-117.28146934838983, 32.831365968102894], [-117.2816872422908, 32.83178128299307], [-117.28220822007655, 32.83234119512921], [-117.28236928104756, 32.83260885031533], [-117.28211872915489, 32.83406473168151], [-117.28177383515556, 32.83477437862897], [-117.28156049646898, 32.834865033384624], [-117.28137697146099, 32.835000707656164], [-117.28163091220229, 32.8374518692411], [-117.28163139919965, 32.83852971063148], [-117.28178002170372, 32.83895144198522], [-117.28226587723185, 32.839620429352934], [-117.2822108962888, 32.84035061715241], [-117.28182749510138, 32.84173800914712], [-117.28143991938343, 32.84281893170685], [-117.28116971877925, 32.84323962730711], [-117.2807379603079, 32.84361074013373], [-117.27974914400333, 32.84416485529537], [-117.27920788231964, 32.8444345671524], [-117.27902432847803, 32.84486031453841], [-117.27898035079727, 32.84525726098693], [-117.27895394937241, 32.84558626171227], [-117.27894431609025, 32.84584239091606], [-117.27906454877736, 32.84613686341402], [-117.27886898200467, 32.84642368250696], [-117.27874541001154, 32.846762110562544], [-117.27885262728981, 32.84688711367466], [-117.27903311265025, 32.84739474565508], [-117.27897073731663, 32.84764832207245], [-117.27867762956578, 32.84786188646072], [-117.27838113031608, 32.847940197354056], [-117.27830689813132, 32.8479253330697], [-117.2782381862335, 32.84777770052282], [-117.27804811649018, 32.847728025632364], [-117.27790884296503, 32.847790956560665], [-117.27766511796995, 32.84766375029834], [-117.2773925285843, 32.847797110736074], [-117.27697104928984, 32.848267515604796], [-117.27655489567374, 32.848490301551664], [-117.27617348527383, 32.848939509920804], [-117.27606819634585, 32.84929487507211], [-117.27601694162912, 32.849399255546054], [-117.27593728171937, 32.8495283073281], [-117.27587726485962, 32.84953859933931], [-117.27576500243303, 32.849573071289235], [-117.27564004282344, 32.84959195827532], [-117.27522003053326, 32.84961040296909], [-117.2750955048273, 32.84970014420024], [-117.2747645579636, 32.85015737167789], [-117.274409781073, 32.85053396384234], [-117.2740426494864, 32.850807795725636], [-117.27389327523595, 32.851124690571666], [-117.27383662358781, 32.851132965249555], [-117.27367198525717, 32.851178037522544], [-117.27363421153682, 32.85118352907085], [-117.27346589693713, 32.85120094107686], [-117.27313368122383, 32.85105144260068], [-117.27295052549208, 32.85079011222633], [-117.27293932937883, 32.85075748301614], [-117.2729650049579, 32.85066737520591], [-117.27303305083052, 32.850599596661745], [-117.27292393031509, 32.850419777799814], [-117.2728546524842, 32.850398696391984], [-117.27270796200622, 32.85032905567695], [-117.27260258141938, 32.85029321718063], [-117.27245599839586, 32.85028988709496], [-117.27234022801308, 32.85029840765902], [-117.27230587609958, 32.850361471491794], [-117.27219582410666, 32.850399753789915], [-117.27209946636505, 32.85036641336415], [-117.27209269022929, 32.8503124846733], [-117.27197525255643, 32.85027242747544], [-117.27178583507488, 32.85031926351966], [-117.27171513516738, 32.850390988770826], [-117.271701919917, 32.85046141271053], [-117.27161834417797, 32.850489183795844], [-117.27153878335605, 32.85049390512092], [-117.27150471365876, 32.85048521002219], [-117.27139803584005, 32.850433892972596], [-117.27132497654566, 32.85045893672516], [-117.27096848332815, 32.85024484930675], [-117.27066561394888, 32.8500057423219], [-117.27053279204448, 32.84969182858945], [-117.27044583167674, 32.84963847558052], [-117.27035238947279, 32.84964994888615], [-117.27034254570007, 32.849706329586866], [-117.27044398024243, 32.8501288016592], [-117.27040759922684, 32.850241598751836], [-117.27009404377148, 32.85021772355824], [-117.26995791644616, 32.850173099980665], [-117.26990621224581, 32.8500369711667], [-117.26978201411457, 32.849810541428255], [-117.26976900087743, 32.849772889019114], [-117.26975456837388, 32.849737768037855], [-117.26973397543308, 32.84970279675191], [-117.26971300795145, 32.84967779412328], [-117.26968614688923, 32.84964757899321], [-117.26964428122909, 32.84963542273146], [-117.26902334206315, 32.849423491389544], [-117.26885951921646, 32.84922095062864], [-117.26792034962125, 32.84891830057609], [-117.26786306618708, 32.84890864337437], [-117.26780789665614, 32.848881453930126], [-117.26767408938659, 32.84883208431986], [-117.26767132166964, 32.848651742381655], [-117.26755105007561, 32.84862194127449], [-117.2673572508168, 32.84867220361259], [-117.26676222790822, 32.84904443869127], [-117.2666710746209, 32.849076568917965], [-117.26659538765064, 32.84907109454081], [-117.26640170027366, 32.848997389051604], [-117.26623747186966, 32.84896767345296], [-117.26573287382371, 32.84885541915833], [-117.26533402388725, 32.84886071387107], [-117.26529781277502, 32.84886837687003], [-117.2650420531851, 32.84893878510499], [-117.26444833771248, 32.84929267311685], [-117.26391258818593, 32.849889808698094], [-117.26364651728045, 32.85058096833843], [-117.26303559521087, 32.851235515976846], [-117.26196384571927, 32.851780651185635], [-117.26185381727628, 32.851828787071014], [-117.26176888764411, 32.851898004123655], [-117.26121439242131, 32.85227792533046], [-117.26059773681692, 32.852986048951806], [-117.25969626975417, 32.85436392612294], [-117.2589055008413, 32.85533194995997], [-117.25602907997836, 32.859926656829096], [-117.25594815582798, 32.860133386830626], [-117.25571392649833, 32.86073182319505], [-117.25555520848647, 32.861505192806725], [-117.25550071753234, 32.8618225832216], [-117.25523314564734, 32.8634526340235], [-117.25495812668152, 32.86463490147223], [-117.25491809209569, 32.86480700120708], [-117.25489137826902, 32.86530579585004], [-117.25457945618761, 32.866246331695585], [-117.25705092839424, 32.866959330726225], [-117.25708239542307, 32.86689247084756], [-117.2574626825063, 32.867021939148806], [-117.25740758753538, 32.86712892675566], [-117.25456294357897, 32.8663102391091], [-117.25428703290198, 32.867191156780464], [-117.25406292045633, 32.86878283154002], [-117.25363150042963, 32.87046398689187], [-117.25347216367888, 32.87133710507833], [-117.2532061893361, 32.871824508369286], [-117.25283386634548, 32.872027133427], [-117.25258125072874, 32.87226513888776], [-117.25237100077831, 32.87255649448248], [-117.25213880457154, 32.87322630895751], [-117.2516521633356, 32.87463008796316], [-117.25143679688557, 32.87560425203992], [-117.25154689825898, 32.87721899717971], [-117.25222613350358, 32.88102942377402], [-117.25297092059735, 32.88312381287743], [-117.25349511171082, 32.88681579519783], [-117.25383392417406, 32.89705112268462], [-117.25394181160053, 32.89786432036642], [-117.25428695723906, 32.900428557132855], [-117.25482010008182, 32.90397767260072], [-117.2552795564531, 32.90625812723163], [-117.25540658377174, 32.90637476019295], [-117.25557322465673, 32.90649799035737], [-117.25569633230121, 32.90662798924016], [-117.25579582083854, 32.906804793206724], [-117.25600652951921, 32.90760352859701], [-117.25601742136448, 32.9076392092764], [-117.25623361047356, 32.90904672906228], [-117.25820030678877, 32.91371838797449], [-117.25833781218937, 32.913901267953115], [-117.25843157597882, 32.91397715836804], [-117.25850173701468, 32.913978421683275], [-117.2585483861505, 32.91393605665749], [-117.25860348428117, 32.913927489414554], [-117.25865547705462, 32.91399923783737], [-117.25862232248515, 32.91408666243877], [-117.25850066848197, 32.91418554120263], [-117.2584874564695, 32.91423769924698], [-117.25859221874063, 32.91457663884694], [-117.25906036561481, 32.917409759094625], [-117.25928075175548, 32.921773243398874], [-117.2595818625103, 32.926047497931734], [-117.26075438040537, 32.93455577046822], [-117.25990396749245, 32.93460955163756], [-117.25889121759096, 32.93537432376672], [-117.25754455051734, 32.93394901868185], [-117.25654805935886, 32.93449389634665], [-117.24652550379766, 32.92975971705017], [-117.2469505258002, 32.931871974013504], [-117.24372476073212, 32.93019382351766], [-117.24137907572884, 32.93163954784269], [-117.24102213524539, 32.931882847705836], [-117.23835318304894, 32.93353528657366], [-117.23330134764818, 32.9356839546826], [-117.2287672086096, 32.93726681272576], [-117.22489284233784, 32.93868904276636], [-117.22288623241452, 32.93968696102076], [-117.22217490822992, 32.94032381465221], [-117.22121135040254, 32.940755347370484], [-117.2143676648502, 32.94374776540704], [-117.20546657453926, 32.94807123871029], [-117.20431970693532, 32.948783174842205], [-117.20301290156264, 32.94950649601086], [-117.20154137499068, 32.94989373583479], [-117.1940708410683, 32.95143227821368], [-117.18303765778971, 32.953809040596376], [-117.16975030158542, 32.956323568835515], [-117.16959954964089, 32.94815465216174], [-117.1695226373048, 32.94655784492194], [-117.16856811757842, 32.93806592449216], [-117.16935081978589, 32.93814804612068], [-117.16910813647239, 32.930564401483856], [-117.1647489085579, 32.93431610226621], [-117.15811499669313, 32.936472733980416], [-117.14963540473777, 32.93917680381356], [-117.14621520485176, 32.93963729708824], [-117.14406582990789, 32.93992425253955], [-117.13850499868329, 32.9406372456878], [-117.1291699095818, 32.94194544124433], [-117.12901305168516, 32.94195933490677], [-117.11836303153251, 32.94309286106207], [-117.11580359011391, 32.94297896195301], [-117.10910273182951, 32.94336156233522], [-117.10730331955178, 32.94287730882252], [-117.10583202864127, 32.9424813353033], [-117.09734264710036, 32.94255865701059], [-117.09268539217572, 32.9426122367521], [-117.0880971505039, 32.9404806742145], [-117.0859598676721, 32.939494931165115], [-117.08424363065494, 32.938703338449905], [-117.08130955564245, 32.93867647747581], [-117.07667855773157, 32.93431070563141], [-117.07449568763381, 32.9343902225404], [-117.07388729430761, 32.934478153001635], [-117.07225555587576, 32.93471397222572], [-117.06882490954325, 32.93475293945702], [-117.06818201863706, 32.93468756387873], [-117.0665423325496, 32.93455661968475], [-117.06103313640035, 32.934933517446275], [-117.05817037459408, 32.931494139943005], [-117.05619993797039, 32.92865183889923], [-117.05549490421593, 32.92653101679919], [-117.04677953371423, 32.926219749925274], [-117.04566001731207, 32.926331833416725], [-117.03466475725065, 32.92743691810493], [-117.03343374273986, 32.92728729243424], [-117.03256102983119, 32.926542106788474], [-117.03156068385107, 32.92660159328227], [-117.03154028202862, 32.927591765768696], [-117.0315269037827, 32.929150109978885], [-117.02706512203773, 32.931635142748306], [-117.02627854763327, 32.93313244624087], [-117.02328061248029, 32.934602174930255], [-117.01522051139658, 32.93704151404808], [-117.0141581821233, 32.93738176962942], [-117.001661465176, 32.943161841100824], [-116.98407330106146, 32.9300918303122], [-116.98933781562312, 32.90501593433456], [-116.99323725555858, 32.90581164177157], [-117.00079315684084, 32.90375764060157], [-117.0131278514397, 32.9030443974552], [-117.03198357660176, 32.902574920360344], [-117.03606183229923, 32.89059028476707], [-117.03529384809265, 32.87668432041112], [-117.04473682912834, 32.8747210255359], [-117.04258177578197, 32.870427674691875], [-117.03585902566734, 32.87145928792054], [-117.0387526143656, 32.85952783407605], [-117.03600729915917, 32.84773615669079], [-117.05063009362605, 32.849734674061494], [-117.05102807099735, 32.847047324462096], [-117.03544957717276, 32.84439748510196], [-117.05065668636614, 32.831921736681466], [-117.05324848742028, 32.82676502814633], [-117.05419220214743, 32.82432487799191], [-117.05511904169947, 32.82394990740873], [-117.05828196573812, 32.82432558929945], [-117.06038641069202, 32.82243887466174], [-117.0634904312006, 32.81966655550913], [-117.06461530031255, 32.81866049622064], [-117.06883454872703, 32.81488851318319], [-117.07156392550367, 32.81218311616056], [-117.07300933325804, 32.811155468696896], [-117.07339154848711, 32.810931313875365], [-117.07705742992385, 32.809984439180646], [-117.0785362955469, 32.80925120940955], [-117.08022066452597, 32.80840939577054], [-117.08608285161077, 32.81418703508194], [-117.087266737911, 32.81505029327034], [-117.0886041100007, 32.81619309002524], [-117.08966111103226, 32.81528809331326], [-117.08279684704665, 32.80702655049212], [-117.08437149458669, 32.8064703270931], [-117.08793015387946, 32.80605395178311], [-117.08969883657427, 32.80620409649906], [-117.09207888589688, 32.80703531254438], [-117.09470787064271, 32.80617352148979], [-117.09511258738301, 32.803619182270126], [-117.09763308474508, 32.80354915530029], [-117.09752491008595, 32.79954977133668], [-117.09578623458249, 32.79949681591757], [-117.09745119215681, 32.795696619166556], [-117.09803224173255, 32.794540631830934], [-117.09919137964057, 32.79370114539242], [-117.10213915649368, 32.79579673505991], [-117.10472829326385, 32.79524865740856], [-117.10473562444442, 32.79220774863225], [-117.1025960240008, 32.79090357104506], [-117.1028359307675, 32.79024643556487], [-117.10353581086521, 32.78949167203119], [-117.10356073323342, 32.788215075265626], [-117.10359868034047, 32.785337336646805], [-117.10359956704768, 32.784703763216555], [-117.10359599374158, 32.78434834427066], [-117.10406778348819, 32.78400173607447], [-117.10616389301134, 32.78395976785968], [-117.1062176744637, 32.78325891377076], [-117.105868734529, 32.78325792463169], [-117.10583013366924, 32.783228683200065], [-117.10372082288349, 32.78325248545733], [-117.10449822938862, 32.781462952605814], [-117.10570005380683, 32.78047026580258], [-117.11070176559294, 32.78024558881399], [-117.11222137342484, 32.78106458175222], [-117.11258273551014, 32.7810323803636], [-117.11305117718933, 32.78098766319376], [-117.11243696810055, 32.77901505496774], [-117.1165946250493, 32.77849857948827], [-117.11965081686405, 32.77748329630584], [-117.124350678502, 32.77508707903641], [-117.12739707871505, 32.77339810729276], [-117.13079246455328, 32.772072383392924], [-117.13772907998525, 32.77047515719245], [-117.14236634401257, 32.769117470206545], [-117.14290909413309, 32.76887633752185], [-117.14717807001485, 32.76706703877678], [-117.15346376629553, 32.76554923026661], [-117.15438653973565, 32.765326322707594], [-117.15726816067213, 32.764630179637244], [-117.15805185925949, 32.763826042106245], [-117.15952670407232, 32.763557795420525], [-117.16136413797076, 32.763484702250096], [-117.16334950512521, 32.762618462868225], [-117.16477691625785, 32.76203811854574], [-117.1659774723426, 32.76143207208961], [-117.17320705570515, 32.75978352100124], [-117.17593280614096, 32.759160544813895], [-117.18684786401622, 32.75969490294246], [-117.19470662778747, 32.76066899614203], [-117.19559875274881, 32.75918584118439], [-117.19621812900138, 32.758850174624406], [-117.19817274961454, 32.75536270486416], [-117.19830217734919, 32.753015096481946], [-117.19832666858079, 32.75240742262338], [-117.19722426554756, 32.75123553441596], [-117.19622059986706, 32.74988424120248], [-117.1953250600305, 32.74918267618881], [-117.19434384220445, 32.74835608720478], [-117.19364516212144, 32.747868247307395], [-117.19264864314759, 32.747306192686736], [-117.18454364746894, 32.74349474077967], [-117.18359092054091, 32.74303313849899], [-117.18255219758171, 32.74254952661521], [-117.18161079610212, 32.74214998519434], [-117.18031697438765, 32.741429473591445], [-117.17930449362416, 32.740566839203126], [-117.17857421389029, 32.73970631924362], [-117.17675222542651, 32.73760760350516], [-117.17057030639431, 32.73047817888381], [-117.1746448595605, 32.729185895140304], [-117.17936110207464, 32.72768768617664], [-117.17911072065463, 32.727149379136485], [-117.1792579648873, 32.72615193094532], [-117.18625162192777, 32.717397470424146], [-117.20620570144932, 32.71980001884345], [-117.20935852287239, 32.718200229662614], [-117.21007617123588, 32.71782451248393], [-117.23130956200377, 32.703726487118615], [-117.23042945660178, 32.6805046554619], [-117.225556122085, 32.671432111270875], [-117.23635053091196, 32.671269598458075], [-117.2364341708739, 32.67119305155516], [-117.23648762315851, 32.6710915788057], [-117.23654379091467, 32.67102183921243], [-117.23682553622464, 32.670794231338334], [-117.2372157787555, 32.67038473735946], [-117.23732189959274, 32.670218425560606], [-117.23739675498281, 32.66980497038908], [-117.23738609509842, 32.66960757393314], [-117.23733131995479, 32.66941998585214], [-117.2372519261444, 32.669021673216065], [-117.23718338860634, 32.6688528580727], [-117.23708391873622, 32.668629126546534], [-117.23706286936897, 32.66834243172464], [-117.23713643408287, 32.66810107028202], [-117.23727159191627, 32.66793078988872], [-117.23750923912714, 32.66776936141492], [-117.23768248712992, 32.667599735003115], [-117.23797033277296, 32.667066660803286], [-117.23810765734137, 32.666913154900506], [-117.23860371206376, 32.66654733235092], [-117.23871871445672, 32.666420198762765], [-117.23895305472723, 32.666227673190434], [-117.23898728926282, 32.66611389202766], [-117.23905068695721, 32.66604159110356], [-117.23919673969421, 32.665959585956045], [-117.23947751530339, 32.665878008607585], [-117.24024774635885, 32.665763941227375], [-117.24076603219132, 32.665625561798734], [-117.24157399276518, 32.66531473402362], [-117.24210900803516, 32.66525134201583], [-117.2422506704347, 32.66520906254402], [-117.24233819333047, 32.66515730636082], [-117.24240188553244, 32.66508754680747], [-117.24243868201695, 32.66500143748559], [-117.24246545641391, 32.664963158359036], [-117.2424935427791, 32.66494040503225], [-117.242624558597, 32.66489582861194], [-117.2426539603527, 32.664878625136716], [-117.24273023886995, 32.66484384266845], [-117.24280781604267, 32.66485826839819], [-117.2428637927168, 32.66490142764952], [-117.24300092894683, 32.66508993258885], [-117.24303103877692, 32.665123949129196], [-117.24318426875362, 32.66524721916053], [-117.24320707408857, 32.665273452788384], [-117.24337614604828, 32.66532145691012], [-117.2434147783736, 32.66531649248858], [-117.2434568101195, 32.66534168445353], [-117.24359200021301, 32.665512621515425], [-117.2436727767062, 32.665580340139755], [-117.24372140166906, 32.6656406648107], [-117.24377731863754, 32.665697028806086], [-117.24391184527504, 32.66589963235219], [-117.2440259851021, 32.66594764897316], [-117.24406357342357, 32.665972469961474], [-117.24411138405902, 32.66597795794596], [-117.24415129252651, 32.666003223718825], [-117.24431174415587, 32.6661660725843], [-117.24439256301955, 32.666193187562676], [-117.24446908131758, 32.666272027742444], [-117.2446391690296, 32.66635958743101], [-117.24468128257897, 32.666421826235776], [-117.24470489270352, 32.666575950082745], [-117.24486385454993, 32.666680431368285], [-117.24495386598441, 32.66686728954568], [-117.24522448486073, 32.66764161440996], [-117.24522521481546, 32.66790880389252], [-117.24499475399612, 32.66834566566602], [-117.24506416888944, 32.6687017851692], [-117.24545462104123, 32.6690127448233], [-117.24579794790395, 32.669417312471786], [-117.2455536633975, 32.67057561742703], [-117.24566477638143, 32.67077579413804], [-117.2457407780758, 32.67161284242925], [-117.24570116795167, 32.672530275298385], [-117.24567112643827, 32.673095887395995], [-117.24577851300444, 32.6738571709658], [-117.24606332050742, 32.67403474019111], [-117.24653316857994, 32.674488041677435], [-117.2470839973909, 32.67566705013957], [-117.24735547238943, 32.67673527784339], [-117.24708232476989, 32.67697183469873], [-117.24720893840662, 32.67706064826899], [-117.24748248275759, 32.67713868579575], [-117.24772041417351, 32.67732683053552], [-117.24774531435602, 32.677705062490816], [-117.24768020873033, 32.67802160466563], [-117.2479968458527, 32.678247080307486], [-117.24813977741074, 32.678555077844074], [-117.24827794773391, 32.67901348162427], [-117.2483739576836, 32.67945860961986], [-117.2486171330093, 32.67980547479554], [-117.24878159790904, 32.680250466047895], [-117.24884594595497, 32.6806689369415], [-117.24857787164463, 32.68083868921251], [-117.24843631606964, 32.68106162836035], [-117.2485836294632, 32.681016804398915], [-117.24883119819285, 32.68104748604114], [-117.24896837594197, 32.681145183892475], [-117.24895924123079, 32.68164841044016], [-117.24876008604654, 32.68198724637672], [-117.24861822128497, 32.68209885653931], [-117.24857030835419, 32.68233629929792], [-117.24889324605067, 32.68253472232709], [-117.24902498630017, 32.68257008722016], [-117.24920907433739, 32.682494017269796], [-117.24944086369332, 32.682529181165044], [-117.24976271362706, 32.68276010653425], [-117.2501492066545, 32.68351192224036], [-117.25006716495521, 32.68430475037262], [-117.24986328675996, 32.684839537073], [-117.25014354091238, 32.68525757608657], [-117.25065388873847, 32.68698438664447], [-117.25046077653097, 32.68760376321129], [-117.25030570557458, 32.68864611420747], [-117.25051813726144, 32.68928694589656], [-117.25186276989702, 32.691036552977934], [-117.2522770101473, 32.69115820437365], [-117.25254123429745, 32.69148275362427], [-117.25267905873112, 32.69180310449287], [-117.25301096826003, 32.691851420167204], [-117.25325925960122, 32.692127014980315], [-117.2532023240917, 32.6924789298727], [-117.25316664181793, 32.69289759843523], [-117.2530621205989, 32.69318281201251], [-117.2531056214785, 32.693668119225734], [-117.25322780167124, 32.694041938325036], [-117.25344435077832, 32.69426415908054], [-117.25382894656593, 32.69431682017525], [-117.25402414248953, 32.694436660093686], [-117.25413603642214, 32.69489510997833], [-117.25407915261427, 32.69526483688865], [-117.25408155700852, 32.695696479518574], [-117.25453709528092, 32.697036266599625], [-117.25482014274043, 32.69841617180135], [-117.25534260196306, 32.6987891747949], [-117.25558080539808, 32.69921173940932], [-117.25551845594299, 32.699510227537], [-117.25530837310436, 32.69971550119569], [-117.2552720134949, 32.69989370217207], [-117.25538330988128, 32.7001383990116], [-117.25544838795184, 32.700797333804125], [-117.25539750992478, 32.70142533284518], [-117.2553144839514, 32.70186191123217], [-117.25537402933332, 32.70242734057289], [-117.25573000643537, 32.70351318546836], [-117.25586425898516, 32.70441690290616], [-117.25583925178087, 32.7067281410006], [-117.25572479906315, 32.70722712784685], [-117.2556844016067, 32.70783729156043], [-117.25552346902876, 32.70866145303186], [-117.25558387122487, 32.709525241006745], [-117.25619381810795, 32.71099798891926], [-117.25623725536136, 32.711452122070035], [-117.25639676639463, 32.71197281461198], [-117.2563451237254, 32.71233362557249], [-117.25645210349016, 32.712903410275764], [-117.25653964584052, 32.71404323715171], [-117.25666764733022, 32.71459516467583], [-117.25663758525253, 32.71513405802543], [-117.25650695299879, 32.71550393599765], [-117.25620710682593, 32.71564704952129], [-117.25603453617552, 32.716088263411216], [-117.2560469535796, 32.71674730352757], [-117.25647647751705, 32.717739477781535], [-117.25665760858664, 32.71844715781244], [-117.25689525852174, 32.718655968735035], [-117.25696950576655, 32.718829489546664], [-117.2568804007511, 32.7189855311905], [-117.25693352493042, 32.719141282643825], [-117.25716054010162, 32.71931449051262], [-117.2573514734834, 32.71976386606217], [-117.25740100728567, 32.72050298609609], [-117.25733596504446, 32.72170101563484], [-117.25735463515393, 32.72269848120764], [-117.25760835844575, 32.72299632012491], [-117.25760975426711, 32.7234817100452], [-117.25795374284654, 32.724024285240766], [-117.2578967551792, 32.724358388547614], [-117.25799301738452, 32.72485694267518], [-117.25841049836247, 32.725305849566176], [-117.25840064316048, 32.725541886780825], [-117.25827987290548, 32.7256801827174], [-117.25726411961327, 32.726034069252805], [-117.25661781166885, 32.726623207695965], [-117.25592994684034, 32.72742172624672], [-117.25603666264723, 32.727893541104656], [-117.25634907375273, 32.728445090971334], [-117.25637806716509, 32.72937128429357], [-117.25653702532554, 32.72968713200642], [-117.25701743789891, 32.73002904010468], [-117.25737690845679, 32.730451350662825], [-117.25742508040639, 32.73071398625102], [-117.25723046547809, 32.7308257140562], [-117.25707234618073, 32.73080377359029], [-117.25696129860582, 32.730661500689294], [-117.25685060884483, 32.730643914066825], [-117.25700513336547, 32.731249223843044], [-117.25726951924015, 32.731582666872455], [-117.2571590970263, 32.731658597522085], [-117.25689536269569, 32.731552262622415], [-117.2568217309144, 32.73159694457303], [-117.25698570809044, 32.73182371958311], [-117.25703901975888, 32.732041812992875], [-117.25690823753469, 32.732367160536384], [-117.25673996173576, 32.732478833339506], [-117.25674563793639, 32.73262132245884], [-117.2569301803144, 32.732669928379124], [-117.25715719201007, 32.7328297755836], [-117.2572215152066, 32.733212613630144], [-117.25722251332658, 32.73355995607844], [-117.25695443634187, 32.73377870880307], [-117.25668593718265, 32.7338505090978], [-117.25660748130741, 32.734051061062694], [-117.2567028923639, 32.73425125671444], [-117.25667219937709, 32.73457194529199], [-117.25666735133568, 32.734718908530745], [-117.25646024452504, 32.73476573130059], [-117.25629846330118, 32.73469294468231], [-117.25618829167526, 32.73485793576591], [-117.25614167544434, 32.73513857831672], [-117.25615800405217, 32.735321124192915], [-117.2563798908718, 32.73552996685451], [-117.25621233571042, 32.73589546689832], [-117.25590547008481, 32.73601177212318], [-117.25585091275244, 32.73663987821594], [-117.2554255080477, 32.73712168311976], [-117.25546988189274, 32.737900891144896], [-117.25537073862309, 32.738239531573186], [-117.25536284092017, 32.73916579880356], [-117.25532802919402, 32.73989172969026], [-117.25557536115144, 32.74162794620612], [-117.2552835153633, 32.74275963555899], [-117.25535410976312, 32.743494257997796], [-117.25550820167797, 32.74394370947421], [-117.25560033554011, 32.744838600444], [-117.25539126543734, 32.74543574599318], [-117.25525720776058, 32.746469143431426], [-117.2549263493222, 32.746861691395885], [-117.25436829488714, 32.747040951510236], [-117.25395147508735, 32.746854764152765], [-117.25363917037761, 32.74713274401433], [-117.25861851463198, 32.75015809273989], [-117.25902689016634, 32.749921791656746], [-117.25913328737609, 32.749813861261856], [-117.25924482373661, 32.74943288898546], [-117.25932492763364, 32.74945777146909], [-117.25918379461417, 32.74985383521086], [-117.25905372681471, 32.74997684325033], [-117.25864574425835, 32.75021574212873], [-117.25845053602393, 32.75074458238082], [-117.25838018869928, 32.750715039658225], [-117.2585684384426, 32.75020996394027], [-117.25768939421968, 32.74969660407131], [-117.25764803271618, 32.749744282050955], [-117.25731546372111, 32.749542069282754], [-117.25735975297601, 32.74948186153913], [-117.25360345058496, 32.747178814864746], [-117.25346828985892, 32.74731602355748], [-117.25300468465772, 32.74788855093969], [-117.2528217360155, 32.74841438868828], [-117.25271198074763, 32.748735234852745], [-117.25260780845821, 32.749167397317095], [-117.252545804309, 32.74960392860759], [-117.25239902413983, 32.75022789719031], [-117.25280855055475, 32.75138167991482], [-117.25339178350531, 32.75139831381719], [-117.25337798369911, 32.751487404151945], [-117.25280402930761, 32.75147371985923], [-117.25271868441396, 32.751904359475695], [-117.25275611360001, 32.75271772156635], [-117.25302010256715, 32.754136249888006], [-117.25361018518302, 32.75656349125698], [-117.25920145616826, 32.75586923983884], [-117.25923002664253, 32.756029494308564], [-117.25363165339334, 32.756700010259046], [-117.2539521764022, 32.75904730903267], [-117.26030241129074, 32.75832177998332], [-117.26033089947913, 32.75845234620692]]]]}, "properties": {"AdminID": "Beach Cities", "UtilityID": "SDGE", "AreaType": "District", "SubareaType": "Operational", "Name": "Beach Cities District", "Shape_Area": 4643260861.516677}}, {"type": "Feature", "geometry": {"type": "MultiPolygon", "coordinates": [[[[-117.06932703782711, 32.77926629020763], [-117.06645982142412, 32.77933750677763], [-117.06700305194141, 32.77874057427794], [-117.06775831341105, 32.77723943908282], [-117.06790610067446, 32.77633695279228], [-117.06776994107021, 32.77509993524637], [-117.06795266159043, 32.77434395560288], [-117.06991524689388, 32.77267908616033], [-117.06984584554428, 32.770687053000444], [-117.06764364309687, 32.766915258284904], [-117.06754511811947, 32.76688273784398], [-117.06682686272596, 32.76555891692176], [-117.06680084169396, 32.76275534821161], [-117.06679512935055, 32.762139970546585], [-117.06701756697922, 32.76140838640665], [-117.06702438948444, 32.761288443237774], [-117.06707175615708, 32.76074739982192], [-117.06681039835502, 32.76037227307213], [-117.06640472336325, 32.759790000486284], [-117.06636948786115, 32.759632403961504], [-117.06630409032384, 32.75942055574326], [-117.06630578708481, 32.75865827616547], [-117.0662013542869, 32.75865674864356], [-117.06623267714987, 32.75809937488221], [-117.06618329327543, 32.756830466605365], [-117.06590673504508, 32.755940216924444], [-117.06454852563357, 32.75311442713798], [-117.06412400189761, 32.75223549819996], [-117.0628879221934, 32.75081717883251], [-117.06176633639083, 32.74734769100669], [-117.06124160125685, 32.74674922296905], [-117.06044450859109, 32.746224408587906], [-117.05915063618767, 32.74578504154276], [-117.05875429309764, 32.745683565441766], [-117.05827349033486, 32.7455670479265], [-117.05810514357498, 32.745520962739434], [-117.05305442835312, 32.74412333400893], [-117.05066511043047, 32.74190672913597], [-117.05282491466969, 32.74015839497644], [-117.05744657335775, 32.735151005211954], [-117.05898868161812, 32.73347029568359], [-117.06120486899603, 32.73172980218088], [-117.06081354560953, 32.731343651536854], [-117.06050663796387, 32.730994112710505], [-117.05976118576092, 32.73053151677632], [-117.05851141082728, 32.73049621352576], [-117.05825750638418, 32.730698640931756], [-117.05824569283855, 32.73072422232504], [-117.05820530082454, 32.730734356712595], [-117.05818639278685, 32.73064229881444], [-117.0581536294835, 32.73028943926871], [-117.05752772211297, 32.729892258522774], [-117.05754462445739, 32.729673761255995], [-117.04963550564199, 32.72972708915956], [-117.04963676849489, 32.72994998146146], [-117.04912929763202, 32.729946497085514], [-117.0491325285446, 32.72904228822118], [-117.04913273316502, 32.72688025781874], [-117.04903557503728, 32.72678828254366], [-117.04905045354467, 32.72279783082333], [-117.04923973141806, 32.72273866151853], [-117.0492080515634, 32.720201845207626], [-117.04902482492177, 32.72003287067189], [-117.04919257810056, 32.71983020042872], [-117.04914947960626, 32.71808551413579], [-117.04918442287433, 32.718089459383044], [-117.04916535100469, 32.7156838133348], [-117.0491490913257, 32.71512696901455], [-117.04890053099831, 32.715127475420445], [-117.04890061410623, 32.71497209878622], [-117.04868173996202, 32.71497345972641], [-117.0486785724778, 32.71515233767943], [-117.04644506177799, 32.715159866677546], [-117.045740578342, 32.71600235495107], [-117.04187264962798, 32.72063430834923], [-117.04072808488549, 32.71984823415972], [-117.04039527746775, 32.72018725264672], [-117.03870474647877, 32.71950461814605], [-117.03825836800328, 32.7204486007294], [-117.0377534483469, 32.72071492568091], [-117.03757487134763, 32.72070497837992], [-117.03752888563639, 32.72048017878716], [-117.03715110033343, 32.720231464515635], [-117.03668282757052, 32.720340804703184], [-117.03643650891964, 32.720645161275215], [-117.0365116621634, 32.721100767015216], [-117.0352897132992, 32.721248889449384], [-117.03534419744251, 32.72033434040392], [-117.03460024812222, 32.720300322119435], [-117.03443229327499, 32.71867555417066], [-117.03468402667704, 32.71866436306491], [-117.03468541423496, 32.7179120524391], [-117.03468785312737, 32.717023746221976], [-117.03469059393703, 32.71666490305235], [-117.03258582472074, 32.715333836943536], [-117.03194840837716, 32.71550383280528], [-117.03194601747039, 32.72038062637344], [-117.03020927055367, 32.72032740721134], [-117.03023025529767, 32.72179741403348], [-117.02842237303547, 32.721797239606076], [-117.02840701885536, 32.71891476389881], [-117.02668074793857, 32.71890182549007], [-117.02633761824718, 32.719239624288505], [-117.02547618958383, 32.719263634241145], [-117.02507085843501, 32.718676027967255], [-117.02326845077219, 32.71842320213716], [-117.02299668410542, 32.718139053716754], [-117.02307915408392, 32.71481039762419], [-117.02047521794191, 32.7148122480956], [-117.020273463776, 32.71459479370167], [-117.02012590176014, 32.71373172593235], [-117.01816934684733, 32.70833422445979], [-117.0206474836894, 32.707535906740226], [-117.01997343203517, 32.70585542668423], [-117.02076365098462, 32.705658749042456], [-117.0211647379556, 32.704841527397754], [-117.0210278572284, 32.70443011031472], [-117.02127123090388, 32.7038269606995], [-117.01996430321822, 32.701608567008826], [-117.01950679322029, 32.700341804928634], [-117.0198297319342, 32.700233453849854], [-117.02517870291395, 32.69872250234571], [-117.0248577390092, 32.697825007547706], [-117.02457716665927, 32.69708057014082], [-117.02280263609657, 32.69645753215879], [-117.02234332445425, 32.695566045922405], [-117.0219477988174, 32.69460267817422], [-117.02212904713306, 32.6935803992946], [-117.02205848325009, 32.693316985274905], [-117.02232918917478, 32.692903199204245], [-117.02293519679664, 32.69278566621616], [-117.0214565006214, 32.68828722480622], [-117.0191002792682, 32.68875859864776], [-117.0185255463312, 32.68887531718736], [-117.01685490117103, 32.68936704001684], [-117.01518295905986, 32.68994265954548], [-117.01417521213983, 32.6897520366757], [-117.01183762736157, 32.69021066504758], [-117.00823674841739, 32.69090447966619], [-116.99915295683257, 32.691924868472164], [-116.9906912974234, 32.693751233654275], [-116.98468079101762, 32.696520997743875], [-116.98009498570457, 32.70349302364383], [-116.97807920550555, 32.706550523957475], [-116.97262099366777, 32.708757713427076], [-116.96991364480712, 32.708597913007594], [-116.97006200026344, 32.685335222830034], [-116.95543517689919, 32.67974936825188], [-116.94806511568528, 32.67693133975549], [-116.94554949518792, 32.67708520367525], [-116.94332142083731, 32.67595214374237], [-116.94031434624002, 32.67838211140223], [-116.93361130362514, 32.67995506755684], [-116.93164702015702, 32.6793809514296], [-116.93187170142278, 32.671165445462265], [-116.92277900237654, 32.66635094720787], [-116.89895537623931, 32.644612112760136], [-116.89134401930798, 32.63759853798005], [-116.88599074647009, 32.6326662365255], [-116.88102859891974, 32.62809352651155], [-116.84495349977354, 32.59484296425056], [-116.84673321434897, 32.593961136731856], [-116.84505145829667, 32.59373275434107], [-116.84388836197436, 32.59385396998846], [-116.82386919496012, 32.57530144947206], [-116.82407595320103, 32.559549059557646], [-117.0089095551486, 32.54420734210451], [-117.02193128896354, 32.54309429642387], [-117.02192851411795, 32.54277683094642], [-117.02724953572928, 32.542342431387944], [-117.02727670290646, 32.54263617512236], [-117.03002437850701, 32.54240128667856], [-117.03938828602737, 32.54159854573895], [-117.03990901928897, 32.540951406556424], [-117.0624935596104, 32.53911111979479], [-117.06833600573954, 32.54004000763441], [-117.06941705512752, 32.53902973285812], [-117.12473412365509, 32.53427325082885], [-117.1255183826223, 32.54458611935262], [-117.12571133824316, 32.54667167361471], [-117.1270550403014, 32.55103297644849], [-117.1283382647672, 32.55403285893216], [-117.12985611706739, 32.55693310868868], [-117.13065570537307, 32.55807511478261], [-117.13302054535987, 32.56665812254873], [-117.13246301764975, 32.57358464772598], [-117.13239339613988, 32.57562504820069], [-117.1324693557856, 32.57699574319358], [-117.1328405233782, 32.577988555871286], [-117.13284301454405, 32.579516047717995], [-117.13718993300793, 32.57952395519738], [-117.13718697089847, 32.579408404242265], [-117.13734063042047, 32.57941059438931], [-117.1375265043414, 32.579533019963], [-117.13739671951528, 32.57966207994373], [-117.13722589751814, 32.579668555168034], [-117.13722577274284, 32.5795868030829], [-117.132843132551, 32.57958836613706], [-117.13285016521169, 32.58389986455839], [-117.13372536347708, 32.58390837037308], [-117.13372917046821, 32.58397125281488], [-117.13285029824188, 32.583981618261], [-117.13285306895, 32.58568030076044], [-117.13277029842588, 32.58756876670326], [-117.13377558340711, 32.58757608539445], [-117.13377568345645, 32.587643164343916], [-117.13278035704064, 32.58767356720475], [-117.132928592838, 32.59543585410784], [-117.13396260476551, 32.60572356735139], [-117.1361408572881, 32.61649952587108], [-117.13671776802342, 32.61685916636615], [-117.13669367743748, 32.61701359272041], [-117.13656009293841, 32.61714755170967], [-117.13787607734014, 32.622408306136634], [-117.1419283241868, 32.63245619178195], [-117.14727921765696, 32.64252681229278], [-117.1527448514205, 32.65152349353254], [-117.15560839895316, 32.65632656294761], [-117.16072616534376, 32.66342019350631], [-117.16503228057684, 32.667928395860045], [-117.17149410555247, 32.67339697636527], [-117.17714343048331, 32.67767625758832], [-117.17863865407573, 32.6787194013075], [-117.17904919871657, 32.678608807079804], [-117.1794393439738, 32.67856771993014], [-117.17985712730707, 32.678653970446454], [-117.18002852309415, 32.67877531393939], [-117.1800018009805, 32.67910537943682], [-117.18018722691707, 32.67939461119412], [-117.18447860181597, 32.6819751963263], [-117.18805271443064, 32.683822672228715], [-117.19108992909459, 32.68497092642771], [-117.19415325629866, 32.68575483363106], [-117.2036176266119, 32.6714884420457], [-117.225556122085, 32.671432111270875], [-117.23042945660178, 32.6805046554619], [-117.23130956200377, 32.703726487118615], [-117.21007617123588, 32.71782451248393], [-117.20935852287239, 32.718200229662614], [-117.20620570144932, 32.71980001884345], [-117.18625162192777, 32.717397470424146], [-117.1792579648873, 32.72615193094532], [-117.17911072065463, 32.727149379136485], [-117.17936110207464, 32.72768768617664], [-117.1746448595605, 32.729185895140304], [-117.17057030639431, 32.73047817888381], [-117.17675222542651, 32.73760760350516], [-117.17857421389029, 32.73970631924362], [-117.17930449362416, 32.740566839203126], [-117.18031697438765, 32.741429473591445], [-117.18161079610212, 32.74214998519434], [-117.18255219758171, 32.74254952661521], [-117.18359092054091, 32.74303313849899], [-117.18454364746894, 32.74349474077967], [-117.19264864314759, 32.747306192686736], [-117.19364516212144, 32.747868247307395], [-117.19434384220445, 32.74835608720478], [-117.1953250600305, 32.74918267618881], [-117.19622059986706, 32.74988424120248], [-117.19722426554756, 32.75123553441596], [-117.19832666858079, 32.75240742262338], [-117.19830217734919, 32.753015096481946], [-117.19817274961454, 32.75536270486416], [-117.19621812900138, 32.758850174624406], [-117.19559875274881, 32.75918584118439], [-117.19470662778747, 32.76066899614203], [-117.18684786401622, 32.75969490294246], [-117.17593280614096, 32.759160544813895], [-117.17320705570515, 32.75978352100124], [-117.1659774723426, 32.76143207208961], [-117.16477691625785, 32.76203811854574], [-117.16334950512521, 32.762618462868225], [-117.16136413797076, 32.763484702250096], [-117.15952670407232, 32.763557795420525], [-117.15805185925949, 32.763826042106245], [-117.15726816067213, 32.764630179637244], [-117.15438653973565, 32.765326322707594], [-117.15346376629553, 32.76554923026661], [-117.14717807001485, 32.76706703877678], [-117.14290909413309, 32.76887633752185], [-117.14236634401257, 32.769117470206545], [-117.13772907998525, 32.77047515719245], [-117.13079246455328, 32.772072383392924], [-117.12739707871505, 32.77339810729276], [-117.124350678502, 32.77508707903641], [-117.11965081686405, 32.77748329630584], [-117.1165946250493, 32.77849857948827], [-117.11243696810055, 32.77901505496774], [-117.1019565157957, 32.77894530059763], [-117.08953341359326, 32.7807550953875], [-117.08778874267547, 32.78100504352563], [-117.07689005545184, 32.77974923567792], [-117.06932703782711, 32.77926629020763]]]]}, "properties": {"AdminID": "Metro", "UtilityID": "SDGE", "AreaType": "District", "SubareaType": "Operational", "Name": "Metro District", "Shape_Area": 5824860521.145771}}, {"type": "Feature", "geometry": {"type": "MultiPolygon", "coordinates": [[[[-116.7264626908864, 33.42762881614443], [-116.68929081852687, 33.42658478374612], [-116.65453111097736, 33.426433268217785], [-116.53738293088169, 33.426141819075276], [-116.46796488797038, 33.42622416937741], [-116.36760026254231, 33.426407687814326], [-116.20964299527607, 33.42653243869537], [-116.21154955650884, 33.326350858732894], [-116.21056597015604, 33.30091274103401], [-116.20927224006726, 33.26743449707346], [-116.20709015527937, 33.21091906503785], [-116.23263900498594, 33.17374906746693], [-116.24446509697543, 33.156531135944526], [-116.27742188352758, 33.077961077579126], [-116.2777592488007, 33.02568880387364], [-116.27524846279384, 33.02411570695778], [-116.24622449986192, 32.99773466347679], [-116.21915965973325, 32.9731142483304], [-116.1942797685989, 32.95046433133489], [-116.16948511259874, 32.92949221920287], [-116.14909740363345, 32.91223662428255], [-116.13812580365486, 32.9029464489291], [-116.13839167901186, 32.88409686777712], [-116.13917268505352, 32.8286415405165], [-116.13936644930682, 32.81486374335102], [-116.10388205397115, 32.814027308773255], [-116.10328706150722, 32.72587445882237], [-116.10582509354977, 32.7258421067979], [-116.19829937111517, 32.78347773470537], [-116.27153998830022, 32.83287491753464], [-116.37190483741134, 32.89986597073387], [-116.42805540253653, 32.942251220438116], [-116.45559689905416, 32.96391870757507], [-116.4824045071355, 32.98513995712487], [-116.52387054926903, 32.985164107480244], [-116.53521184374772, 32.99320600407797], [-116.55951169570292, 33.01042815621374], [-116.56402638203755, 33.01189287148209], [-116.57539645544527, 33.01236643592801], [-116.59274620091166, 33.01175071409281], [-116.60025228144617, 33.01085843913254], [-116.61590439674197, 33.0101495501836], [-116.65615750250096, 33.00831734372765], [-116.69471689635849, 33.006549955780294], [-116.69972996930078, 33.00358530280814], [-116.73205558525237, 32.984458750397536], [-116.76118724499761, 32.984112996545406], [-116.76731077264847, 32.975449040480456], [-116.77656592788018, 32.97521082661431], [-116.80254489790399, 32.9594766768016], [-116.80838053694823, 32.9620054845121], [-116.80798902958902, 32.9841908571362], [-116.82481680344897, 32.984427826013224], [-116.82485209436798, 32.98382991692781], [-116.85082584401773, 32.96173105442967], [-116.85658257276893, 32.95684498697066], [-116.86227023415351, 32.95199527613167], [-116.86273689290091, 32.95223061645323], [-116.86463296246045, 32.95084173188291], [-116.86636437483473, 32.95062308520747], [-116.86610473960829, 32.94871971786072], [-116.88310540993741, 32.935912720732745], [-116.88386896596342, 32.935349954641595], [-116.90170277886519, 32.929271735707424], [-116.915190809348, 32.924377197548004], [-116.93617800758459, 32.925153847968915], [-116.94978693483537, 32.94226214992631], [-116.95956289740559, 32.93803557796992], [-116.97554591184591, 32.95066889574492], [-116.97809718137007, 32.95767036508902], [-116.98119648518654, 32.96709934960401], [-116.9741642132998, 32.97468401136838], [-116.97296051559145, 32.9754039824672], [-116.97552313886384, 32.98276850762656], [-116.9864903318298, 32.98252617312204], [-116.99048178641989, 32.993912049928625], [-116.98675384393727, 32.99426388665014], [-116.9875374246027, 32.99993019112676], [-116.99327163675909, 32.99970206487423], [-116.99693115503581, 33.00710341395558], [-116.99697273107819, 33.011577418585], [-116.99727291119139, 33.02217327750856], [-116.9967949343499, 33.0291114151962], [-116.99646737772728, 33.030119228029754], [-116.99654118717082, 33.03527030435553], [-116.99662609316417, 33.05083310154619], [-116.99662868717256, 33.052428621268554], [-116.99337002655426, 33.062824019734606], [-116.99218862597807, 33.06658033209613], [-116.99319696559428, 33.06806028893101], [-116.99338935785481, 33.073095307537386], [-116.98014401785363, 33.07206381331563], [-116.97707848540132, 33.07308684766405], [-116.97530173137048, 33.067753670648536], [-116.97403484397377, 33.06916266618747], [-116.97341092612625, 33.0743013553074], [-116.9651111861094, 33.07715663676245], [-116.96465033929758, 33.073557039055544], [-116.95395924110701, 33.076463559781374], [-116.95496763288634, 33.08042752520529], [-116.94935074270374, 33.08261904535839], [-116.93891523633296, 33.08461613506287], [-116.9218373133714, 33.08579025192959], [-116.90495660724174, 33.08694834422412], [-116.8935831764955, 33.116084975322515], [-116.88241951063445, 33.143559830007554], [-116.86917115869453, 33.17120932551463], [-116.86386741939071, 33.181603855459606], [-116.86230337689324, 33.18471890504602], [-116.85655548658148, 33.19552906964267], [-116.84427025198899, 33.219925044922306], [-116.8187192964043, 33.265130555926156], [-116.82398673255413, 33.26138609486817], [-116.82751740788868, 33.2637079458214], [-116.81892856397317, 33.2720655446456], [-116.81796087556461, 33.27170911585617], [-116.82127324019206, 33.293184451817], [-116.82310705917631, 33.30460014106791], [-116.82574455804186, 33.32289233511551], [-116.82715249582354, 33.33236230687512], [-116.8278947804964, 33.33715341953563], [-116.83747070517524, 33.41032658920937], [-116.8682229638624, 33.42011203438594], [-116.86799020746321, 33.42673749281488], [-116.86775505685173, 33.433461584915776], [-116.86774993639365, 33.43360764158884], [-116.81827494489848, 33.430831349629166], [-116.7809808923895, 33.42944619287937], [-116.76038657259224, 33.42876249459172], [-116.7264626908864, 33.42762881614443]]]]}, "properties": {"AdminID": "Ramona", "UtilityID": "SDGE", "AreaType": "Sub District", "SubareaType": "Operational", "Name": "Ramona Sub District", "Shape_Area": 36877450566.491425}}, {"type": "Feature", "geometry": {"type": "MultiPolygon", "coordinates": [[[[-116.77924131001932, 32.92631617625077], [-116.78147509279219, 32.90667571158692], [-116.77976397942585, 32.89353269548748], [-116.76532926662989, 32.893035603089196], [-116.7630295822871, 32.89193208281614], [-116.75414923627987, 32.887674444259666], [-116.74473529869888, 32.88315161086973], [-116.73741272891847, 32.86394982823199], [-116.73421027889752, 32.85557291502067], [-116.73146801594197, 32.84839975387259], [-116.73131514387559, 32.84310118296914], [-116.73111716926633, 32.83629896117692], [-116.73150239801619, 32.834091756648206], [-116.73164660141951, 32.833385783396515], [-116.73198394515181, 32.83164582255423], [-116.73232207986425, 32.82748030788409], [-116.73242069572231, 32.81955079100487], [-116.7296949153898, 32.819526039381664], [-116.71189054444423, 32.819321384554875], [-116.6989725295978, 32.80042085648683], [-116.6963159565273, 32.79670024005052], [-116.68693924016435, 32.78296657829489], [-116.69464689543669, 32.77331039939935], [-116.69941914868072, 32.771230723441434], [-116.70140287292055, 32.767706419557996], [-116.7050413277111, 32.76123070368344], [-116.71031995443678, 32.751863452753625], [-116.7132844983065, 32.74892031574955], [-116.71342765854133, 32.7487811539158], [-116.73728747406989, 32.72479092199067], [-116.74633968097014, 32.71569111500619], [-116.74705103122642, 32.71496851160795], [-116.74882646589607, 32.71313843690865], [-116.77632516941632, 32.69165583248078], [-116.79884634336541, 32.682212151309756], [-116.82445183248706, 32.671444212306675], [-116.8037774228485, 32.66111606213321], [-116.79368482965802, 32.65600404012437], [-116.79352389216457, 32.634338940333386], [-116.79315739516255, 32.59813278109648], [-116.7928367256175, 32.56233535255246], [-116.82407595320103, 32.559549059557646], [-116.82386919496012, 32.57530144947206], [-116.84388836197436, 32.59385396998846], [-116.84505145829667, 32.59373275434107], [-116.84673321434897, 32.593961136731856], [-116.84495349977354, 32.59484296425056], [-116.88102859891974, 32.62809352651155], [-116.88599074647009, 32.6326662365255], [-116.89134401930798, 32.63759853798005], [-116.89895537623931, 32.644612112760136], [-116.92277900237654, 32.66635094720787], [-116.93187170142278, 32.671165445462265], [-116.93164702015702, 32.6793809514296], [-116.93361130362514, 32.67995506755684], [-116.94031434624002, 32.67838211140223], [-116.94332142083731, 32.67595214374237], [-116.94554949518792, 32.67708520367525], [-116.94806511568528, 32.67693133975549], [-116.95543517689919, 32.67974936825188], [-116.97006200026344, 32.685335222830034], [-116.96991364480712, 32.708597913007594], [-116.97262099366777, 32.708757713427076], [-116.97807920550555, 32.706550523957475], [-116.98009498570457, 32.70349302364383], [-116.98468079101762, 32.696520997743875], [-116.9906912974234, 32.693751233654275], [-116.99915295683257, 32.691924868472164], [-117.00823674841739, 32.69090447966619], [-117.01183762736157, 32.69021066504758], [-117.01417521213983, 32.6897520366757], [-117.01518295905986, 32.68994265954548], [-117.01685490117103, 32.68936704001684], [-117.0185255463312, 32.68887531718736], [-117.0191002792682, 32.68875859864776], [-117.0214565006214, 32.68828722480622], [-117.02293519679664, 32.69278566621616], [-117.02232918917478, 32.692903199204245], [-117.02205848325009, 32.693316985274905], [-117.02212904713306, 32.6935803992946], [-117.0219477988174, 32.69460267817422], [-117.02234332445425, 32.695566045922405], [-117.02280263609657, 32.69645753215879], [-117.02457716665927, 32.69708057014082], [-117.0248577390092, 32.697825007547706], [-117.02517870291395, 32.69872250234571], [-117.0198297319342, 32.700233453849854], [-117.01950679322029, 32.700341804928634], [-117.01996430321822, 32.701608567008826], [-117.02127123090388, 32.7038269606995], [-117.0210278572284, 32.70443011031472], [-117.0211647379556, 32.704841527397754], [-117.02076365098462, 32.705658749042456], [-117.01997343203517, 32.70585542668423], [-117.0206474836894, 32.707535906740226], [-117.01816934684733, 32.70833422445979], [-117.02012590176014, 32.71373172593235], [-117.020273463776, 32.71459479370167], [-117.02047521794191, 32.7148122480956], [-117.02307915408392, 32.71481039762419], [-117.02299668410542, 32.718139053716754], [-117.02326845077219, 32.71842320213716], [-117.02507085843501, 32.718676027967255], [-117.02547618958383, 32.719263634241145], [-117.02633761824718, 32.719239624288505], [-117.02668074793857, 32.71890182549007], [-117.02840701885536, 32.71891476389881], [-117.02842237303547, 32.721797239606076], [-117.03023025529767, 32.72179741403348], [-117.03020927055367, 32.72032740721134], [-117.03194601747039, 32.72038062637344], [-117.03194840837716, 32.71550383280528], [-117.03258582472074, 32.715333836943536], [-117.03469059393703, 32.71666490305235], [-117.03468785312737, 32.717023746221976], [-117.03468541423496, 32.7179120524391], [-117.03468402667704, 32.71866436306491], [-117.03443229327499, 32.71867555417066], [-117.03460024812222, 32.720300322119435], [-117.03534419744251, 32.72033434040392], [-117.0352897132992, 32.721248889449384], [-117.0365116621634, 32.721100767015216], [-117.03643650891964, 32.720645161275215], [-117.03668282757052, 32.720340804703184], [-117.03715110033343, 32.720231464515635], [-117.03752888563639, 32.72048017878716], [-117.03757487134763, 32.72070497837992], [-117.0377534483469, 32.72071492568091], [-117.03825836800328, 32.7204486007294], [-117.03870474647877, 32.71950461814605], [-117.04039527746775, 32.72018725264672], [-117.04072808488549, 32.71984823415972], [-117.04187264962798, 32.72063430834923], [-117.045740578342, 32.71600235495107], [-117.04644506177799, 32.715159866677546], [-117.0486785724778, 32.71515233767943], [-117.04868173996202, 32.71497345972641], [-117.04890061410623, 32.71497209878622], [-117.04890053099831, 32.715127475420445], [-117.0491490913257, 32.71512696901455], [-117.04916535100469, 32.7156838133348], [-117.04918442287433, 32.718089459383044], [-117.04914947960626, 32.71808551413579], [-117.04919257810056, 32.71983020042872], [-117.04902482492177, 32.72003287067189], [-117.0492080515634, 32.720201845207626], [-117.04923973141806, 32.72273866151853], [-117.04905045354467, 32.72279783082333], [-117.04903557503728, 32.72678828254366], [-117.04913273316502, 32.72688025781874], [-117.0491325285446, 32.72904228822118], [-117.04912929763202, 32.729946497085514], [-117.04963676849489, 32.72994998146146], [-117.04963550564199, 32.72972708915956], [-117.05754462445739, 32.729673761255995], [-117.05752772211297, 32.729892258522774], [-117.0581536294835, 32.73028943926871], [-117.05818639278685, 32.73064229881444], [-117.05820530082454, 32.730734356712595], [-117.05824569283855, 32.73072422232504], [-117.05825750638418, 32.730698640931756], [-117.05851141082728, 32.73049621352576], [-117.05976118576092, 32.73053151677632], [-117.06050663796387, 32.730994112710505], [-117.06081354560953, 32.731343651536854], [-117.06120486899603, 32.73172980218088], [-117.05898868161812, 32.73347029568359], [-117.05744657335775, 32.735151005211954], [-117.05282491466969, 32.74015839497644], [-117.05066511043047, 32.74190672913597], [-117.05305442835312, 32.74412333400893], [-117.05810514357498, 32.745520962739434], [-117.05827349033486, 32.7455670479265], [-117.05875429309764, 32.745683565441766], [-117.05915063618767, 32.74578504154276], [-117.06044450859109, 32.746224408587906], [-117.06124160125685, 32.74674922296905], [-117.06176633639083, 32.74734769100669], [-117.0628879221934, 32.75081717883251], [-117.06412400189761, 32.75223549819996], [-117.06454852563357, 32.75311442713798], [-117.06590673504508, 32.755940216924444], [-117.06618329327543, 32.756830466605365], [-117.06623267714987, 32.75809937488221], [-117.0662013542869, 32.75865674864356], [-117.06630578708481, 32.75865827616547], [-117.06630409032384, 32.75942055574326], [-117.06636948786115, 32.759632403961504], [-117.06640472336325, 32.759790000486284], [-117.06681039835502, 32.76037227307213], [-117.06707175615708, 32.76074739982192], [-117.06702438948444, 32.761288443237774], [-117.06701756697922, 32.76140838640665], [-117.06679512935055, 32.762139970546585], [-117.06680084169396, 32.76275534821161], [-117.06682686272596, 32.76555891692176], [-117.06754511811947, 32.76688273784398], [-117.06764364309687, 32.766915258284904], [-117.06984584554428, 32.770687053000444], [-117.06991524689388, 32.77267908616033], [-117.06795266159043, 32.77434395560288], [-117.06776994107021, 32.77509993524637], [-117.06790610067446, 32.77633695279228], [-117.06775831341105, 32.77723943908282], [-117.06700305194141, 32.77874057427794], [-117.06645982142412, 32.77933750677763], [-117.06932703782711, 32.77926629020763], [-117.07689005545184, 32.77974923567792], [-117.08778874267547, 32.78100504352563], [-117.08953341359326, 32.7807550953875], [-117.1019565157957, 32.77894530059763], [-117.11243696810055, 32.77901505496774], [-117.11305117718933, 32.78098766319376], [-117.11258273551014, 32.7810323803636], [-117.11222137342484, 32.78106458175222], [-117.11070176559294, 32.78024558881399], [-117.10570005380683, 32.78047026580258], [-117.10449822938862, 32.781462952605814], [-117.10372082288349, 32.78325248545733], [-117.10583013366924, 32.783228683200065], [-117.105868734529, 32.78325792463169], [-117.1062176744637, 32.78325891377076], [-117.10616389301134, 32.78395976785968], [-117.10406778348819, 32.78400173607447], [-117.10359599374158, 32.78434834427066], [-117.10359956704768, 32.784703763216555], [-117.10359868034047, 32.785337336646805], [-117.10356073323342, 32.788215075265626], [-117.10353581086521, 32.78949167203119], [-117.1028359307675, 32.79024643556487], [-117.1025960240008, 32.79090357104506], [-117.10473562444442, 32.79220774863225], [-117.10472829326385, 32.79524865740856], [-117.10213915649368, 32.79579673505991], [-117.09919137964057, 32.79370114539242], [-117.09803224173255, 32.794540631830934], [-117.09745119215681, 32.795696619166556], [-117.09578623458249, 32.79949681591757], [-117.09752491008595, 32.79954977133668], [-117.09763308474508, 32.80354915530029], [-117.09511258738301, 32.803619182270126], [-117.09470787064271, 32.80617352148979], [-117.09207888589688, 32.80703531254438], [-117.08969883657427, 32.80620409649906], [-117.08793015387946, 32.80605395178311], [-117.08437149458669, 32.8064703270931], [-117.08279684704665, 32.80702655049212], [-117.08966111103226, 32.81528809331326], [-117.0886041100007, 32.81619309002524], [-117.087266737911, 32.81505029327034], [-117.08608285161077, 32.81418703508194], [-117.08022066452597, 32.80840939577054], [-117.0785362955469, 32.80925120940955], [-117.07705742992385, 32.809984439180646], [-117.07339154848711, 32.810931313875365], [-117.07300933325804, 32.811155468696896], [-117.07156392550367, 32.81218311616056], [-117.06883454872703, 32.81488851318319], [-117.06461530031255, 32.81866049622064], [-117.0634904312006, 32.81966655550913], [-117.06038641069202, 32.82243887466174], [-117.05828196573812, 32.82432558929945], [-117.05511904169947, 32.82394990740873], [-117.05419220214743, 32.82432487799191], [-117.05324848742028, 32.82676502814633], [-117.05065668636614, 32.831921736681466], [-117.03544957717276, 32.84439748510196], [-117.05102807099735, 32.847047324462096], [-117.05063009362605, 32.849734674061494], [-117.03600729915917, 32.84773615669079], [-117.0387526143656, 32.85952783407605], [-117.03585902566734, 32.87145928792054], [-117.04258177578197, 32.870427674691875], [-117.04473682912834, 32.8747210255359], [-117.03529384809265, 32.87668432041112], [-117.03606183229923, 32.89059028476707], [-117.03198357660176, 32.902574920360344], [-117.0131278514397, 32.9030443974552], [-117.00079315684084, 32.90375764060157], [-116.99323725555858, 32.90581164177157], [-116.98933781562312, 32.90501593433456], [-116.98407330106146, 32.9300918303122], [-116.98184921296843, 32.934635503751636], [-116.97958362542512, 32.93856729101855], [-116.97554591184591, 32.95066889574492], [-116.95956289740559, 32.93803557796992], [-116.94978693483537, 32.94226214992631], [-116.93617800758459, 32.925153847968915], [-116.915190809348, 32.924377197548004], [-116.90170277886519, 32.929271735707424], [-116.88386896596342, 32.935349954641595], [-116.88310540993741, 32.935912720732745], [-116.86610473960829, 32.94871971786072], [-116.86636437483473, 32.95062308520747], [-116.86463296246045, 32.95084173188291], [-116.86273689290091, 32.95223061645323], [-116.86227023415351, 32.95199527613167], [-116.85658257276893, 32.95684498697066], [-116.85082584401773, 32.96173105442967], [-116.82485209436798, 32.98382991692781], [-116.82481680344897, 32.984427826013224], [-116.80798902958902, 32.9841908571362], [-116.80838053694823, 32.9620054845121], [-116.80254489790399, 32.9594766768016], [-116.77656592788018, 32.97521082661431], [-116.76731077264847, 32.975449040480456], [-116.76118724499761, 32.984112996545406], [-116.75695164936438, 32.96072203022602], [-116.76894782437125, 32.946659251268315], [-116.77924131001932, 32.92631617625077]]]]}, "properties": {"AdminID": "Eastern", "UtilityID": "SDGE", "AreaType": "District", "SubareaType": "Operational", "Name": "Eastern District", "Shape_Area": 10067568318.538528}}, {"type": "Feature", "geometry": {"type": "MultiPolygon", "coordinates": [[[[-117.34131809899824, 33.14139702126052], [-117.3421463931197, 33.14282764295348], [-117.34395490272814, 33.145001636792166], [-117.34481884394538, 33.14459221668938], [-117.34490524958844, 33.14469147395083], [-117.34375190161346, 33.145332344800764], [-117.34405976462178, 33.14569782369692], [-117.34520276922946, 33.145160997631585], [-117.3453000680517, 33.14529640530115], [-117.34487349556453, 33.14550713267029], [-117.34615487646768, 33.14715369580298], [-117.34794248575486, 33.14941903027579], [-117.35088890413583, 33.15365924422109], [-117.35328560515902, 33.157050059094644], [-117.3537209384913, 33.15718704957949], [-117.35415805623829, 33.15820564646616], [-117.35616755824728, 33.16035477598765], [-117.3583118967085, 33.16334836749341], [-117.35889432386855, 33.164366420391644], [-117.36173364224247, 33.16785092170077], [-117.36658847921208, 33.17355317789074], [-117.36847366652644, 33.17531436876605], [-117.37160915939997, 33.17909861197928], [-117.37625065465795, 33.18411286264302], [-117.37905981851249, 33.18771346906298], [-117.3839277034807, 33.193045649033806], [-117.38476082450045, 33.1940385015191], [-117.38866499319286, 33.191695068914264], [-117.38861802011104, 33.19162237026401], [-117.38887718962145, 33.19145345687639], [-117.38905924466697, 33.191684206578074], [-117.38877903076539, 33.19186281699346], [-117.38871201568563, 33.19177897373313], [-117.38481088431905, 33.19409815896067], [-117.3872507328173, 33.197005622031405], [-117.3884231646296, 33.19827466230352], [-117.39123677920358, 33.201203032850295], [-117.39250960313667, 33.202502729732075], [-117.39397128344416, 33.20162279852624], [-117.39403076116488, 33.201690448019676], [-117.39258487054865, 33.20257958538972], [-117.39651383408892, 33.20659116527069], [-117.39741754567015, 33.20735733605741], [-117.3993156059315, 33.20683569302703], [-117.39937979355552, 33.206754081600046], [-117.39954146013092, 33.20592594137088], [-117.39967065012077, 33.20594248593214], [-117.39951309511702, 33.20678757361294], [-117.40279931904226, 33.206359651855166], [-117.40261776297534, 33.205590845465004], [-117.40282041530571, 33.20556983945962], [-117.4029838152855, 33.20622818459886], [-117.40586271103885, 33.20925349038275], [-117.4056531499196, 33.21393702650847], [-117.40436133169726, 33.215317198172656], [-117.40603811841002, 33.218027748115794], [-117.42536208945577, 33.24189518109855], [-117.46979131293746, 33.295769595427316], [-117.46383028835204, 33.2990682994269], [-117.46230854389985, 33.29717863438019], [-117.46095167017299, 33.29781444931348], [-117.45955931532743, 33.29595934419585], [-117.45859544822785, 33.29672333018247], [-117.45974391444466, 33.29811819693892], [-117.4567790252745, 33.300274429224324], [-117.45380208833572, 33.3042518539768], [-117.4518162790076, 33.30520512983043], [-117.44875208102636, 33.3037377095771], [-117.44828238753618, 33.304392462009524], [-117.45012753058536, 33.305809838450536], [-117.4468010295704, 33.30735577158059], [-117.44416060255523, 33.311182152998946], [-117.44235451092918, 33.316338497810335], [-117.43812470992411, 33.31789172190266], [-117.43238735205493, 33.3260622760941], [-117.42584175104139, 33.327883821112756], [-117.42169359429683, 33.330291046700474], [-117.40707976869125, 33.34617205657699], [-117.39573331907293, 33.36051820222849], [-117.3872364757717, 33.36725644416471], [-117.38301098212867, 33.379055551293256], [-117.37453886834258, 33.38011880506048], [-117.36222711506369, 33.38518253005037], [-117.35688700114335, 33.39154536885889], [-117.33650232986547, 33.40575171488407], [-117.32227862323136, 33.40544990513929], [-117.30842951204019, 33.411744023085156], [-117.30434370591519, 33.412995327219505], [-117.30434129445261, 33.41372614316573], [-117.29537767468885, 33.41751418818884], [-117.28267840209716, 33.411498301572024], [-117.27401193668123, 33.40716778651457], [-117.26450310606825, 33.406588956428685], [-117.25547614436343, 33.40597511809926], [-117.25606407122982, 33.40206518388426], [-117.25754527144723, 33.39110125755825], [-117.25852701450968, 33.38505095495148], [-117.25908515852366, 33.38187722832406], [-117.2592850366699, 33.38082997278938], [-117.25945026495084, 33.378214603717396], [-117.26032863897007, 33.37217775494365], [-117.26049801932359, 33.37183807328282], [-117.26060511326317, 33.37113936457144], [-117.26049762737415, 33.37101624427948], [-117.26132162904473, 33.36893498090145], [-117.26098825302033, 33.367099466567275], [-117.26221027197877, 33.35793880567157], [-117.25611749599915, 33.35804135309177], [-117.25414597041541, 33.35807048863961], [-117.25460556370368, 33.34621226744797], [-117.25467734047078, 33.34535293740143], [-117.25449591705464, 33.330110734914435], [-117.2662292134622, 33.32999058617576], [-117.26718024707844, 33.31946478657912], [-117.26764705256583, 33.31465180335264], [-117.26878671120026, 33.30788312769062], [-117.26899072679844, 33.305296729740625], [-117.27002295306896, 33.29984316444302], [-117.2819763269588, 33.29094596148801], [-117.2719015051253, 33.28566668635856], [-117.27063236517064, 33.28061623917707], [-117.2662370252616, 33.283113041061114], [-117.26211748527757, 33.28127131894822], [-117.25773257986636, 33.278458317627255], [-117.2561115864956, 33.27512427180548], [-117.2547020649606, 33.27299921523927], [-117.25421326686147, 33.26977463404906], [-117.26091126014708, 33.269505588970944], [-117.26014364185292, 33.266771560659286], [-117.2607774347631, 33.25981046467896], [-117.26170259364464, 33.258647157361736], [-117.25484428549134, 33.25855687154679], [-117.25230536295189, 33.25758978998823], [-117.251020649211, 33.25710974476507], [-117.25009427124503, 33.2564842592724], [-117.24989786342107, 33.25603197200112], [-117.24584784625131, 33.25504089324316], [-117.24460052037725, 33.25464050229027], [-117.23545273053767, 33.261159696154095], [-117.23496974350518, 33.26740433847934], [-117.22869482850066, 33.26951680467165], [-117.22678766692167, 33.27112255867439], [-117.22233852114714, 33.271506724892156], [-117.22181296115055, 33.26751856949069], [-117.2131703105004, 33.26763853839561], [-117.2135979227258, 33.262390264671915], [-117.21171072989112, 33.26169438613791], [-117.21025177683289, 33.26014429268595], [-117.21020876882174, 33.26012502043062], [-117.20816295102266, 33.26013171296616], [-117.20482183770362, 33.260158949451835], [-117.20485992255396, 33.2564517949158], [-117.19975976071697, 33.2564766099149], [-117.18762158005768, 33.25651117498927], [-117.18770763226165, 33.25305079364226], [-117.18584637187188, 33.25254598396324], [-117.1831639620726, 33.25231630812941], [-117.1825052987716, 33.25092846557669], [-117.18065574951716, 33.24944002488586], [-117.17606708581873, 33.249477460628675], [-117.17421464713775, 33.2509911095603], [-117.17232834787104, 33.251019622604204], [-117.17150800564215, 33.25097217160676], [-117.17123880003388, 33.25102188020557], [-117.17088407552927, 33.25122098084426], [-117.16833830629061, 33.25157586677256], [-117.16151109815475, 33.25298592722063], [-117.15808322297708, 33.252393399331346], [-117.15652630125915, 33.250844650615136], [-117.15653730265132, 33.249250890453204], [-117.15797449654387, 33.24925781421984], [-117.15790780375453, 33.247094974400156], [-117.15799473305523, 33.24401410562044], [-117.15779486110803, 33.24357278684067], [-117.15797574043773, 33.227647039211355], [-117.17055250699022, 33.227591994886964], [-117.17535229455807, 33.22441260306726], [-117.18036652746595, 33.224742897948936], [-117.18450576456358, 33.227596946149276], [-117.18613672069728, 33.22951572479702], [-117.1890973674458, 33.23132052439921], [-117.19312176645715, 33.2294326769579], [-117.19913001292662, 33.226576706357775], [-117.19612993000742, 33.22293366282807], [-117.18940781683459, 33.214740460793], [-117.18735558870695, 33.21226704849398], [-117.18352723212286, 33.207621561338634], [-117.18223190208457, 33.20604748137088], [-117.18320165106155, 33.20504232084107], [-117.18294715444577, 33.20281936183264], [-117.18049399374696, 33.203933675334106], [-117.17533035474283, 33.19755910028468], [-117.17506101780208, 33.194814781284514], [-117.17441672999834, 33.18798224441281], [-117.17398709609637, 33.18353358264562], [-117.17391950712613, 33.182755483367416], [-117.17222381613264, 33.182575898200476], [-117.17191542364597, 33.17574850872273], [-117.17456990411614, 33.17567113862233], [-117.1735553871759, 33.17401811452773], [-117.17223929920502, 33.17317863499142], [-117.17006795175756, 33.173456333401035], [-117.1701587213397, 33.172750890803805], [-117.172924669253, 33.17281444765748], [-117.17879740634199, 33.1727831554856], [-117.1787759321514, 33.16992501639756], [-117.18163079013968, 33.169902357516484], [-117.18703346419095, 33.16986825986958], [-117.1871168776414, 33.17213669581774], [-117.187815103292, 33.17216548233318], [-117.1911590972842, 33.17222284570016], [-117.1910094984785, 33.168383354238514], [-117.19530124657933, 33.164048113723176], [-117.19518100326599, 33.16329529693917], [-117.19927364880868, 33.16396616685699], [-117.19962564809819, 33.163770973869816], [-117.20240518964094, 33.162070009558114], [-117.20281829770525, 33.16052970896309], [-117.20399376115388, 33.16001611905979], [-117.20554691815406, 33.16022338298302], [-117.20691306016616, 33.15775626317715], [-117.20712716703007, 33.1573199776235], [-117.20733858791752, 33.15691285185521], [-117.2066507126735, 33.15610799055352], [-117.20686422455452, 33.155542554904976], [-117.20828975377465, 33.155067537438654], [-117.20908362858785, 33.153538478883085], [-117.2111565694553, 33.15422167375106], [-117.21196389214403, 33.15256123693598], [-117.21204991591962, 33.15237269452502], [-117.21310442476674, 33.15017479315023], [-117.21320325277955, 33.15017886797182], [-117.21326836364614, 33.14997419197972], [-117.21321279526876, 33.149950414348744], [-117.21402823601477, 33.14825399706141], [-117.21424413022575, 33.14779301441552], [-117.21440706550779, 33.147866145009104], [-117.21460488768284, 33.14745787157833], [-117.21443143811675, 33.147400648312164], [-117.21479044520427, 33.14666785072704], [-117.21630652291144, 33.143586679180785], [-117.21669686260701, 33.142761817450385], [-117.2179769798018, 33.14195197406117], [-117.2182072246498, 33.138553980553056], [-117.21895063302264, 33.1384782176186], [-117.2190595989102, 33.13830051273091], [-117.21980942412085, 33.138269891937284], [-117.2209221225402, 33.136878159235046], [-117.2208966607772, 33.13578824727665], [-117.22116624541798, 33.1357861715278], [-117.22116464817178, 33.1352329963807], [-117.22116139817669, 33.13442917572176], [-117.22087406563887, 33.13441656807615], [-117.22084031417687, 33.132000764087884], [-117.2208387176021, 33.13158552045274], [-117.22315317470714, 33.131095969500095], [-117.22735468125904, 33.13109692003862], [-117.22976387993849, 33.13076411002921], [-117.22978995303872, 33.130474495884975], [-117.22971574661122, 33.12925160634661], [-117.22973025402577, 33.12866429055171], [-117.22976051761721, 33.12665384623145], [-117.22962062522718, 33.12158562379148], [-117.22951535068883, 33.11628286055497], [-117.22998821165666, 33.113995613617966], [-117.22878413613614, 33.112340270596476], [-117.22777345245805, 33.11101941845746], [-117.22636007287352, 33.108515367680255], [-117.22538654808947, 33.108530572990816], [-117.22535281127944, 33.10653634827424], [-117.22465819081837, 33.1055460935816], [-117.22552359166436, 33.10481352816822], [-117.22703010435298, 33.1035249826302], [-117.22680717051396, 33.103328279660865], [-117.22355772602204, 33.104000010857646], [-117.2225360538942, 33.102527060190596], [-117.22223163880118, 33.10256106861395], [-117.22093711175948, 33.10271339540127], [-117.21925644314516, 33.10108699904326], [-117.21914593849954, 33.099933496021414], [-117.21691485376692, 33.09945881587128], [-117.21627384874331, 33.09858993150218], [-117.21521582980763, 33.098228696074926], [-117.21174242624234, 33.097044434683966], [-117.21137103377868, 33.09705656978651], [-117.20948514046272, 33.09627474103918], [-117.20816101389904, 33.095707836245026], [-117.20811222691388, 33.09489956953752], [-117.20723352702251, 33.09511694758299], [-117.20679736881408, 33.094383915875156], [-117.20433094159426, 33.093555074922925], [-117.203952935231, 33.09246790292472], [-117.204008444502, 33.08912453058769], [-117.20351505820824, 33.08911043707861], [-117.20362948201986, 33.08770216529455], [-117.20181742637027, 33.08770511024329], [-117.1995019690285, 33.084028907705886], [-117.19129445126256, 33.080722492798536], [-117.20006538828875, 33.080519067053544], [-117.19364499884368, 33.07014842834416], [-117.1913534172149, 33.06818944785377], [-117.18841666781775, 33.06568018772732], [-117.18393744458646, 33.06664054860925], [-117.18098719584293, 33.06039891610523], [-117.17730242395294, 33.05768001546174], [-117.16696608527984, 33.050019212352595], [-117.1644758426353, 33.0481654333268], [-117.16288846450628, 33.04696757530161], [-117.15689122940003, 33.04245791176716], [-117.15810595229021, 33.040627232438084], [-117.15725346123831, 33.04003120035794], [-117.15762817646933, 33.03946404146007], [-117.16322838795148, 33.031138768814955], [-117.16332445102785, 33.02835377968524], [-117.16332931404708, 33.02824090865868], [-117.16721874494843, 33.02631177879006], [-117.16883167034845, 33.02461911698548], [-117.17103366905897, 33.02417467895198], [-117.17439542816778, 33.023494289876496], [-117.17665892305499, 33.02114291440037], [-117.17715955225363, 33.02061696091787], [-117.17779937219251, 33.01818726727657], [-117.17695491455459, 33.014944367662366], [-117.17392051110704, 33.01243836818898], [-117.1730701448488, 33.01130780477292], [-117.16982192046504, 33.00724674660682], [-117.16981338109598, 33.00450183717009], [-117.1697853131831, 32.99696177955641], [-117.16976889039245, 32.99266866429605], [-117.1697629210868, 32.991618067546554], [-117.16978198555984, 32.986076321770526], [-117.16976508267673, 32.98345293620854], [-117.16980525813246, 32.97964458366635], [-117.16982439852266, 32.97635672458871], [-117.1698207595745, 32.974399301147756], [-117.17250362928485, 32.97411388674711], [-117.17264749692498, 32.97180482187097], [-117.17016746245112, 32.97138673760299], [-117.16977447108454, 32.971090441768716], [-117.16978036142002, 32.970282185174234], [-117.16978714452652, 32.96671910470076], [-117.16988705250851, 32.964025937467525], [-117.16975030158542, 32.956323568835515], [-117.18303765778971, 32.953809040596376], [-117.1940708410683, 32.95143227821368], [-117.20154137499068, 32.94989373583479], [-117.20301290156264, 32.94950649601086], [-117.20431970693532, 32.948783174842205], [-117.20546657453926, 32.94807123871029], [-117.2143676648502, 32.94374776540704], [-117.22121135040254, 32.940755347370484], [-117.22217490822992, 32.94032381465221], [-117.22288623241452, 32.93968696102076], [-117.22489284233784, 32.93868904276636], [-117.2287672086096, 32.93726681272576], [-117.23330134764818, 32.9356839546826], [-117.23835318304894, 32.93353528657366], [-117.24102213524539, 32.931882847705836], [-117.24137907572884, 32.93163954784269], [-117.24372476073212, 32.93019382351766], [-117.2469505258002, 32.931871974013504], [-117.24652550379766, 32.92975971705017], [-117.25654805935886, 32.93449389634665], [-117.25754455051734, 32.93394901868185], [-117.25889121759096, 32.93537432376672], [-117.25990396749245, 32.93460955163756], [-117.26075438040537, 32.93455577046822], [-117.26215707081742, 32.93963107222294], [-117.26378157730596, 32.94553543239394], [-117.26428901487901, 32.947354389652894], [-117.26683653530803, 32.95332904711949], [-117.26776329360989, 32.956889215392685], [-117.26852829905187, 32.959831596719695], [-117.2687835736109, 32.96501458770782], [-117.26898105007882, 32.96799103444116], [-117.27045138718087, 32.97469584660372], [-117.27089506218036, 32.97641825133136], [-117.27144945509741, 32.97706666355563], [-117.27231365006926, 32.97950998664226], [-117.27306501583364, 32.982016502025324], [-117.27334016738827, 32.98210336886054], [-117.2733424980829, 32.98405639423923], [-117.27428302872896, 32.98927232103305], [-117.27577009216583, 32.99522619131597], [-117.27617291272732, 32.99645810794795], [-117.27652091309973, 32.99672211144222], [-117.27677944141364, 32.99723156699858], [-117.27677306173227, 32.997612535957906], [-117.27691185115152, 32.99813617219237], [-117.27803904146694, 32.99920396747438], [-117.2783199414538, 32.99971327537402], [-117.27845304917514, 33.00041658154088], [-117.27850907313267, 33.00413728962153], [-117.27949328664143, 33.00974622353228], [-117.28013894960225, 33.01224223335586], [-117.28085434259067, 33.01389734526517], [-117.28552259307494, 33.02189125753897], [-117.28715258526678, 33.02576279197619], [-117.28919806119244, 33.029264702277224], [-117.28978561507739, 33.030525196551686], [-117.29134053995932, 33.03344376793813], [-117.29228952983759, 33.03430492324696], [-117.29410509983701, 33.03493822680197], [-117.29565509936546, 33.03631596171621], [-117.29630693912837, 33.03789505486133], [-117.29757007673423, 33.04304572596758], [-117.2988109271624, 33.04817900106725], [-117.300825482335, 33.05369227068665], [-117.30248219653396, 33.05774562504305], [-117.30556912867335, 33.065522599923405], [-117.30690715204658, 33.067254033074136], [-117.30706209675526, 33.06840140389171], [-117.31010567725804, 33.075549604455325], [-117.31142794348196, 33.08001670958605], [-117.31240913686757, 33.084110468070755], [-117.31309036951133, 33.08684494805958], [-117.31352510519997, 33.086721744215474], [-117.31356337120198, 33.086907076630034], [-117.31315009123217, 33.087021180374194], [-117.31325361169851, 33.08742795665405], [-117.31373662288956, 33.08728201803825], [-117.31380173466584, 33.087462759600754], [-117.31345089707978, 33.0875601589511], [-117.31500246090594, 33.09149966264829], [-117.31979667629118, 33.101638638960914], [-117.32374519066823, 33.11165674903057], [-117.32666206614685, 33.11777901144795], [-117.32744636692709, 33.11858386366751], [-117.32731958493073, 33.11951065066776], [-117.3293106955138, 33.123290913445466], [-117.33076751684692, 33.12513726076053], [-117.33305286121423, 33.12736945990951], [-117.33420461815282, 33.12886565126803], [-117.33511933833816, 33.12947958382339], [-117.3372548309371, 33.13235964357734], [-117.33808504737667, 33.134978748920716], [-117.33908807840824, 33.13736394797408], [-117.33956339759231, 33.13826314878139], [-117.34042244338993, 33.137989449754336], [-117.34048748489093, 33.13812796453118], [-117.33925603249594, 33.13848107138502], [-117.33932114368517, 33.13863767585384], [-117.34044524961871, 33.13832707396205], [-117.34047440793107, 33.1384536261341], [-117.33984427659287, 33.13861212991059], [-117.34131809899824, 33.14139702126052]]]]}, "properties": {"AdminID": "North Coast", "UtilityID": "SDGE", "AreaType": "District", "SubareaType": "Operational", "Name": "North Coast District", "Shape_Area": 7714150345.509323}}, {"type": "Feature", "geometry": {"type": "MultiPolygon", "coordinates": [[[[-117.3643207743364, 33.50486555304905], [-117.37079914867992, 33.49065865412774], [-117.32884896657103, 33.47706740658092], [-117.31554705330997, 33.47276432307479], [-117.28630165427029, 33.463261353532324], [-117.26451989566131, 33.456153677718824], [-117.24160075283592, 33.44874243626355], [-117.24146316040287, 33.439987668468476], [-117.24138373073069, 33.432097886539665], [-117.2194931635218, 33.43208664704419], [-117.186416025795, 33.4323658158054], [-117.16241241564705, 33.43252144334307], [-117.14511435485139, 33.43256536642519], [-117.13834623919654, 33.43255085805866], [-117.13421752689285, 33.432295877850336], [-117.10433617743807, 33.43039349730433], [-117.09515759947405, 33.430510269604746], [-117.08953078258273, 33.43050823241296], [-117.08942348832244, 33.430594793363404], [-117.08875092253435, 33.430588168713555], [-117.0886476865843, 33.43050594206426], [-117.06979543466626, 33.43034541474044], [-117.04166082459155, 33.43004316428015], [-117.03092815506879, 33.42993977197345], [-117.03092693942763, 33.42699838063618], [-117.0050900726324, 33.427138227378045], [-116.99540052181032, 33.42718626755403], [-116.94078645686476, 33.42718150714171], [-116.86799020746321, 33.42673749281488], [-116.8682229638624, 33.42011203438594], [-116.83747070517524, 33.41032658920937], [-116.8278947804964, 33.33715341953563], [-116.82715249582354, 33.33236230687512], [-116.82574455804186, 33.32289233511551], [-116.82310705917631, 33.30460014106791], [-116.82127324019206, 33.293184451817], [-116.81796087556461, 33.27170911585617], [-116.81892856397317, 33.2720655446456], [-116.82751740788868, 33.2637079458214], [-116.82398673255413, 33.26138609486817], [-116.8187192964043, 33.265130555926156], [-116.84427025198899, 33.219925044922306], [-116.85655548658148, 33.19552906964267], [-116.86230337689324, 33.18471890504602], [-116.86386741939071, 33.181603855459606], [-116.86917115869453, 33.17120932551463], [-116.88241951063445, 33.143559830007554], [-116.8935831764955, 33.116084975322515], [-116.90495660724174, 33.08694834422412], [-116.9218373133714, 33.08579025192959], [-116.93891523633296, 33.08461613506287], [-116.94935074270374, 33.08261904535839], [-116.95496763288634, 33.08042752520529], [-116.95395924110701, 33.076463559781374], [-116.96465033929758, 33.073557039055544], [-116.9651111861094, 33.07715663676245], [-116.97341092612625, 33.0743013553074], [-116.97403484397377, 33.06916266618747], [-116.97530173137048, 33.067753670648536], [-116.97707848540132, 33.07308684766405], [-116.98014401785363, 33.07206381331563], [-116.99338935785481, 33.073095307537386], [-116.99319696559428, 33.06806028893101], [-116.99218862597807, 33.06658033209613], [-116.99337002655426, 33.062824019734606], [-116.99662868717256, 33.052428621268554], [-116.99662609316417, 33.05083310154619], [-116.99654118717082, 33.03527030435553], [-116.99646737772728, 33.030119228029754], [-116.9967949343499, 33.0291114151962], [-116.99727291119139, 33.02217327750856], [-116.99697273107819, 33.011577418585], [-116.99693115503581, 33.00710341395558], [-116.99327163675909, 32.99970206487423], [-116.9875374246027, 32.99993019112676], [-116.98675384393727, 32.99426388665014], [-116.99048178641989, 32.993912049928625], [-116.9864903318298, 32.98252617312204], [-116.97552313886384, 32.98276850762656], [-116.97296051559145, 32.9754039824672], [-116.9741642132998, 32.97468401136838], [-116.98119648518654, 32.96709934960401], [-116.97809718137007, 32.95767036508902], [-116.97554591184591, 32.95066889574492], [-116.97958362542512, 32.93856729101855], [-116.98184921296843, 32.934635503751636], [-116.98407330106146, 32.9300918303122], [-117.001661465176, 32.943161841100824], [-117.0141581821233, 32.93738176962942], [-117.01522051139658, 32.93704151404808], [-117.02328061248029, 32.934602174930255], [-117.02627854763327, 32.93313244624087], [-117.02706512203773, 32.931635142748306], [-117.0315269037827, 32.929150109978885], [-117.03154028202862, 32.927591765768696], [-117.03156068385107, 32.92660159328227], [-117.03256102983119, 32.926542106788474], [-117.03343374273986, 32.92728729243424], [-117.03466475725065, 32.92743691810493], [-117.04566001731207, 32.926331833416725], [-117.04677953371423, 32.926219749925274], [-117.05549490421593, 32.92653101679919], [-117.05619993797039, 32.92865183889923], [-117.05817037459408, 32.931494139943005], [-117.06103313640035, 32.934933517446275], [-117.0665423325496, 32.93455661968475], [-117.06818201863706, 32.93468756387873], [-117.06882490954325, 32.93475293945702], [-117.07225555587576, 32.93471397222572], [-117.07388729430761, 32.934478153001635], [-117.07449568763381, 32.9343902225404], [-117.07667855773157, 32.93431070563141], [-117.08130955564245, 32.93867647747581], [-117.08424363065494, 32.938703338449905], [-117.0859598676721, 32.939494931165115], [-117.0880971505039, 32.9404806742145], [-117.09268539217572, 32.9426122367521], [-117.09734264710036, 32.94255865701059], [-117.10583202864127, 32.9424813353033], [-117.10730331955178, 32.94287730882252], [-117.10910273182951, 32.94336156233522], [-117.11580359011391, 32.94297896195301], [-117.11836303153251, 32.94309286106207], [-117.12901305168516, 32.94195933490677], [-117.1291699095818, 32.94194544124433], [-117.13850499868329, 32.9406372456878], [-117.14406582990789, 32.93992425253955], [-117.14621520485176, 32.93963729708824], [-117.14963540473777, 32.93917680381356], [-117.15811499669313, 32.936472733980416], [-117.1647489085579, 32.93431610226621], [-117.16910813647239, 32.930564401483856], [-117.16935081978589, 32.93814804612068], [-117.16856811757842, 32.93806592449216], [-117.1695226373048, 32.94655784492194], [-117.16959954964089, 32.94815465216174], [-117.16975030158542, 32.956323568835515], [-117.16988705250851, 32.964025937467525], [-117.16978714452652, 32.96671910470076], [-117.16978036142002, 32.970282185174234], [-117.16977447108454, 32.971090441768716], [-117.17016746245112, 32.97138673760299], [-117.17264749692498, 32.97180482187097], [-117.17250362928485, 32.97411388674711], [-117.1698207595745, 32.974399301147756], [-117.16982439852266, 32.97635672458871], [-117.16980525813246, 32.97964458366635], [-117.16976508267673, 32.98345293620854], [-117.16978198555984, 32.986076321770526], [-117.1697629210868, 32.991618067546554], [-117.16976889039245, 32.99266866429605], [-117.1697853131831, 32.99696177955641], [-117.16981338109598, 33.00450183717009], [-117.16982192046504, 33.00724674660682], [-117.1730701448488, 33.01130780477292], [-117.17392051110704, 33.01243836818898], [-117.17695491455459, 33.014944367662366], [-117.17779937219251, 33.01818726727657], [-117.17715955225363, 33.02061696091787], [-117.17665892305499, 33.02114291440037], [-117.17439542816778, 33.023494289876496], [-117.17103366905897, 33.02417467895198], [-117.16883167034845, 33.02461911698548], [-117.16721874494843, 33.02631177879006], [-117.16332931404708, 33.02824090865868], [-117.16332445102785, 33.02835377968524], [-117.16322838795148, 33.031138768814955], [-117.15762817646933, 33.03946404146007], [-117.15725346123831, 33.04003120035794], [-117.15810595229021, 33.040627232438084], [-117.15689122940003, 33.04245791176716], [-117.16288846450628, 33.04696757530161], [-117.1644758426353, 33.0481654333268], [-117.16696608527984, 33.050019212352595], [-117.17730242395294, 33.05768001546174], [-117.18098719584293, 33.06039891610523], [-117.18393744458646, 33.06664054860925], [-117.18841666781775, 33.06568018772732], [-117.1913534172149, 33.06818944785377], [-117.19364499884368, 33.07014842834416], [-117.20006538828875, 33.080519067053544], [-117.19129445126256, 33.080722492798536], [-117.1995019690285, 33.084028907705886], [-117.20181742637027, 33.08770511024329], [-117.20362948201986, 33.08770216529455], [-117.20351505820824, 33.08911043707861], [-117.204008444502, 33.08912453058769], [-117.203952935231, 33.09246790292472], [-117.20433094159426, 33.093555074922925], [-117.20679736881408, 33.094383915875156], [-117.20723352702251, 33.09511694758299], [-117.20811222691388, 33.09489956953752], [-117.20816101389904, 33.095707836245026], [-117.20948514046272, 33.09627474103918], [-117.21137103377868, 33.09705656978651], [-117.21174242624234, 33.097044434683966], [-117.21521582980763, 33.098228696074926], [-117.21627384874331, 33.09858993150218], [-117.21691485376692, 33.09945881587128], [-117.21914593849954, 33.099933496021414], [-117.21925644314516, 33.10108699904326], [-117.22093711175948, 33.10271339540127], [-117.22223163880118, 33.10256106861395], [-117.2225360538942, 33.102527060190596], [-117.22355772602204, 33.104000010857646], [-117.22680717051396, 33.103328279660865], [-117.22703010435298, 33.1035249826302], [-117.22552359166436, 33.10481352816822], [-117.22465819081837, 33.1055460935816], [-117.22535281127944, 33.10653634827424], [-117.22538654808947, 33.108530572990816], [-117.22636007287352, 33.108515367680255], [-117.22777345245805, 33.11101941845746], [-117.22878413613614, 33.112340270596476], [-117.22998821165666, 33.113995613617966], [-117.22951535068883, 33.11628286055497], [-117.22962062522718, 33.12158562379148], [-117.22976051761721, 33.12665384623145], [-117.22973025402577, 33.12866429055171], [-117.22971574661122, 33.12925160634661], [-117.22978995303872, 33.130474495884975], [-117.22976387993849, 33.13076411002921], [-117.22735468125904, 33.13109692003862], [-117.22315317470714, 33.131095969500095], [-117.2208387176021, 33.13158552045274], [-117.22084031417687, 33.132000764087884], [-117.22087406563887, 33.13441656807615], [-117.22116139817669, 33.13442917572176], [-117.22116464817178, 33.1352329963807], [-117.22116624541798, 33.1357861715278], [-117.2208966607772, 33.13578824727665], [-117.2209221225402, 33.136878159235046], [-117.21980942412085, 33.138269891937284], [-117.2190595989102, 33.13830051273091], [-117.21895063302264, 33.1384782176186], [-117.2182072246498, 33.138553980553056], [-117.2179769798018, 33.14195197406117], [-117.21669686260701, 33.142761817450385], [-117.21630652291144, 33.143586679180785], [-117.21479044520427, 33.14666785072704], [-117.21443143811675, 33.147400648312164], [-117.21460488768284, 33.14745787157833], [-117.21440706550779, 33.147866145009104], [-117.21424413022575, 33.14779301441552], [-117.21402823601477, 33.14825399706141], [-117.21321279526876, 33.149950414348744], [-117.21326836364614, 33.14997419197972], [-117.21320325277955, 33.15017886797182], [-117.21310442476674, 33.15017479315023], [-117.21204991591962, 33.15237269452502], [-117.21196389214403, 33.15256123693598], [-117.2111565694553, 33.15422167375106], [-117.20908362858785, 33.153538478883085], [-117.20828975377465, 33.155067537438654], [-117.20686422455452, 33.155542554904976], [-117.2066507126735, 33.15610799055352], [-117.20733858791752, 33.15691285185521], [-117.20712716703007, 33.1573199776235], [-117.20691306016616, 33.15775626317715], [-117.20554691815406, 33.16022338298302], [-117.20399376115388, 33.16001611905979], [-117.20281829770525, 33.16052970896309], [-117.20240518964094, 33.162070009558114], [-117.19962564809819, 33.163770973869816], [-117.19927364880868, 33.16396616685699], [-117.19518100326599, 33.16329529693917], [-117.19530124657933, 33.164048113723176], [-117.1910094984785, 33.168383354238514], [-117.1911590972842, 33.17222284570016], [-117.187815103292, 33.17216548233318], [-117.1871168776414, 33.17213669581774], [-117.18703346419095, 33.16986825986958], [-117.18163079013968, 33.169902357516484], [-117.1787759321514, 33.16992501639756], [-117.17879740634199, 33.1727831554856], [-117.172924669253, 33.17281444765748], [-117.1701587213397, 33.172750890803805], [-117.17006795175756, 33.173456333401035], [-117.17223929920502, 33.17317863499142], [-117.1735553871759, 33.17401811452773], [-117.17456990411614, 33.17567113862233], [-117.17191542364597, 33.17574850872273], [-117.17222381613264, 33.182575898200476], [-117.17391950712613, 33.182755483367416], [-117.17398709609637, 33.18353358264562], [-117.17441672999834, 33.18798224441281], [-117.17506101780208, 33.194814781284514], [-117.17533035474283, 33.19755910028468], [-117.18049399374696, 33.203933675334106], [-117.18294715444577, 33.20281936183264], [-117.18320165106155, 33.20504232084107], [-117.18223190208457, 33.20604748137088], [-117.18352723212286, 33.207621561338634], [-117.18735558870695, 33.21226704849398], [-117.18940781683459, 33.214740460793], [-117.19612993000742, 33.22293366282807], [-117.19913001292662, 33.226576706357775], [-117.19312176645715, 33.2294326769579], [-117.1890973674458, 33.23132052439921], [-117.18613672069728, 33.22951572479702], [-117.18450576456358, 33.227596946149276], [-117.18036652746595, 33.224742897948936], [-117.17535229455807, 33.22441260306726], [-117.17055250699022, 33.227591994886964], [-117.15797574043773, 33.227647039211355], [-117.15779486110803, 33.24357278684067], [-117.15799473305523, 33.24401410562044], [-117.15790780375453, 33.247094974400156], [-117.15797449654387, 33.24925781421984], [-117.15653730265132, 33.249250890453204], [-117.15652630125915, 33.250844650615136], [-117.15808322297708, 33.252393399331346], [-117.16151109815475, 33.25298592722063], [-117.16833830629061, 33.25157586677256], [-117.17088407552927, 33.25122098084426], [-117.17123880003388, 33.25102188020557], [-117.17150800564215, 33.25097217160676], [-117.17232834787104, 33.251019622604204], [-117.17421464713775, 33.2509911095603], [-117.17606708581873, 33.249477460628675], [-117.18065574951716, 33.24944002488586], [-117.1825052987716, 33.25092846557669], [-117.1831639620726, 33.25231630812941], [-117.18584637187188, 33.25254598396324], [-117.18770763226165, 33.25305079364226], [-117.18762158005768, 33.25651117498927], [-117.19975976071697, 33.2564766099149], [-117.20485992255396, 33.2564517949158], [-117.20482183770362, 33.260158949451835], [-117.20816295102266, 33.26013171296616], [-117.21020876882174, 33.26012502043062], [-117.21025177683289, 33.26014429268595], [-117.21171072989112, 33.26169438613791], [-117.2135979227258, 33.262390264671915], [-117.2131703105004, 33.26763853839561], [-117.22181296115055, 33.26751856949069], [-117.22233852114714, 33.271506724892156], [-117.22678766692167, 33.27112255867439], [-117.22869482850066, 33.26951680467165], [-117.23496974350518, 33.26740433847934], [-117.23545273053767, 33.261159696154095], [-117.24460052037725, 33.25464050229027], [-117.24584784625131, 33.25504089324316], [-117.24989786342107, 33.25603197200112], [-117.25009427124503, 33.2564842592724], [-117.251020649211, 33.25710974476507], [-117.25230536295189, 33.25758978998823], [-117.25484428549134, 33.25855687154679], [-117.26170259364464, 33.258647157361736], [-117.2607774347631, 33.25981046467896], [-117.26014364185292, 33.266771560659286], [-117.26091126014708, 33.269505588970944], [-117.25421326686147, 33.26977463404906], [-117.2547020649606, 33.27299921523927], [-117.2561115864956, 33.27512427180548], [-117.25773257986636, 33.278458317627255], [-117.26211748527757, 33.28127131894822], [-117.2662370252616, 33.283113041061114], [-117.27063236517064, 33.28061623917707], [-117.2719015051253, 33.28566668635856], [-117.2819763269588, 33.29094596148801], [-117.27002295306896, 33.29984316444302], [-117.26899072679844, 33.305296729740625], [-117.26878671120026, 33.30788312769062], [-117.26764705256583, 33.31465180335264], [-117.26718024707844, 33.31946478657912], [-117.2662292134622, 33.32999058617576], [-117.25449591705464, 33.330110734914435], [-117.25467734047078, 33.34535293740143], [-117.25460556370368, 33.34621226744797], [-117.25414597041541, 33.35807048863961], [-117.25611749599915, 33.35804135309177], [-117.26221027197877, 33.35793880567157], [-117.26098825302033, 33.367099466567275], [-117.26132162904473, 33.36893498090145], [-117.26049762737415, 33.37101624427948], [-117.26060511326317, 33.37113936457144], [-117.26049801932359, 33.37183807328282], [-117.26032863897007, 33.37217775494365], [-117.25945026495084, 33.378214603717396], [-117.2592850366699, 33.38082997278938], [-117.25908515852366, 33.38187722832406], [-117.25852701450968, 33.38505095495148], [-117.25754527144723, 33.39110125755825], [-117.25606407122982, 33.40206518388426], [-117.25547614436343, 33.40597511809926], [-117.26450310606825, 33.406588956428685], [-117.27401193668123, 33.40716778651457], [-117.28267840209716, 33.411498301572024], [-117.29537767468885, 33.41751418818884], [-117.30434129445261, 33.41372614316573], [-117.30434370591519, 33.412995327219505], [-117.30842951204019, 33.411744023085156], [-117.32227862323136, 33.40544990513929], [-117.33650232986547, 33.40575171488407], [-117.33613720267128, 33.413084908784], [-117.32658555323295, 33.413295592449636], [-117.32658941923054, 33.419984556247854], [-117.33937816976996, 33.4198750847387], [-117.33974672372841, 33.42732369740713], [-117.33515478108856, 33.427718167972905], [-117.33529910734984, 33.43090657499746], [-117.38842070117062, 33.4289884818384], [-117.40054609754577, 33.45551198691129], [-117.4084188817652, 33.46043545538019], [-117.4665066290211, 33.4770141765726], [-117.46969396132856, 33.470749412237325], [-117.47620823424224, 33.47049714262105], [-117.47228505852742, 33.48789552544277], [-117.4889145252881, 33.50505964444172], [-117.3643207743364, 33.50486555304905]]]]}, "properties": {"AdminID": "Northeast", "UtilityID": "SDGE", "AreaType": "District", "SubareaType": "Operational", "Name": "Northeast District", "Shape_Area": 18879078669.70049}}, {"type": "Feature", "geometry": {"type": "MultiPolygon", "coordinates": [[[[-116.55951169570292, 33.01042815621374], [-116.53521184374772, 32.99320600407797], [-116.52387054926903, 32.985164107480244], [-116.4824045071355, 32.98513995712487], [-116.45559689905416, 32.96391870757507], [-116.42805540253653, 32.942251220438116], [-116.37190483741134, 32.89986597073387], [-116.27153998830022, 32.83287491753464], [-116.19829937111517, 32.78347773470537], [-116.10582509354977, 32.7258421067979], [-116.10571453844682, 32.648989801848565], [-116.10549471773167, 32.648961902329305], [-116.10549430018276, 32.64587890400466], [-116.10588632190674, 32.61882479725577], [-116.18500888574489, 32.61264990105226], [-116.19893373946447, 32.61155834527304], [-116.20110838098796, 32.611387733827414], [-116.2597727162508, 32.606770779838094], [-116.29465165319823, 32.603923893319426], [-116.34186905949039, 32.6001908886166], [-116.37946809345914, 32.597299249634034], [-116.45482257638052, 32.59115250465346], [-116.5325732812364, 32.584761348654155], [-116.60491677959675, 32.57868562205803], [-116.63067114193183, 32.57616713459935], [-116.7928367256175, 32.56233535255246], [-116.79315739516255, 32.59813278109648], [-116.79352389216457, 32.634338940333386], [-116.79368482965802, 32.65600404012437], [-116.8037774228485, 32.66111606213321], [-116.82445183248706, 32.671444212306675], [-116.79884634336541, 32.682212151309756], [-116.77632516941632, 32.69165583248078], [-116.74882646589607, 32.71313843690865], [-116.74705103122642, 32.71496851160795], [-116.74633968097014, 32.71569111500619], [-116.73728747406989, 32.72479092199067], [-116.71342765854133, 32.7487811539158], [-116.7132844983065, 32.74892031574955], [-116.71031995443678, 32.751863452753625], [-116.7050413277111, 32.76123070368344], [-116.70140287292055, 32.767706419557996], [-116.69941914868072, 32.771230723441434], [-116.69464689543669, 32.77331039939935], [-116.68693924016435, 32.78296657829489], [-116.6963159565273, 32.79670024005052], [-116.6989725295978, 32.80042085648683], [-116.71189054444423, 32.819321384554875], [-116.7296949153898, 32.819526039381664], [-116.73242069572231, 32.81955079100487], [-116.73232207986425, 32.82748030788409], [-116.73198394515181, 32.83164582255423], [-116.73164660141951, 32.833385783396515], [-116.73150239801619, 32.834091756648206], [-116.73111716926633, 32.83629896117692], [-116.73131514387559, 32.84310118296914], [-116.73146801594197, 32.84839975387259], [-116.73421027889752, 32.85557291502067], [-116.73741272891847, 32.86394982823199], [-116.74473529869888, 32.88315161086973], [-116.75414923627987, 32.887674444259666], [-116.7630295822871, 32.89193208281614], [-116.76532926662989, 32.893035603089196], [-116.77976397942585, 32.89353269548748], [-116.78147509279219, 32.90667571158692], [-116.77924131001932, 32.92631617625077], [-116.76894782437125, 32.946659251268315], [-116.75695164936438, 32.96072203022602], [-116.76118724499761, 32.984112996545406], [-116.73205558525237, 32.984458750397536], [-116.69972996930078, 33.00358530280814], [-116.69471689635849, 33.006549955780294], [-116.65615750250096, 33.00831734372765], [-116.61590439674197, 33.0101495501836], [-116.60025228144617, 33.01085843913254], [-116.59274620091166, 33.01175071409281], [-116.57539645544527, 33.01236643592801], [-116.56402638203755, 33.01189287148209], [-116.55951169570292, 33.01042815621374]]]]}, "properties": {"AdminID": "Mountain Empire ", "UtilityID": "SDGE", "AreaType": "Sub District", "SubareaType": "Operational", "Name": "Mountain Empire Sub District", "Shape_Area": 23354033251.663334}}, {"type": "Feature", "geometry": {"type": "MultiPolygon", "coordinates": [[[[-117.68611233224291, 33.6025164708607], [-117.68570613086547, 33.60234558047827], [-117.6853449133341, 33.60234972818184], [-117.68447971232719, 33.60187043583708], [-117.68362386289347, 33.60154196478218], [-117.68039491153175, 33.60031302123582], [-117.67739896796515, 33.59918775617229], [-117.6762606985476, 33.598762935673214], [-117.67584870886381, 33.598756107556746], [-117.67545983254769, 33.59920628357713], [-117.67490424775455, 33.59965117228685], [-117.67446425394294, 33.599902303755705], [-117.67387172310852, 33.600122116894745], [-117.67280429980825, 33.600305713162705], [-117.66642948901881, 33.59889372394553], [-117.66560528927252, 33.59871114048738], [-117.66481945920646, 33.598656855899186], [-117.66363963593844, 33.59881313564546], [-117.66320966549019, 33.59883175444452], [-117.66258734485488, 33.59873436549671], [-117.66203904941624, 33.598542699351626], [-117.66080352808164, 33.59796009612793], [-117.6602916187633, 33.59771870345905], [-117.6599147124187, 33.598173706937686], [-117.65916331018914, 33.59828668822574], [-117.65861695346096, 33.59863569677798], [-117.65833792801463, 33.598519302167404], [-117.65790356919867, 33.59840370386624], [-117.65678991801684, 33.599921231458495], [-117.65578227614866, 33.59990180047073], [-117.6534005583628, 33.59986249396247], [-117.65103480486384, 33.601134244233144], [-117.64977489754378, 33.59979956939312], [-117.64948792873965, 33.59979989598027], [-117.64959977104931, 33.60029070800175], [-117.64922160863314, 33.60036214658561], [-117.64904907286164, 33.60044603568647], [-117.64851585998643, 33.60090327980046], [-117.64837305921205, 33.600804690413085], [-117.64814487152974, 33.6005021844054], [-117.64769885142812, 33.60013340229746], [-117.64707849476534, 33.59974733975859], [-117.64699836314524, 33.59966180634925], [-117.64616628950341, 33.598773643552704], [-117.64565151648037, 33.59923836646857], [-117.64464843593082, 33.60059356587296], [-117.64404740745853, 33.601210396004575], [-117.64325160277302, 33.601738433669695], [-117.64231754316793, 33.602109952857425], [-117.64154225362222, 33.602271396997125], [-117.64137166189059, 33.60230665606456], [-117.63951383239919, 33.602382336210084], [-117.6386752311751, 33.602520860994844], [-117.63714520865568, 33.60296936533659], [-117.63621136099562, 33.603108933153415], [-117.63522869569744, 33.60307036344798], [-117.63451351526182, 33.60291616041838], [-117.63224203871613, 33.602228994205845], [-117.6332707713445, 33.60095419072225], [-117.63321276100586, 33.59987330499529], [-117.6229571510581, 33.599784017539], [-117.62003890425547, 33.599771462312695], [-117.59644826584335, 33.599667826715496], [-117.59098670380077, 33.5996485068533], [-117.5911905284956, 33.59923405669678], [-117.59008983088758, 33.598778676587585], [-117.58999010984132, 33.5987792500152], [-117.58935730418867, 33.59877006369536], [-117.5890096863129, 33.598589658508686], [-117.58860456558828, 33.59851430865199], [-117.58765606417505, 33.59769995668387], [-117.58718908690669, 33.59771346157671], [-117.58742014037759, 33.598941356557], [-117.58652498510321, 33.6006723420931], [-117.58643655979499, 33.6010940382063], [-117.58600923056457, 33.601040383927426], [-117.58562224717636, 33.60086313974943], [-117.58516365555593, 33.60051351508202], [-117.58454681853743, 33.60034147951883], [-117.58411045084635, 33.6003708884953], [-117.58357990360135, 33.600469985456286], [-117.58333491228129, 33.60044470865021], [-117.58312594142969, 33.600422623913985], [-117.58232854344195, 33.60003813697136], [-117.58161710710507, 33.59990557569844], [-117.58106710724861, 33.599932974332205], [-117.58001027273707, 33.59963962985402], [-117.57218404930939, 33.59968123495189], [-117.55611086691117, 33.59969619202229], [-117.55606720161757, 33.59282576150842], [-117.48837421713411, 33.59292825954704], [-117.467632960923, 33.597700387917286], [-117.46130458542555, 33.597487215593645], [-117.51015949711163, 33.53414585009271], [-117.50991365623001, 33.519378489744284], [-117.50306100851351, 33.51975725903959], [-117.50321006619639, 33.50910912658407], [-117.50984317111902, 33.50903149582647], [-117.50981567188694, 33.50517899383229], [-117.4889145252881, 33.50505964444172], [-117.47228505852742, 33.48789552544277], [-117.47620823424224, 33.47049714262105], [-117.46969396132856, 33.470749412237325], [-117.4665066290211, 33.4770141765726], [-117.4084188817652, 33.46043545538019], [-117.40054609754577, 33.45551198691129], [-117.38842070117062, 33.4289884818384], [-117.33529910734984, 33.43090657499746], [-117.33515478108856, 33.427718167972905], [-117.33974672372841, 33.42732369740713], [-117.33937816976996, 33.4198750847387], [-117.32658941923054, 33.419984556247854], [-117.32658555323295, 33.413295592449636], [-117.33613720267128, 33.413084908784], [-117.33650232986547, 33.40575171488407], [-117.35688700114335, 33.39154536885889], [-117.36222711506369, 33.38518253005037], [-117.37453886834258, 33.38011880506048], [-117.38301098212867, 33.379055551293256], [-117.3872364757717, 33.36725644416471], [-117.39573331907293, 33.36051820222849], [-117.40707976869125, 33.34617205657699], [-117.42169359429683, 33.330291046700474], [-117.42584175104139, 33.327883821112756], [-117.43238735205493, 33.3260622760941], [-117.43812470992411, 33.31789172190266], [-117.44235451092918, 33.316338497810335], [-117.44416060255523, 33.311182152998946], [-117.4468010295704, 33.30735577158059], [-117.45012753058536, 33.305809838450536], [-117.44828238753618, 33.304392462009524], [-117.44875208102636, 33.3037377095771], [-117.4518162790076, 33.30520512983043], [-117.45380208833572, 33.3042518539768], [-117.4567790252745, 33.300274429224324], [-117.45974391444466, 33.29811819693892], [-117.45859544822785, 33.29672333018247], [-117.45955931532743, 33.29595934419585], [-117.46095167017299, 33.29781444931348], [-117.46230854389985, 33.29717863438019], [-117.46383028835204, 33.2990682994269], [-117.46979131293746, 33.295769595427316], [-117.49069734128624, 33.31836789524614], [-117.5125759902015, 33.338691331817266], [-117.52111805590002, 33.34531757319673], [-117.54097564355975, 33.359313586426346], [-117.54565657795021, 33.36265791318769], [-117.54933557247128, 33.364762197246286], [-117.5510550004887, 33.36553505543712], [-117.55412380313724, 33.36673728854322], [-117.55438904113535, 33.36635251867112], [-117.5580344879625, 33.368274446439365], [-117.55767045533904, 33.36873472700844], [-117.55841880400602, 33.36922976619255], [-117.56037089942558, 33.37020396578324], [-117.56251898187502, 33.37118691231878], [-117.56462526694332, 33.37200742116773], [-117.56544509742145, 33.372611266948994], [-117.56659429942101, 33.37367570473659], [-117.56763887180384, 33.3743298546319], [-117.56898859535387, 33.37485423480062], [-117.5705134460694, 33.37695187748123], [-117.5711699279951, 33.37777085404223], [-117.57253373737903, 33.37887703487445], [-117.57363003145346, 33.37962502676406], [-117.57494983772077, 33.38023505268294], [-117.57659009210631, 33.38043172428149], [-117.57780733447913, 33.38046139157381], [-117.58048089704087, 33.38072085136724], [-117.58266387506103, 33.3817654026067], [-117.5855288021347, 33.38199121123774], [-117.58854390473772, 33.382467891285], [-117.59029524616713, 33.38402145858155], [-117.59177505170511, 33.38474464241862], [-117.59341370865195, 33.38501731101202], [-117.59533624815758, 33.38572692531652], [-117.59625096661463, 33.386732305780676], [-117.59711663384033, 33.3880203093739], [-117.59955623875983, 33.394195534101854], [-117.60136391627856, 33.39744714636309], [-117.60350668035058, 33.400448936217025], [-117.60929675155451, 33.40706115009173], [-117.61158620311078, 33.409715501338546], [-117.61460397869045, 33.41308501701728], [-117.61666637409643, 33.41478596363064], [-117.61887798999902, 33.417205519840245], [-117.62038685323759, 33.419401429664916], [-117.62343171411237, 33.417761608559395], [-117.62339696620947, 33.41771846163261], [-117.6235770463251, 33.417616473142616], [-117.62369013161062, 33.41777836015567], [-117.62351430465586, 33.41787310693876], [-117.62347097347862, 33.417833612919246], [-117.62044766134854, 33.419476937579404], [-117.62097229093105, 33.420113317512595], [-117.62339732459385, 33.422631102773025], [-117.62619877771488, 33.42445909687524], [-117.6289341859844, 33.42683260432103], [-117.62997745956977, 33.4282135949978], [-117.63200977238853, 33.43046643894936], [-117.64062757572637, 33.437071062345815], [-117.64324577521587, 33.43908171553967], [-117.64490681496044, 33.44009996339926], [-117.6485366951568, 33.44233373794238], [-117.65229582445117, 33.44544598351383], [-117.6545943302888, 33.446931167094064], [-117.65881132992592, 33.449195401266046], [-117.66256968986812, 33.451083366915924], [-117.66533943012476, 33.452430632534934], [-117.66926592476793, 33.45508515088903], [-117.67184705204846, 33.45666704755841], [-117.67562880156018, 33.459074683066866], [-117.67844920579996, 33.46050020066874], [-117.68016174085162, 33.46104587172976], [-117.68173437833764, 33.46142230875422], [-117.68457598402505, 33.46152858985807], [-117.68573316168272, 33.46165055314908], [-117.68650689796202, 33.46169761440636], [-117.68743133675385, 33.46143577550982], [-117.68796619273944, 33.461291614504525], [-117.6895979086911, 33.46126553898213], [-117.68978128181234, 33.45791308585357], [-117.69212024749834, 33.45668706245177], [-117.6929814722159, 33.45502428938987], [-117.69134306611963, 33.454391643217996], [-117.69140316085938, 33.45424583496733], [-117.69462922284548, 33.455545616332444], [-117.69535564778967, 33.455746917731155], [-117.70037726842102, 33.45688243465481], [-117.70468330982148, 33.457884901232646], [-117.70716405424383, 33.46039515360551], [-117.70793256580316, 33.46074161362284], [-117.70850446960823, 33.460764018223635], [-117.70938915324531, 33.46033109811572], [-117.71168382321423, 33.460035559179666], [-117.71341874906214, 33.45995712944646], [-117.71480615382526, 33.45982933698632], [-117.71515781738799, 33.460383527032945], [-117.71570169482034, 33.460722676467086], [-117.71607392626422, 33.46129385971523], [-117.71594845594538, 33.46217597712594], [-117.71568822525045, 33.462810712359136], [-117.71568750943871, 33.46396593948032], [-117.71663527826175, 33.466236679167764], [-117.71817970734142, 33.4690430583892], [-117.72055982653184, 33.47287998050392], [-117.72141018221477, 33.47322587856227], [-117.72169812777189, 33.473472361243374], [-117.72189354213641, 33.47364236656333], [-117.72174336698227, 33.474002643056814], [-117.72307133204185, 33.47652782850337], [-117.72377739703192, 33.47793564205866], [-117.72504585598925, 33.48065796699415], [-117.72624241487789, 33.482097123008906], [-117.72774478591515, 33.48346601337953], [-117.72844117127615, 33.483701523778485], [-117.73015784792442, 33.483828335339496], [-117.73115559025022, 33.48392299993641], [-117.73192832395254, 33.48427997886246], [-117.73211982996614, 33.48473879485844], [-117.73253496717045, 33.48492246016713], [-117.73332478784802, 33.485033310426765], [-117.73348797753754, 33.484403393716384], [-117.73385278021784, 33.484067504486724], [-117.73445997944103, 33.48432062312624], [-117.73450112288634, 33.48556544552932], [-117.73395364269976, 33.48603719319198], [-117.73413808062531, 33.48701803499033], [-117.7348274721318, 33.48793170388313], [-117.73563035489016, 33.488677830707], [-117.73666600907697, 33.48887063260772], [-117.73729643542372, 33.48824434970927], [-117.73783318278629, 33.48854703536665], [-117.73785672717393, 33.488914852599386], [-117.73757165918951, 33.48901923574363], [-117.73750140756434, 33.4891651256894], [-117.73715477539686, 33.4892356451858], [-117.73727080707842, 33.48967136915468], [-117.73782168457772, 33.48959963309308], [-117.73810689785503, 33.48951236314105], [-117.73849663048921, 33.489706855645494], [-117.73825785646964, 33.490452750791455], [-117.73859565956411, 33.49054486648395], [-117.73896322884852, 33.49053411843421], [-117.73899448343349, 33.49180894648215], [-117.73880081008994, 33.49185288776576], [-117.73880291853168, 33.492101031863925], [-117.73922257288352, 33.49220977241017], [-117.73947116352012, 33.49261903207462], [-117.73920847405537, 33.492954327852125], [-117.73946371537691, 33.49294424815106], [-117.73956052234283, 33.493072163450286], [-117.7392846167781, 33.49350153116214], [-117.74059391670279, 33.49613786867701], [-117.74126709086349, 33.49722915688372], [-117.74229803515428, 33.49835252817507], [-117.74295262862195, 33.49845984627321], [-117.7436623869126, 33.499046030965914], [-117.74372776397105, 33.499524837847865], [-117.7452501377886, 33.50071270376705], [-117.74600407255858, 33.50055512353265], [-117.74617843638974, 33.50082576248157], [-117.7458347232701, 33.50094335288818], [-117.74577962372805, 33.50121804744514], [-117.74612693119703, 33.501519200101065], [-117.7467419066843, 33.50221343532967], [-117.74697745823065, 33.50221201574746], [-117.7473190513179, 33.50232693741539], [-117.7474399253131, 33.5024793107239], [-117.74725238979464, 33.50294252639609], [-117.74774706276705, 33.503452969663165], [-117.74827435389165, 33.503302175893715], [-117.74847573135315, 33.50355767327758], [-117.74821770957554, 33.503841616865934], [-117.7488354239982, 33.50529473511139], [-117.74997142292733, 33.50643665599929], [-117.75057060988956, 33.50662556250068], [-117.7509504809324, 33.50625744444272], [-117.75123525144652, 33.506409745792126], [-117.75098149924517, 33.50718784236122], [-117.75144302375242, 33.50740325048302], [-117.75214630859331, 33.50899702384169], [-117.75354665338774, 33.51057371872913], [-117.75584967671112, 33.512874999833706], [-117.74998886744412, 33.51286300403155], [-117.74889793464449, 33.51370158522242], [-117.74776421565196, 33.513695059974744], [-117.74537203434184, 33.51286174639203], [-117.73661280128508, 33.51284010732231], [-117.73557189664302, 33.51506745415217], [-117.73230251871829, 33.51507075524335], [-117.72905115627425, 33.515073954658384], [-117.72800712090903, 33.51451236153771], [-117.72469684315756, 33.51273164010038], [-117.71925535172363, 33.51269671358005], [-117.71884532255821, 33.51496084396721], [-117.71912675753215, 33.517483525460236], [-117.71902105719901, 33.51841922583125], [-117.71860114809209, 33.51940263742334], [-117.71778673605219, 33.52078490351098], [-117.71711952680964, 33.521884996371256], [-117.71680258028572, 33.52193045052275], [-117.71291891453834, 33.525321234970285], [-117.71224157145402, 33.5259089098117], [-117.71023697677936, 33.52717716012494], [-117.70838975480603, 33.52930102067882], [-117.70800678624931, 33.5332500698373], [-117.7060030171681, 33.53625690847791], [-117.70505089622692, 33.53765464441094], [-117.70494424514658, 33.53972547701379], [-117.70423828087036, 33.54126799301381], [-117.70279314971894, 33.54442402697562], [-117.7027209361936, 33.544583161735616], [-117.70446009635451, 33.546488985942446], [-117.70687297283372, 33.549145247174884], [-117.70832420178907, 33.55074007106011], [-117.71061244523408, 33.553251219918195], [-117.71022371062718, 33.55318318998435], [-117.70991656994556, 33.5532329060452], [-117.70946691328518, 33.55347251690632], [-117.70985782611041, 33.55407811747523], [-117.71024702969919, 33.55536329029579], [-117.71102793796466, 33.55536055386814], [-117.71104585330534, 33.555548483183806], [-117.7125701015438, 33.55556609354393], [-117.71254636681579, 33.556794665504476], [-117.71202461821866, 33.55690706721261], [-117.71146724969466, 33.55711651752747], [-117.71115146838032, 33.557268980300826], [-117.711067498057, 33.557513230074264], [-117.7102994567193, 33.558896433641394], [-117.71017415325552, 33.5594427861157], [-117.70972870865661, 33.56343411315131], [-117.7114164872974, 33.56290532492856], [-117.71154848484332, 33.56324164681883], [-117.71100385824116, 33.569794416856084], [-117.71436826422396, 33.57114320650704], [-117.71413312344689, 33.571896516682294], [-117.71187219772422, 33.575269944940615], [-117.71168965668082, 33.576650415833235], [-117.71051881349884, 33.57820306594731], [-117.70888620662016, 33.580553086041455], [-117.70823636718247, 33.58219844141798], [-117.70671646749037, 33.58362198135115], [-117.70785813972394, 33.58470543399873], [-117.70950091137455, 33.58610341990295], [-117.71183437836558, 33.58959254105776], [-117.71306950978332, 33.591490612124566], [-117.71254330733316, 33.5917190546547], [-117.71211425743165, 33.59191622908872], [-117.71208368590203, 33.59192774593192], [-117.71127778688215, 33.5921415876898], [-117.71097836740377, 33.59222103557277], [-117.71032898612712, 33.59229596518263], [-117.71022579639693, 33.59230787088806], [-117.70907867908353, 33.592440221476416], [-117.70856590023224, 33.59249938172689], [-117.708387202003, 33.59254372736084], [-117.70770270260226, 33.592714371186176], [-117.70766964706128, 33.59272928662862], [-117.70741089201717, 33.59286009938156], [-117.70730406719197, 33.59291342649546], [-117.70677738542065, 33.59317905379791], [-117.70581736122325, 33.59366119238261], [-117.70252149475614, 33.59534877708486], [-117.70219779850227, 33.59547598864498], [-117.70144635220404, 33.595685412356815], [-117.70130295179925, 33.59515938796909], [-117.70060558926188, 33.59380246523307], [-117.70031869478944, 33.59324421397599], [-117.69992130048881, 33.59274471066336], [-117.69898070569346, 33.59206373855466], [-117.69883462658628, 33.59195737159888], [-117.69663174570739, 33.59469970431979], [-117.6955267268617, 33.59579184514919], [-117.69312687520458, 33.59784051636552], [-117.69242887038735, 33.59859503602458], [-117.69169947750851, 33.59980344019317], [-117.6899055447097, 33.60584256691698], [-117.68940342903682, 33.60566972176699], [-117.68888966287346, 33.60519987439868], [-117.68878314860646, 33.60510246471508], [-117.68863718166578, 33.604417046538074], [-117.68836722338105, 33.6039804233965], [-117.68810280888712, 33.603681147502854], [-117.68773271954161, 33.60342349481065], [-117.68736268959894, 33.6031822262206], [-117.68723591530872, 33.60309915833631], [-117.68669172526583, 33.6027602212489], [-117.68611233224291, 33.6025164708607]]]]}, "properties": {"AdminID": "Orange County", "UtilityID": "SDGE", "AreaType": "District", "SubareaType": "Operational", "Name": "Orange County District", "Shape_Area": 6839463409.700094}}, {"type": "Feature", "geometry": {"type": "MultiPolygon", "coordinates": [[[[-117.26033089947913, 32.75845234620692], [-117.25391111482494, 32.75919485332109], [-117.25380484345841, 32.760235009258864], [-117.25336191007256, 32.762634649894636], [-117.2529447473279, 32.76797063700547], [-117.25323285055687, 32.77243318394201], [-117.25353702939454, 32.779325975000575], [-117.25375252041476, 32.78242922648978], [-117.25441786827687, 32.785989614595366], [-117.25535442719496, 32.789966984616946], [-117.25663411634612, 32.794292340583894], [-117.2573792747036, 32.796021671855705], [-117.25813207653962, 32.795852296526135], [-117.25817091359046, 32.79594990665412], [-117.25946019688935, 32.795674211553674], [-117.25948674963495, 32.79562656489698], [-117.25963495374347, 32.795598704317776], [-117.25968576346962, 32.79573386122874], [-117.25953459263651, 32.79576172781942], [-117.25948113892797, 32.795736789036276], [-117.25818299347027, 32.79602502707463], [-117.25821593490494, 32.79613517303938], [-117.25748110356655, 32.796301827775196], [-117.25967721280408, 32.80149898687544], [-117.26018064504767, 32.802366292871724], [-117.26244246111786, 32.80521599961433], [-117.26352997231938, 32.8065463010955], [-117.26427572275885, 32.80730954651439], [-117.26502046560373, 32.807728788766475], [-117.26568106283453, 32.807777485104864], [-117.2668035803922, 32.807561350711424], [-117.2673453946325, 32.80756353529926], [-117.26767787535435, 32.80765633885515], [-117.26804271752619, 32.80798953986018], [-117.26874074045055, 32.80864598612603], [-117.26939237201823, 32.80965320822497], [-117.27011737064247, 32.81137498793479], [-117.27145502652733, 32.81296518249228], [-117.2715860296035, 32.81312520916439], [-117.27168124419143, 32.8132218570212], [-117.27213785055987, 32.81358824377881], [-117.27267161852023, 32.813965594086106], [-117.27326763509768, 32.81400437231751], [-117.27355264394559, 32.81408390588741], [-117.27367779722616, 32.81426954723328], [-117.27364462600093, 32.81484518064428], [-117.27374113179778, 32.81536152677944], [-117.27406829247822, 32.81542760604021], [-117.27421662037605, 32.815645482362186], [-117.27414136430528, 32.815824883633745], [-117.27380080621957, 32.81590467114221], [-117.2733657497428, 32.81676951668087], [-117.27343538432228, 32.81712115744639], [-117.27376373849279, 32.81757465347663], [-117.27435658735627, 32.818290300139175], [-117.27482135437135, 32.81851193441122], [-117.27535339097646, 32.818314830678545], [-117.27620300020827, 32.81849108174424], [-117.27677372967985, 32.81886833323263], [-117.27704333739156, 32.81907703088654], [-117.27731881550416, 32.81947719685812], [-117.27794182200417, 32.81970292199659], [-117.27842230190915, 32.81988443073831], [-117.27881013552991, 32.82034752765851], [-117.27921124057949, 32.820659667685135], [-117.27986478436422, 32.82075846849837], [-117.28059511571605, 32.82156729275562], [-117.28101375546214, 32.822203142637065], [-117.28089406757282, 32.82271551353215], [-117.28045354997641, 32.823509147690274], [-117.28061286144997, 32.82385612935691], [-117.28065067370915, 32.82414104076002], [-117.28002215851275, 32.82525004567885], [-117.27994435620236, 32.82595056717365], [-117.28092679067687, 32.82943936864064], [-117.2811267252913, 32.829603882980756], [-117.2811908453508, 32.82986646941619], [-117.28109444459288, 32.83003471457207], [-117.28146934838983, 32.831365968102894], [-117.2816872422908, 32.83178128299307], [-117.28220822007655, 32.83234119512921], [-117.28236928104756, 32.83260885031533], [-117.28211872915489, 32.83406473168151], [-117.28177383515556, 32.83477437862897], [-117.28156049646898, 32.834865033384624], [-117.28137697146099, 32.835000707656164], [-117.28163091220229, 32.8374518692411], [-117.28163139919965, 32.83852971063148], [-117.28178002170372, 32.83895144198522], [-117.28226587723185, 32.839620429352934], [-117.2822108962888, 32.84035061715241], [-117.28182749510138, 32.84173800914712], [-117.28143991938343, 32.84281893170685], [-117.28116971877925, 32.84323962730711], [-117.2807379603079, 32.84361074013373], [-117.27974914400333, 32.84416485529537], [-117.27920788231964, 32.8444345671524], [-117.27902432847803, 32.84486031453841], [-117.27898035079727, 32.84525726098693], [-117.27895394937241, 32.84558626171227], [-117.27894431609025, 32.84584239091606], [-117.27906454877736, 32.84613686341402], [-117.27886898200467, 32.84642368250696], [-117.27874541001154, 32.846762110562544], [-117.27885262728981, 32.84688711367466], [-117.27903311265025, 32.84739474565508], [-117.27897073731663, 32.84764832207245], [-117.27867762956578, 32.84786188646072], [-117.27838113031608, 32.847940197354056], [-117.27830689813132, 32.8479253330697], [-117.2782381862335, 32.84777770052282], [-117.27804811649018, 32.847728025632364], [-117.27790884296503, 32.847790956560665], [-117.27766511796995, 32.84766375029834], [-117.2773925285843, 32.847797110736074], [-117.27697104928984, 32.848267515604796], [-117.27655489567374, 32.848490301551664], [-117.27617348527383, 32.848939509920804], [-117.27606819634585, 32.84929487507211], [-117.27601694162912, 32.849399255546054], [-117.27593728171937, 32.8495283073281], [-117.27587726485962, 32.84953859933931], [-117.27576500243303, 32.849573071289235], [-117.27564004282344, 32.84959195827532], [-117.27522003053326, 32.84961040296909], [-117.2750955048273, 32.84970014420024], [-117.2747645579636, 32.85015737167789], [-117.274409781073, 32.85053396384234], [-117.2740426494864, 32.850807795725636], [-117.27389327523595, 32.851124690571666], [-117.27383662358781, 32.851132965249555], [-117.27367198525717, 32.851178037522544], [-117.27363421153682, 32.85118352907085], [-117.27346589693713, 32.85120094107686], [-117.27313368122383, 32.85105144260068], [-117.27295052549208, 32.85079011222633], [-117.27293932937883, 32.85075748301614], [-117.2729650049579, 32.85066737520591], [-117.27303305083052, 32.850599596661745], [-117.27292393031509, 32.850419777799814], [-117.2728546524842, 32.850398696391984], [-117.27270796200622, 32.85032905567695], [-117.27260258141938, 32.85029321718063], [-117.27245599839586, 32.85028988709496], [-117.27234022801308, 32.85029840765902], [-117.27230587609958, 32.850361471491794], [-117.27219582410666, 32.850399753789915], [-117.27209946636505, 32.85036641336415], [-117.27209269022929, 32.8503124846733], [-117.27197525255643, 32.85027242747544], [-117.27178583507488, 32.85031926351966], [-117.27171513516738, 32.850390988770826], [-117.271701919917, 32.85046141271053], [-117.27161834417797, 32.850489183795844], [-117.27153878335605, 32.85049390512092], [-117.27150471365876, 32.85048521002219], [-117.27139803584005, 32.850433892972596], [-117.27132497654566, 32.85045893672516], [-117.27096848332815, 32.85024484930675], [-117.27066561394888, 32.8500057423219], [-117.27053279204448, 32.84969182858945], [-117.27044583167674, 32.84963847558052], [-117.27035238947279, 32.84964994888615], [-117.27034254570007, 32.849706329586866], [-117.27044398024243, 32.8501288016592], [-117.27040759922684, 32.850241598751836], [-117.27009404377148, 32.85021772355824], [-117.26995791644616, 32.850173099980665], [-117.26990621224581, 32.8500369711667], [-117.26978201411457, 32.849810541428255], [-117.26976900087743, 32.849772889019114], [-117.26975456837388, 32.849737768037855], [-117.26973397543308, 32.84970279675191], [-117.26971300795145, 32.84967779412328], [-117.26968614688923, 32.84964757899321], [-117.26964428122909, 32.84963542273146], [-117.26902334206315, 32.849423491389544], [-117.26885951921646, 32.84922095062864], [-117.26792034962125, 32.84891830057609], [-117.26786306618708, 32.84890864337437], [-117.26780789665614, 32.848881453930126], [-117.26767408938659, 32.84883208431986], [-117.26767132166964, 32.848651742381655], [-117.26755105007561, 32.84862194127449], [-117.2673572508168, 32.84867220361259], [-117.26676222790822, 32.84904443869127], [-117.2666710746209, 32.849076568917965], [-117.26659538765064, 32.84907109454081], [-117.26640170027366, 32.848997389051604], [-117.26623747186966, 32.84896767345296], [-117.26573287382371, 32.84885541915833], [-117.26533402388725, 32.84886071387107], [-117.26529781277502, 32.84886837687003], [-117.2650420531851, 32.84893878510499], [-117.26444833771248, 32.84929267311685], [-117.26391258818593, 32.849889808698094], [-117.26364651728045, 32.85058096833843], [-117.26303559521087, 32.851235515976846], [-117.26196384571927, 32.851780651185635], [-117.26185381727628, 32.851828787071014], [-117.26176888764411, 32.851898004123655], [-117.26121439242131, 32.85227792533046], [-117.26059773681692, 32.852986048951806], [-117.25969626975417, 32.85436392612294], [-117.2589055008413, 32.85533194995997], [-117.25602907997836, 32.859926656829096], [-117.25594815582798, 32.860133386830626], [-117.25571392649833, 32.86073182319505], [-117.25555520848647, 32.861505192806725], [-117.25550071753234, 32.8618225832216], [-117.25523314564734, 32.8634526340235], [-117.25495812668152, 32.86463490147223], [-117.25491809209569, 32.86480700120708], [-117.25489137826902, 32.86530579585004], [-117.25457945618761, 32.866246331695585], [-117.25705092839424, 32.866959330726225], [-117.25708239542307, 32.86689247084756], [-117.2574626825063, 32.867021939148806], [-117.25740758753538, 32.86712892675566], [-117.25456294357897, 32.8663102391091], [-117.25428703290198, 32.867191156780464], [-117.25406292045633, 32.86878283154002], [-117.25363150042963, 32.87046398689187], [-117.25347216367888, 32.87133710507833], [-117.2532061893361, 32.871824508369286], [-117.25283386634548, 32.872027133427], [-117.25258125072874, 32.87226513888776], [-117.25237100077831, 32.87255649448248], [-117.25213880457154, 32.87322630895751], [-117.2516521633356, 32.87463008796316], [-117.25143679688557, 32.87560425203992], [-117.25154689825898, 32.87721899717971], [-117.25222613350358, 32.88102942377402], [-117.25297092059735, 32.88312381287743], [-117.25349511171082, 32.88681579519783], [-117.25383392417406, 32.89705112268462], [-117.25394181160053, 32.89786432036642], [-117.25428695723906, 32.900428557132855], [-117.25482010008182, 32.90397767260072], [-117.2552795564531, 32.90625812723163], [-117.25540658377174, 32.90637476019295], [-117.25557322465673, 32.90649799035737], [-117.25569633230121, 32.90662798924016], [-117.25579582083854, 32.906804793206724], [-117.25600652951921, 32.90760352859701], [-117.25601742136448, 32.9076392092764], [-117.25623361047356, 32.90904672906228], [-117.25820030678877, 32.91371838797449], [-117.25833781218937, 32.913901267953115], [-117.25843157597882, 32.91397715836804], [-117.25850173701468, 32.913978421683275], [-117.2585483861505, 32.91393605665749], [-117.25860348428117, 32.913927489414554], [-117.25865547705462, 32.91399923783737], [-117.25862232248515, 32.91408666243877], [-117.25850066848197, 32.91418554120263], [-117.2584874564695, 32.91423769924698], [-117.25859221874063, 32.91457663884694], [-117.25906036561481, 32.917409759094625], [-117.25928075175548, 32.921773243398874], [-117.2595818625103, 32.926047497931734], [-117.26075438040537, 32.93455577046822], [-117.25990396749245, 32.93460955163756], [-117.25889121759096, 32.93537432376672], [-117.25754455051734, 32.93394901868185], [-117.25654805935886, 32.93449389634665], [-117.24652550379766, 32.92975971705017], [-117.2469505258002, 32.931871974013504], [-117.24372476073212, 32.93019382351766], [-117.24137907572884, 32.93163954784269], [-117.24102213524539, 32.931882847705836], [-117.23835318304894, 32.93353528657366], [-117.23330134764818, 32.9356839546826], [-117.2287672086096, 32.93726681272576], [-117.22489284233784, 32.93868904276636], [-117.22288623241452, 32.93968696102076], [-117.22217490822992, 32.94032381465221], [-117.22121135040254, 32.940755347370484], [-117.2143676648502, 32.94374776540704], [-117.20546657453926, 32.94807123871029], [-117.20431970693532, 32.948783174842205], [-117.20301290156264, 32.94950649601086], [-117.20154137499068, 32.94989373583479], [-117.1940708410683, 32.95143227821368], [-117.18303765778971, 32.953809040596376], [-117.16975030158542, 32.956323568835515], [-117.16959954964089, 32.94815465216174], [-117.1695226373048, 32.94655784492194], [-117.16856811757842, 32.93806592449216], [-117.16935081978589, 32.93814804612068], [-117.16910813647239, 32.930564401483856], [-117.1647489085579, 32.93431610226621], [-117.15811499669313, 32.936472733980416], [-117.14963540473777, 32.93917680381356], [-117.14621520485176, 32.93963729708824], [-117.14406582990789, 32.93992425253955], [-117.13850499868329, 32.9406372456878], [-117.1291699095818, 32.94194544124433], [-117.12901305168516, 32.94195933490677], [-117.11836303153251, 32.94309286106207], [-117.11580359011391, 32.94297896195301], [-117.10910273182951, 32.94336156233522], [-117.10730331955178, 32.94287730882252], [-117.10583202864127, 32.9424813353033], [-117.09734264710036, 32.94255865701059], [-117.09268539217572, 32.9426122367521], [-117.0880971505039, 32.9404806742145], [-117.0859598676721, 32.939494931165115], [-117.08424363065494, 32.938703338449905], [-117.08130955564245, 32.93867647747581], [-117.07667855773157, 32.93431070563141], [-117.07449568763381, 32.9343902225404], [-117.07388729430761, 32.934478153001635], [-117.07225555587576, 32.93471397222572], [-117.06882490954325, 32.93475293945702], [-117.06818201863706, 32.93468756387873], [-117.0665423325496, 32.93455661968475], [-117.06103313640035, 32.934933517446275], [-117.05817037459408, 32.931494139943005], [-117.05619993797039, 32.92865183889923], [-117.05549490421593, 32.92653101679919], [-117.04677953371423, 32.926219749925274], [-117.04566001731207, 32.926331833416725], [-117.03466475725065, 32.92743691810493], [-117.03343374273986, 32.92728729243424], [-117.03256102983119, 32.926542106788474], [-117.03156068385107, 32.92660159328227], [-117.03154028202862, 32.927591765768696], [-117.0315269037827, 32.929150109978885], [-117.02706512203773, 32.931635142748306], [-117.02627854763327, 32.93313244624087], [-117.02328061248029, 32.934602174930255], [-117.01522051139658, 32.93704151404808], [-117.0141581821233, 32.93738176962942], [-117.001661465176, 32.943161841100824], [-116.98407330106146, 32.9300918303122], [-116.98933781562312, 32.90501593433456], [-116.99323725555858, 32.90581164177157], [-117.00079315684084, 32.90375764060157], [-117.0131278514397, 32.9030443974552], [-117.03198357660176, 32.902574920360344], [-117.03606183229923, 32.89059028476707], [-117.03529384809265, 32.87668432041112], [-117.04473682912834, 32.8747210255359], [-117.04258177578197, 32.870427674691875], [-117.03585902566734, 32.87145928792054], [-117.0387526143656, 32.85952783407605], [-117.03600729915917, 32.84773615669079], [-117.05063009362605, 32.849734674061494], [-117.05102807099735, 32.847047324462096], [-117.03544957717276, 32.84439748510196], [-117.05065668636614, 32.831921736681466], [-117.05324848742028, 32.82676502814633], [-117.05419220214743, 32.82432487799191], [-117.05511904169947, 32.82394990740873], [-117.05828196573812, 32.82432558929945], [-117.06038641069202, 32.82243887466174], [-117.0634904312006, 32.81966655550913], [-117.06461530031255, 32.81866049622064], [-117.06883454872703, 32.81488851318319], [-117.07156392550367, 32.81218311616056], [-117.07300933325804, 32.811155468696896], [-117.07339154848711, 32.810931313875365], [-117.07705742992385, 32.809984439180646], [-117.0785362955469, 32.80925120940955], [-117.08022066452597, 32.80840939577054], [-117.08608285161077, 32.81418703508194], [-117.087266737911, 32.81505029327034], [-117.0886041100007, 32.81619309002524], [-117.08966111103226, 32.81528809331326], [-117.08279684704665, 32.80702655049212], [-117.08437149458669, 32.8064703270931], [-117.08793015387946, 32.80605395178311], [-117.08969883657427, 32.80620409649906], [-117.09207888589688, 32.80703531254438], [-117.09470787064271, 32.80617352148979], [-117.09511258738301, 32.803619182270126], [-117.09763308474508, 32.80354915530029], [-117.09752491008595, 32.79954977133668], [-117.09578623458249, 32.79949681591757], [-117.09745119215681, 32.795696619166556], [-117.09803224173255, 32.794540631830934], [-117.09919137964057, 32.79370114539242], [-117.10213915649368, 32.79579673505991], [-117.10472829326385, 32.79524865740856], [-117.10473562444442, 32.79220774863225], [-117.1025960240008, 32.79090357104506], [-117.1028359307675, 32.79024643556487], [-117.10353581086521, 32.78949167203119], [-117.10356073323342, 32.788215075265626], [-117.10359868034047, 32.785337336646805], [-117.10359956704768, 32.784703763216555], [-117.10359599374158, 32.78434834427066], [-117.10406778348819, 32.78400173607447], [-117.10616389301134, 32.78395976785968], [-117.1062176744637, 32.78325891377076], [-117.105868734529, 32.78325792463169], [-117.10583013366924, 32.783228683200065], [-117.10372082288349, 32.78325248545733], [-117.10449822938862, 32.781462952605814], [-117.10570005380683, 32.78047026580258], [-117.11070176559294, 32.78024558881399], [-117.11222137342484, 32.78106458175222], [-117.11258273551014, 32.7810323803636], [-117.11305117718933, 32.78098766319376], [-117.11243696810055, 32.77901505496774], [-117.1165946250493, 32.77849857948827], [-117.11965081686405, 32.77748329630584], [-117.124350678502, 32.77508707903641], [-117.12739707871505, 32.77339810729276], [-117.13079246455328, 32.772072383392924], [-117.13772907998525, 32.77047515719245], [-117.14236634401257, 32.769117470206545], [-117.14290909413309, 32.76887633752185], [-117.14717807001485, 32.76706703877678], [-117.15346376629553, 32.76554923026661], [-117.15438653973565, 32.765326322707594], [-117.15726816067213, 32.764630179637244], [-117.15805185925949, 32.763826042106245], [-117.15952670407232, 32.763557795420525], [-117.16136413797076, 32.763484702250096], [-117.16334950512521, 32.762618462868225], [-117.16477691625785, 32.76203811854574], [-117.1659774723426, 32.76143207208961], [-117.17320705570515, 32.75978352100124], [-117.17593280614096, 32.759160544813895], [-117.18684786401622, 32.75969490294246], [-117.19470662778747, 32.76066899614203], [-117.19559875274881, 32.75918584118439], [-117.19621812900138, 32.758850174624406], [-117.19817274961454, 32.75536270486416], [-117.19830217734919, 32.753015096481946], [-117.19832666858079, 32.75240742262338], [-117.19722426554756, 32.75123553441596], [-117.19622059986706, 32.74988424120248], [-117.1953250600305, 32.74918267618881], [-117.19434384220445, 32.74835608720478], [-117.19364516212144, 32.747868247307395], [-117.19264864314759, 32.747306192686736], [-117.18454364746894, 32.74349474077967], [-117.18359092054091, 32.74303313849899], [-117.18255219758171, 32.74254952661521], [-117.18161079610212, 32.74214998519434], [-117.18031697438765, 32.741429473591445], [-117.17930449362416, 32.740566839203126], [-117.17857421389029, 32.73970631924362], [-117.17675222542651, 32.73760760350516], [-117.17057030639431, 32.73047817888381], [-117.1746448595605, 32.729185895140304], [-117.17936110207464, 32.72768768617664], [-117.17911072065463, 32.727149379136485], [-117.1792579648873, 32.72615193094532], [-117.18625162192777, 32.717397470424146], [-117.20620570144932, 32.71980001884345], [-117.20935852287239, 32.718200229662614], [-117.21007617123588, 32.71782451248393], [-117.23130956200377, 32.703726487118615], [-117.23042945660178, 32.6805046554619], [-117.225556122085, 32.671432111270875], [-117.23635053091196, 32.671269598458075], [-117.2364341708739, 32.67119305155516], [-117.23648762315851, 32.6710915788057], [-117.23654379091467, 32.67102183921243], [-117.23682553622464, 32.670794231338334], [-117.2372157787555, 32.67038473735946], [-117.23732189959274, 32.670218425560606], [-117.23739675498281, 32.66980497038908], [-117.23738609509842, 32.66960757393314], [-117.23733131995479, 32.66941998585214], [-117.2372519261444, 32.669021673216065], [-117.23718338860634, 32.6688528580727], [-117.23708391873622, 32.668629126546534], [-117.23706286936897, 32.66834243172464], [-117.23713643408287, 32.66810107028202], [-117.23727159191627, 32.66793078988872], [-117.23750923912714, 32.66776936141492], [-117.23768248712992, 32.667599735003115], [-117.23797033277296, 32.667066660803286], [-117.23810765734137, 32.666913154900506], [-117.23860371206376, 32.66654733235092], [-117.23871871445672, 32.666420198762765], [-117.23895305472723, 32.666227673190434], [-117.23898728926282, 32.66611389202766], [-117.23905068695721, 32.66604159110356], [-117.23919673969421, 32.665959585956045], [-117.23947751530339, 32.665878008607585], [-117.24024774635885, 32.665763941227375], [-117.24076603219132, 32.665625561798734], [-117.24157399276518, 32.66531473402362], [-117.24210900803516, 32.66525134201583], [-117.2422506704347, 32.66520906254402], [-117.24233819333047, 32.66515730636082], [-117.24240188553244, 32.66508754680747], [-117.24243868201695, 32.66500143748559], [-117.24246545641391, 32.664963158359036], [-117.2424935427791, 32.66494040503225], [-117.242624558597, 32.66489582861194], [-117.2426539603527, 32.664878625136716], [-117.24273023886995, 32.66484384266845], [-117.24280781604267, 32.66485826839819], [-117.2428637927168, 32.66490142764952], [-117.24300092894683, 32.66508993258885], [-117.24303103877692, 32.665123949129196], [-117.24318426875362, 32.66524721916053], [-117.24320707408857, 32.665273452788384], [-117.24337614604828, 32.66532145691012], [-117.2434147783736, 32.66531649248858], [-117.2434568101195, 32.66534168445353], [-117.24359200021301, 32.665512621515425], [-117.2436727767062, 32.665580340139755], [-117.24372140166906, 32.6656406648107], [-117.24377731863754, 32.665697028806086], [-117.24391184527504, 32.66589963235219], [-117.2440259851021, 32.66594764897316], [-117.24406357342357, 32.665972469961474], [-117.24411138405902, 32.66597795794596], [-117.24415129252651, 32.666003223718825], [-117.24431174415587, 32.6661660725843], [-117.24439256301955, 32.666193187562676], [-117.24446908131758, 32.666272027742444], [-117.2446391690296, 32.66635958743101], [-117.24468128257897, 32.666421826235776], [-117.24470489270352, 32.666575950082745], [-117.24486385454993, 32.666680431368285], [-117.24495386598441, 32.66686728954568], [-117.24522448486073, 32.66764161440996], [-117.24522521481546, 32.66790880389252], [-117.24499475399612, 32.66834566566602], [-117.24506416888944, 32.6687017851692], [-117.24545462104123, 32.6690127448233], [-117.24579794790395, 32.669417312471786], [-117.2455536633975, 32.67057561742703], [-117.24566477638143, 32.67077579413804], [-117.2457407780758, 32.67161284242925], [-117.24570116795167, 32.672530275298385], [-117.24567112643827, 32.673095887395995], [-117.24577851300444, 32.6738571709658], [-117.24606332050742, 32.67403474019111], [-117.24653316857994, 32.674488041677435], [-117.2470839973909, 32.67566705013957], [-117.24735547238943, 32.67673527784339], [-117.24708232476989, 32.67697183469873], [-117.24720893840662, 32.67706064826899], [-117.24748248275759, 32.67713868579575], [-117.24772041417351, 32.67732683053552], [-117.24774531435602, 32.677705062490816], [-117.24768020873033, 32.67802160466563], [-117.2479968458527, 32.678247080307486], [-117.24813977741074, 32.678555077844074], [-117.24827794773391, 32.67901348162427], [-117.2483739576836, 32.67945860961986], [-117.2486171330093, 32.67980547479554], [-117.24878159790904, 32.680250466047895], [-117.24884594595497, 32.6806689369415], [-117.24857787164463, 32.68083868921251], [-117.24843631606964, 32.68106162836035], [-117.2485836294632, 32.681016804398915], [-117.24883119819285, 32.68104748604114], [-117.24896837594197, 32.681145183892475], [-117.24895924123079, 32.68164841044016], [-117.24876008604654, 32.68198724637672], [-117.24861822128497, 32.68209885653931], [-117.24857030835419, 32.68233629929792], [-117.24889324605067, 32.68253472232709], [-117.24902498630017, 32.68257008722016], [-117.24920907433739, 32.682494017269796], [-117.24944086369332, 32.682529181165044], [-117.24976271362706, 32.68276010653425], [-117.2501492066545, 32.68351192224036], [-117.25006716495521, 32.68430475037262], [-117.24986328675996, 32.684839537073], [-117.25014354091238, 32.68525757608657], [-117.25065388873847, 32.68698438664447], [-117.25046077653097, 32.68760376321129], [-117.25030570557458, 32.68864611420747], [-117.25051813726144, 32.68928694589656], [-117.25186276989702, 32.691036552977934], [-117.2522770101473, 32.69115820437365], [-117.25254123429745, 32.69148275362427], [-117.25267905873112, 32.69180310449287], [-117.25301096826003, 32.691851420167204], [-117.25325925960122, 32.692127014980315], [-117.2532023240917, 32.6924789298727], [-117.25316664181793, 32.69289759843523], [-117.2530621205989, 32.69318281201251], [-117.2531056214785, 32.693668119225734], [-117.25322780167124, 32.694041938325036], [-117.25344435077832, 32.69426415908054], [-117.25382894656593, 32.69431682017525], [-117.25402414248953, 32.694436660093686], [-117.25413603642214, 32.69489510997833], [-117.25407915261427, 32.69526483688865], [-117.25408155700852, 32.695696479518574], [-117.25453709528092, 32.697036266599625], [-117.25482014274043, 32.69841617180135], [-117.25534260196306, 32.6987891747949], [-117.25558080539808, 32.69921173940932], [-117.25551845594299, 32.699510227537], [-117.25530837310436, 32.69971550119569], [-117.2552720134949, 32.69989370217207], [-117.25538330988128, 32.7001383990116], [-117.25544838795184, 32.700797333804125], [-117.25539750992478, 32.70142533284518], [-117.2553144839514, 32.70186191123217], [-117.25537402933332, 32.70242734057289], [-117.25573000643537, 32.70351318546836], [-117.25586425898516, 32.70441690290616], [-117.25583925178087, 32.7067281410006], [-117.25572479906315, 32.70722712784685], [-117.2556844016067, 32.70783729156043], [-117.25552346902876, 32.70866145303186], [-117.25558387122487, 32.709525241006745], [-117.25619381810795, 32.71099798891926], [-117.25623725536136, 32.711452122070035], [-117.25639676639463, 32.71197281461198], [-117.2563451237254, 32.71233362557249], [-117.25645210349016, 32.712903410275764], [-117.25653964584052, 32.71404323715171], [-117.25666764733022, 32.71459516467583], [-117.25663758525253, 32.71513405802543], [-117.25650695299879, 32.71550393599765], [-117.25620710682593, 32.71564704952129], [-117.25603453617552, 32.716088263411216], [-117.2560469535796, 32.71674730352757], [-117.25647647751705, 32.717739477781535], [-117.25665760858664, 32.71844715781244], [-117.25689525852174, 32.718655968735035], [-117.25696950576655, 32.718829489546664], [-117.2568804007511, 32.7189855311905], [-117.25693352493042, 32.719141282643825], [-117.25716054010162, 32.71931449051262], [-117.2573514734834, 32.71976386606217], [-117.25740100728567, 32.72050298609609], [-117.25733596504446, 32.72170101563484], [-117.25735463515393, 32.72269848120764], [-117.25760835844575, 32.72299632012491], [-117.25760975426711, 32.7234817100452], [-117.25795374284654, 32.724024285240766], [-117.2578967551792, 32.724358388547614], [-117.25799301738452, 32.72485694267518], [-117.25841049836247, 32.725305849566176], [-117.25840064316048, 32.725541886780825], [-117.25827987290548, 32.7256801827174], [-117.25726411961327, 32.726034069252805], [-117.25661781166885, 32.726623207695965], [-117.25592994684034, 32.72742172624672], [-117.25603666264723, 32.727893541104656], [-117.25634907375273, 32.728445090971334], [-117.25637806716509, 32.72937128429357], [-117.25653702532554, 32.72968713200642], [-117.25701743789891, 32.73002904010468], [-117.25737690845679, 32.730451350662825], [-117.25742508040639, 32.73071398625102], [-117.25723046547809, 32.7308257140562], [-117.25707234618073, 32.73080377359029], [-117.25696129860582, 32.730661500689294], [-117.25685060884483, 32.730643914066825], [-117.25700513336547, 32.731249223843044], [-117.25726951924015, 32.731582666872455], [-117.2571590970263, 32.731658597522085], [-117.25689536269569, 32.731552262622415], [-117.2568217309144, 32.73159694457303], [-117.25698570809044, 32.73182371958311], [-117.25703901975888, 32.732041812992875], [-117.25690823753469, 32.732367160536384], [-117.25673996173576, 32.732478833339506], [-117.25674563793639, 32.73262132245884], [-117.2569301803144, 32.732669928379124], [-117.25715719201007, 32.7328297755836], [-117.2572215152066, 32.733212613630144], [-117.25722251332658, 32.73355995607844], [-117.25695443634187, 32.73377870880307], [-117.25668593718265, 32.7338505090978], [-117.25660748130741, 32.734051061062694], [-117.2567028923639, 32.73425125671444], [-117.25667219937709, 32.73457194529199], [-117.25666735133568, 32.734718908530745], [-117.25646024452504, 32.73476573130059], [-117.25629846330118, 32.73469294468231], [-117.25618829167526, 32.73485793576591], [-117.25614167544434, 32.73513857831672], [-117.25615800405217, 32.735321124192915], [-117.2563798908718, 32.73552996685451], [-117.25621233571042, 32.73589546689832], [-117.25590547008481, 32.73601177212318], [-117.25585091275244, 32.73663987821594], [-117.2554255080477, 32.73712168311976], [-117.25546988189274, 32.737900891144896], [-117.25537073862309, 32.738239531573186], [-117.25536284092017, 32.73916579880356], [-117.25532802919402, 32.73989172969026], [-117.25557536115144, 32.74162794620612], [-117.2552835153633, 32.74275963555899], [-117.25535410976312, 32.743494257997796], [-117.25550820167797, 32.74394370947421], [-117.25560033554011, 32.744838600444], [-117.25539126543734, 32.74543574599318], [-117.25525720776058, 32.746469143431426], [-117.2549263493222, 32.746861691395885], [-117.25436829488714, 32.747040951510236], [-117.25395147508735, 32.746854764152765], [-117.25363917037761, 32.74713274401433], [-117.25861851463198, 32.75015809273989], [-117.25902689016634, 32.749921791656746], [-117.25913328737609, 32.749813861261856], [-117.25924482373661, 32.74943288898546], [-117.25932492763364, 32.74945777146909], [-117.25918379461417, 32.74985383521086], [-117.25905372681471, 32.74997684325033], [-117.25864574425835, 32.75021574212873], [-117.25845053602393, 32.75074458238082], [-117.25838018869928, 32.750715039658225], [-117.2585684384426, 32.75020996394027], [-117.25768939421968, 32.74969660407131], [-117.25764803271618, 32.749744282050955], [-117.25731546372111, 32.749542069282754], [-117.25735975297601, 32.74948186153913], [-117.25360345058496, 32.747178814864746], [-117.25346828985892, 32.74731602355748], [-117.25300468465772, 32.74788855093969], [-117.2528217360155, 32.74841438868828], [-117.25271198074763, 32.748735234852745], [-117.25260780845821, 32.749167397317095], [-117.252545804309, 32.74960392860759], [-117.25239902413983, 32.75022789719031], [-117.25280855055475, 32.75138167991482], [-117.25339178350531, 32.75139831381719], [-117.25337798369911, 32.751487404151945], [-117.25280402930761, 32.75147371985923], [-117.25271868441396, 32.751904359475695], [-117.25275611360001, 32.75271772156635], [-117.25302010256715, 32.754136249888006], [-117.25361018518302, 32.75656349125698], [-117.25920145616826, 32.75586923983884], [-117.25923002664253, 32.756029494308564], [-117.25363165339334, 32.756700010259046], [-117.2539521764022, 32.75904730903267], [-117.26030241129074, 32.75832177998332], [-117.26033089947913, 32.75845234620692]]]]}, "properties": {"AdminID": "Beach Cities", "UtilityID": "SDGE", "AreaType": "District", "SubareaType": "Operational", "Name": "Beach Cities District", "Shape_Area": 4643260861.516677}}, {"type": "Feature", "geometry": {"type": "MultiPolygon", "coordinates": [[[[-117.06932703782711, 32.77926629020763], [-117.06645982142412, 32.77933750677763], [-117.06700305194141, 32.77874057427794], [-117.06775831341105, 32.77723943908282], [-117.06790610067446, 32.77633695279228], [-117.06776994107021, 32.77509993524637], [-117.06795266159043, 32.77434395560288], [-117.06991524689388, 32.77267908616033], [-117.06984584554428, 32.770687053000444], [-117.06764364309687, 32.766915258284904], [-117.06754511811947, 32.76688273784398], [-117.06682686272596, 32.76555891692176], [-117.06680084169396, 32.76275534821161], [-117.06679512935055, 32.762139970546585], [-117.06701756697922, 32.76140838640665], [-117.06702438948444, 32.761288443237774], [-117.06707175615708, 32.76074739982192], [-117.06681039835502, 32.76037227307213], [-117.06640472336325, 32.759790000486284], [-117.06636948786115, 32.759632403961504], [-117.06630409032384, 32.75942055574326], [-117.06630578708481, 32.75865827616547], [-117.0662013542869, 32.75865674864356], [-117.06623267714987, 32.75809937488221], [-117.06618329327543, 32.756830466605365], [-117.06590673504508, 32.755940216924444], [-117.06454852563357, 32.75311442713798], [-117.06412400189761, 32.75223549819996], [-117.0628879221934, 32.75081717883251], [-117.06176633639083, 32.74734769100669], [-117.06124160125685, 32.74674922296905], [-117.06044450859109, 32.746224408587906], [-117.05915063618767, 32.74578504154276], [-117.05875429309764, 32.745683565441766], [-117.05827349033486, 32.7455670479265], [-117.05810514357498, 32.745520962739434], [-117.05305442835312, 32.74412333400893], [-117.05066511043047, 32.74190672913597], [-117.05282491466969, 32.74015839497644], [-117.05744657335775, 32.735151005211954], [-117.05898868161812, 32.73347029568359], [-117.06120486899603, 32.73172980218088], [-117.06081354560953, 32.731343651536854], [-117.06050663796387, 32.730994112710505], [-117.05976118576092, 32.73053151677632], [-117.05851141082728, 32.73049621352576], [-117.05825750638418, 32.730698640931756], [-117.05824569283855, 32.73072422232504], [-117.05820530082454, 32.730734356712595], [-117.05818639278685, 32.73064229881444], [-117.0581536294835, 32.73028943926871], [-117.05752772211297, 32.729892258522774], [-117.05754462445739, 32.729673761255995], [-117.04963550564199, 32.72972708915956], [-117.04963676849489, 32.72994998146146], [-117.04912929763202, 32.729946497085514], [-117.0491325285446, 32.72904228822118], [-117.04913273316502, 32.72688025781874], [-117.04903557503728, 32.72678828254366], [-117.04905045354467, 32.72279783082333], [-117.04923973141806, 32.72273866151853], [-117.0492080515634, 32.720201845207626], [-117.04902482492177, 32.72003287067189], [-117.04919257810056, 32.71983020042872], [-117.04914947960626, 32.71808551413579], [-117.04918442287433, 32.718089459383044], [-117.04916535100469, 32.7156838133348], [-117.0491490913257, 32.71512696901455], [-117.04890053099831, 32.715127475420445], [-117.04890061410623, 32.71497209878622], [-117.04868173996202, 32.71497345972641], [-117.0486785724778, 32.71515233767943], [-117.04644506177799, 32.715159866677546], [-117.045740578342, 32.71600235495107], [-117.04187264962798, 32.72063430834923], [-117.04072808488549, 32.71984823415972], [-117.04039527746775, 32.72018725264672], [-117.03870474647877, 32.71950461814605], [-117.03825836800328, 32.7204486007294], [-117.0377534483469, 32.72071492568091], [-117.03757487134763, 32.72070497837992], [-117.03752888563639, 32.72048017878716], [-117.03715110033343, 32.720231464515635], [-117.03668282757052, 32.720340804703184], [-117.03643650891964, 32.720645161275215], [-117.0365116621634, 32.721100767015216], [-117.0352897132992, 32.721248889449384], [-117.03534419744251, 32.72033434040392], [-117.03460024812222, 32.720300322119435], [-117.03443229327499, 32.71867555417066], [-117.03468402667704, 32.71866436306491], [-117.03468541423496, 32.7179120524391], [-117.03468785312737, 32.717023746221976], [-117.03469059393703, 32.71666490305235], [-117.03258582472074, 32.715333836943536], [-117.03194840837716, 32.71550383280528], [-117.03194601747039, 32.72038062637344], [-117.03020927055367, 32.72032740721134], [-117.03023025529767, 32.72179741403348], [-117.02842237303547, 32.721797239606076], [-117.02840701885536, 32.71891476389881], [-117.02668074793857, 32.71890182549007], [-117.02633761824718, 32.719239624288505], [-117.02547618958383, 32.719263634241145], [-117.02507085843501, 32.718676027967255], [-117.02326845077219, 32.71842320213716], [-117.02299668410542, 32.718139053716754], [-117.02307915408392, 32.71481039762419], [-117.02047521794191, 32.7148122480956], [-117.020273463776, 32.71459479370167], [-117.02012590176014, 32.71373172593235], [-117.01816934684733, 32.70833422445979], [-117.0206474836894, 32.707535906740226], [-117.01997343203517, 32.70585542668423], [-117.02076365098462, 32.705658749042456], [-117.0211647379556, 32.704841527397754], [-117.0210278572284, 32.70443011031472], [-117.02127123090388, 32.7038269606995], [-117.01996430321822, 32.701608567008826], [-117.01950679322029, 32.700341804928634], [-117.0198297319342, 32.700233453849854], [-117.02517870291395, 32.69872250234571], [-117.0248577390092, 32.697825007547706], [-117.02457716665927, 32.69708057014082], [-117.02280263609657, 32.69645753215879], [-117.02234332445425, 32.695566045922405], [-117.0219477988174, 32.69460267817422], [-117.02212904713306, 32.6935803992946], [-117.02205848325009, 32.693316985274905], [-117.02232918917478, 32.692903199204245], [-117.02293519679664, 32.69278566621616], [-117.0214565006214, 32.68828722480622], [-117.0191002792682, 32.68875859864776], [-117.0185255463312, 32.68887531718736], [-117.01685490117103, 32.68936704001684], [-117.01518295905986, 32.68994265954548], [-117.01417521213983, 32.6897520366757], [-117.01183762736157, 32.69021066504758], [-117.00823674841739, 32.69090447966619], [-116.99915295683257, 32.691924868472164], [-116.9906912974234, 32.693751233654275], [-116.98468079101762, 32.696520997743875], [-116.98009498570457, 32.70349302364383], [-116.97807920550555, 32.706550523957475], [-116.97262099366777, 32.708757713427076], [-116.96991364480712, 32.708597913007594], [-116.97006200026344, 32.685335222830034], [-116.95543517689919, 32.67974936825188], [-116.94806511568528, 32.67693133975549], [-116.94554949518792, 32.67708520367525], [-116.94332142083731, 32.67595214374237], [-116.94031434624002, 32.67838211140223], [-116.93361130362514, 32.67995506755684], [-116.93164702015702, 32.6793809514296], [-116.93187170142278, 32.671165445462265], [-116.92277900237654, 32.66635094720787], [-116.89895537623931, 32.644612112760136], [-116.89134401930798, 32.63759853798005], [-116.88599074647009, 32.6326662365255], [-116.88102859891974, 32.62809352651155], [-116.84495349977354, 32.59484296425056], [-116.84673321434897, 32.593961136731856], [-116.84505145829667, 32.59373275434107], [-116.84388836197436, 32.59385396998846], [-116.82386919496012, 32.57530144947206], [-116.82407595320103, 32.559549059557646], [-117.0089095551486, 32.54420734210451], [-117.02193128896354, 32.54309429642387], [-117.02192851411795, 32.54277683094642], [-117.02724953572928, 32.542342431387944], [-117.02727670290646, 32.54263617512236], [-117.03002437850701, 32.54240128667856], [-117.03938828602737, 32.54159854573895], [-117.03990901928897, 32.540951406556424], [-117.0624935596104, 32.53911111979479], [-117.06833600573954, 32.54004000763441], [-117.06941705512752, 32.53902973285812], [-117.12473412365509, 32.53427325082885], [-117.1255183826223, 32.54458611935262], [-117.12571133824316, 32.54667167361471], [-117.1270550403014, 32.55103297644849], [-117.1283382647672, 32.55403285893216], [-117.12985611706739, 32.55693310868868], [-117.13065570537307, 32.55807511478261], [-117.13302054535987, 32.56665812254873], [-117.13246301764975, 32.57358464772598], [-117.13239339613988, 32.57562504820069], [-117.1324693557856, 32.57699574319358], [-117.1328405233782, 32.577988555871286], [-117.13284301454405, 32.579516047717995], [-117.13718993300793, 32.57952395519738], [-117.13718697089847, 32.579408404242265], [-117.13734063042047, 32.57941059438931], [-117.1375265043414, 32.579533019963], [-117.13739671951528, 32.57966207994373], [-117.13722589751814, 32.579668555168034], [-117.13722577274284, 32.5795868030829], [-117.132843132551, 32.57958836613706], [-117.13285016521169, 32.58389986455839], [-117.13372536347708, 32.58390837037308], [-117.13372917046821, 32.58397125281488], [-117.13285029824188, 32.583981618261], [-117.13285306895, 32.58568030076044], [-117.13277029842588, 32.58756876670326], [-117.13377558340711, 32.58757608539445], [-117.13377568345645, 32.587643164343916], [-117.13278035704064, 32.58767356720475], [-117.132928592838, 32.59543585410784], [-117.13396260476551, 32.60572356735139], [-117.1361408572881, 32.61649952587108], [-117.13671776802342, 32.61685916636615], [-117.13669367743748, 32.61701359272041], [-117.13656009293841, 32.61714755170967], [-117.13787607734014, 32.622408306136634], [-117.1419283241868, 32.63245619178195], [-117.14727921765696, 32.64252681229278], [-117.1527448514205, 32.65152349353254], [-117.15560839895316, 32.65632656294761], [-117.16072616534376, 32.66342019350631], [-117.16503228057684, 32.667928395860045], [-117.17149410555247, 32.67339697636527], [-117.17714343048331, 32.67767625758832], [-117.17863865407573, 32.6787194013075], [-117.17904919871657, 32.678608807079804], [-117.1794393439738, 32.67856771993014], [-117.17985712730707, 32.678653970446454], [-117.18002852309415, 32.67877531393939], [-117.1800018009805, 32.67910537943682], [-117.18018722691707, 32.67939461119412], [-117.18447860181597, 32.6819751963263], [-117.18805271443064, 32.683822672228715], [-117.19108992909459, 32.68497092642771], [-117.19415325629866, 32.68575483363106], [-117.2036176266119, 32.6714884420457], [-117.225556122085, 32.671432111270875], [-117.23042945660178, 32.6805046554619], [-117.23130956200377, 32.703726487118615], [-117.21007617123588, 32.71782451248393], [-117.20935852287239, 32.718200229662614], [-117.20620570144932, 32.71980001884345], [-117.18625162192777, 32.717397470424146], [-117.1792579648873, 32.72615193094532], [-117.17911072065463, 32.727149379136485], [-117.17936110207464, 32.72768768617664], [-117.1746448595605, 32.729185895140304], [-117.17057030639431, 32.73047817888381], [-117.17675222542651, 32.73760760350516], [-117.17857421389029, 32.73970631924362], [-117.17930449362416, 32.740566839203126], [-117.18031697438765, 32.741429473591445], [-117.18161079610212, 32.74214998519434], [-117.18255219758171, 32.74254952661521], [-117.18359092054091, 32.74303313849899], [-117.18454364746894, 32.74349474077967], [-117.19264864314759, 32.747306192686736], [-117.19364516212144, 32.747868247307395], [-117.19434384220445, 32.74835608720478], [-117.1953250600305, 32.74918267618881], [-117.19622059986706, 32.74988424120248], [-117.19722426554756, 32.75123553441596], [-117.19832666858079, 32.75240742262338], [-117.19830217734919, 32.753015096481946], [-117.19817274961454, 32.75536270486416], [-117.19621812900138, 32.758850174624406], [-117.19559875274881, 32.75918584118439], [-117.19470662778747, 32.76066899614203], [-117.18684786401622, 32.75969490294246], [-117.17593280614096, 32.759160544813895], [-117.17320705570515, 32.75978352100124], [-117.1659774723426, 32.76143207208961], [-117.16477691625785, 32.76203811854574], [-117.16334950512521, 32.762618462868225], [-117.16136413797076, 32.763484702250096], [-117.15952670407232, 32.763557795420525], [-117.15805185925949, 32.763826042106245], [-117.15726816067213, 32.764630179637244], [-117.15438653973565, 32.765326322707594], [-117.15346376629553, 32.76554923026661], [-117.14717807001485, 32.76706703877678], [-117.14290909413309, 32.76887633752185], [-117.14236634401257, 32.769117470206545], [-117.13772907998525, 32.77047515719245], [-117.13079246455328, 32.772072383392924], [-117.12739707871505, 32.77339810729276], [-117.124350678502, 32.77508707903641], [-117.11965081686405, 32.77748329630584], [-117.1165946250493, 32.77849857948827], [-117.11243696810055, 32.77901505496774], [-117.1019565157957, 32.77894530059763], [-117.08953341359326, 32.7807550953875], [-117.08778874267547, 32.78100504352563], [-117.07689005545184, 32.77974923567792], [-117.06932703782711, 32.77926629020763]]]]}, "properties": {"AdminID": "Metro", "UtilityID": "SDGE", "AreaType": "District", "SubareaType": "Operational", "Name": "Metro District", "Shape_Area": 5824860521.145771}}, {"type": "Feature", "geometry": {"type": "MultiPolygon", "coordinates": [[[[-116.7264626908864, 33.42762881614443], [-116.68929081852687, 33.42658478374612], [-116.65453111097736, 33.426433268217785], [-116.53738293088169, 33.426141819075276], [-116.46796488797038, 33.42622416937741], [-116.36760026254231, 33.426407687814326], [-116.20964299527607, 33.42653243869537], [-116.21154955650884, 33.326350858732894], [-116.21056597015604, 33.30091274103401], [-116.20927224006726, 33.26743449707346], [-116.20709015527937, 33.21091906503785], [-116.23263900498594, 33.17374906746693], [-116.24446509697543, 33.156531135944526], [-116.27742188352758, 33.077961077579126], [-116.2777592488007, 33.02568880387364], [-116.27524846279384, 33.02411570695778], [-116.24622449986192, 32.99773466347679], [-116.21915965973325, 32.9731142483304], [-116.1942797685989, 32.95046433133489], [-116.16948511259874, 32.92949221920287], [-116.14909740363345, 32.91223662428255], [-116.13812580365486, 32.9029464489291], [-116.13839167901186, 32.88409686777712], [-116.13917268505352, 32.8286415405165], [-116.13936644930682, 32.81486374335102], [-116.10388205397115, 32.814027308773255], [-116.10328706150722, 32.72587445882237], [-116.10582509354977, 32.7258421067979], [-116.19829937111517, 32.78347773470537], [-116.27153998830022, 32.83287491753464], [-116.37190483741134, 32.89986597073387], [-116.42805540253653, 32.942251220438116], [-116.45559689905416, 32.96391870757507], [-116.4824045071355, 32.98513995712487], [-116.52387054926903, 32.985164107480244], [-116.53521184374772, 32.99320600407797], [-116.55951169570292, 33.01042815621374], [-116.56402638203755, 33.01189287148209], [-116.57539645544527, 33.01236643592801], [-116.59274620091166, 33.01175071409281], [-116.60025228144617, 33.01085843913254], [-116.61590439674197, 33.0101495501836], [-116.65615750250096, 33.00831734372765], [-116.69471689635849, 33.006549955780294], [-116.69972996930078, 33.00358530280814], [-116.73205558525237, 32.984458750397536], [-116.76118724499761, 32.984112996545406], [-116.76731077264847, 32.975449040480456], [-116.77656592788018, 32.97521082661431], [-116.80254489790399, 32.9594766768016], [-116.80838053694823, 32.9620054845121], [-116.80798902958902, 32.9841908571362], [-116.82481680344897, 32.984427826013224], [-116.82485209436798, 32.98382991692781], [-116.85082584401773, 32.96173105442967], [-116.85658257276893, 32.95684498697066], [-116.86227023415351, 32.95199527613167], [-116.86273689290091, 32.95223061645323], [-116.86463296246045, 32.95084173188291], [-116.86636437483473, 32.95062308520747], [-116.86610473960829, 32.94871971786072], [-116.88310540993741, 32.935912720732745], [-116.88386896596342, 32.935349954641595], [-116.90170277886519, 32.929271735707424], [-116.915190809348, 32.924377197548004], [-116.93617800758459, 32.925153847968915], [-116.94978693483537, 32.94226214992631], [-116.95956289740559, 32.93803557796992], [-116.97554591184591, 32.95066889574492], [-116.97809718137007, 32.95767036508902], [-116.98119648518654, 32.96709934960401], [-116.9741642132998, 32.97468401136838], [-116.97296051559145, 32.9754039824672], [-116.97552313886384, 32.98276850762656], [-116.9864903318298, 32.98252617312204], [-116.99048178641989, 32.993912049928625], [-116.98675384393727, 32.99426388665014], [-116.9875374246027, 32.99993019112676], [-116.99327163675909, 32.99970206487423], [-116.99693115503581, 33.00710341395558], [-116.99697273107819, 33.011577418585], [-116.99727291119139, 33.02217327750856], [-116.9967949343499, 33.0291114151962], [-116.99646737772728, 33.030119228029754], [-116.99654118717082, 33.03527030435553], [-116.99662609316417, 33.05083310154619], [-116.99662868717256, 33.052428621268554], [-116.99337002655426, 33.062824019734606], [-116.99218862597807, 33.06658033209613], [-116.99319696559428, 33.06806028893101], [-116.99338935785481, 33.073095307537386], [-116.98014401785363, 33.07206381331563], [-116.97707848540132, 33.07308684766405], [-116.97530173137048, 33.067753670648536], [-116.97403484397377, 33.06916266618747], [-116.97341092612625, 33.0743013553074], [-116.9651111861094, 33.07715663676245], [-116.96465033929758, 33.073557039055544], [-116.95395924110701, 33.076463559781374], [-116.95496763288634, 33.08042752520529], [-116.94935074270374, 33.08261904535839], [-116.93891523633296, 33.08461613506287], [-116.9218373133714, 33.08579025192959], [-116.90495660724174, 33.08694834422412], [-116.8935831764955, 33.116084975322515], [-116.88241951063445, 33.143559830007554], [-116.86917115869453, 33.17120932551463], [-116.86386741939071, 33.181603855459606], [-116.86230337689324, 33.18471890504602], [-116.85655548658148, 33.19552906964267], [-116.84427025198899, 33.219925044922306], [-116.8187192964043, 33.265130555926156], [-116.82398673255413, 33.26138609486817], [-116.82751740788868, 33.2637079458214], [-116.81892856397317, 33.2720655446456], [-116.81796087556461, 33.27170911585617], [-116.82127324019206, 33.293184451817], [-116.82310705917631, 33.30460014106791], [-116.82574455804186, 33.32289233511551], [-116.82715249582354, 33.33236230687512], [-116.8278947804964, 33.33715341953563], [-116.83747070517524, 33.41032658920937], [-116.8682229638624, 33.42011203438594], [-116.86799020746321, 33.42673749281488], [-116.86775505685173, 33.433461584915776], [-116.86774993639365, 33.43360764158884], [-116.81827494489848, 33.430831349629166], [-116.7809808923895, 33.42944619287937], [-116.76038657259224, 33.42876249459172], [-116.7264626908864, 33.42762881614443]]]]}, "properties": {"AdminID": "Ramona", "UtilityID": "SDGE", "AreaType": "Sub District", "SubareaType": "Operational", "Name": "Ramona Sub District", "Shape_Area": 36877450566.491425}}, {"type": "Feature", "geometry": {"type": "MultiPolygon", "coordinates": [[[[-116.77924131001932, 32.92631617625077], [-116.78147509279219, 32.90667571158692], [-116.77976397942585, 32.89353269548748], [-116.76532926662989, 32.893035603089196], [-116.7630295822871, 32.89193208281614], [-116.75414923627987, 32.887674444259666], [-116.74473529869888, 32.88315161086973], [-116.73741272891847, 32.86394982823199], [-116.73421027889752, 32.85557291502067], [-116.73146801594197, 32.84839975387259], [-116.73131514387559, 32.84310118296914], [-116.73111716926633, 32.83629896117692], [-116.73150239801619, 32.834091756648206], [-116.73164660141951, 32.833385783396515], [-116.73198394515181, 32.83164582255423], [-116.73232207986425, 32.82748030788409], [-116.73242069572231, 32.81955079100487], [-116.7296949153898, 32.819526039381664], [-116.71189054444423, 32.819321384554875], [-116.6989725295978, 32.80042085648683], [-116.6963159565273, 32.79670024005052], [-116.68693924016435, 32.78296657829489], [-116.69464689543669, 32.77331039939935], [-116.69941914868072, 32.771230723441434], [-116.70140287292055, 32.767706419557996], [-116.7050413277111, 32.76123070368344], [-116.71031995443678, 32.751863452753625], [-116.7132844983065, 32.74892031574955], [-116.71342765854133, 32.7487811539158], [-116.73728747406989, 32.72479092199067], [-116.74633968097014, 32.71569111500619], [-116.74705103122642, 32.71496851160795], [-116.74882646589607, 32.71313843690865], [-116.77632516941632, 32.69165583248078], [-116.79884634336541, 32.682212151309756], [-116.82445183248706, 32.671444212306675], [-116.8037774228485, 32.66111606213321], [-116.79368482965802, 32.65600404012437], [-116.79352389216457, 32.634338940333386], [-116.79315739516255, 32.59813278109648], [-116.7928367256175, 32.56233535255246], [-116.82407595320103, 32.559549059557646], [-116.82386919496012, 32.57530144947206], [-116.84388836197436, 32.59385396998846], [-116.84505145829667, 32.59373275434107], [-116.84673321434897, 32.593961136731856], [-116.84495349977354, 32.59484296425056], [-116.88102859891974, 32.62809352651155], [-116.88599074647009, 32.6326662365255], [-116.89134401930798, 32.63759853798005], [-116.89895537623931, 32.644612112760136], [-116.92277900237654, 32.66635094720787], [-116.93187170142278, 32.671165445462265], [-116.93164702015702, 32.6793809514296], [-116.93361130362514, 32.67995506755684], [-116.94031434624002, 32.67838211140223], [-116.94332142083731, 32.67595214374237], [-116.94554949518792, 32.67708520367525], [-116.94806511568528, 32.67693133975549], [-116.95543517689919, 32.67974936825188], [-116.97006200026344, 32.685335222830034], [-116.96991364480712, 32.708597913007594], [-116.97262099366777, 32.708757713427076], [-116.97807920550555, 32.706550523957475], [-116.98009498570457, 32.70349302364383], [-116.98468079101762, 32.696520997743875], [-116.9906912974234, 32.693751233654275], [-116.99915295683257, 32.691924868472164], [-117.00823674841739, 32.69090447966619], [-117.01183762736157, 32.69021066504758], [-117.01417521213983, 32.6897520366757], [-117.01518295905986, 32.68994265954548], [-117.01685490117103, 32.68936704001684], [-117.0185255463312, 32.68887531718736], [-117.0191002792682, 32.68875859864776], [-117.0214565006214, 32.68828722480622], [-117.02293519679664, 32.69278566621616], [-117.02232918917478, 32.692903199204245], [-117.02205848325009, 32.693316985274905], [-117.02212904713306, 32.6935803992946], [-117.0219477988174, 32.69460267817422], [-117.02234332445425, 32.695566045922405], [-117.02280263609657, 32.69645753215879], [-117.02457716665927, 32.69708057014082], [-117.0248577390092, 32.697825007547706], [-117.02517870291395, 32.69872250234571], [-117.0198297319342, 32.700233453849854], [-117.01950679322029, 32.700341804928634], [-117.01996430321822, 32.701608567008826], [-117.02127123090388, 32.7038269606995], [-117.0210278572284, 32.70443011031472], [-117.0211647379556, 32.704841527397754], [-117.02076365098462, 32.705658749042456], [-117.01997343203517, 32.70585542668423], [-117.0206474836894, 32.707535906740226], [-117.01816934684733, 32.70833422445979], [-117.02012590176014, 32.71373172593235], [-117.020273463776, 32.71459479370167], [-117.02047521794191, 32.7148122480956], [-117.02307915408392, 32.71481039762419], [-117.02299668410542, 32.718139053716754], [-117.02326845077219, 32.71842320213716], [-117.02507085843501, 32.718676027967255], [-117.02547618958383, 32.719263634241145], [-117.02633761824718, 32.719239624288505], [-117.02668074793857, 32.71890182549007], [-117.02840701885536, 32.71891476389881], [-117.02842237303547, 32.721797239606076], [-117.03023025529767, 32.72179741403348], [-117.03020927055367, 32.72032740721134], [-117.03194601747039, 32.72038062637344], [-117.03194840837716, 32.71550383280528], [-117.03258582472074, 32.715333836943536], [-117.03469059393703, 32.71666490305235], [-117.03468785312737, 32.717023746221976], [-117.03468541423496, 32.7179120524391], [-117.03468402667704, 32.71866436306491], [-117.03443229327499, 32.71867555417066], [-117.03460024812222, 32.720300322119435], [-117.03534419744251, 32.72033434040392], [-117.0352897132992, 32.721248889449384], [-117.0365116621634, 32.721100767015216], [-117.03643650891964, 32.720645161275215], [-117.03668282757052, 32.720340804703184], [-117.03715110033343, 32.720231464515635], [-117.03752888563639, 32.72048017878716], [-117.03757487134763, 32.72070497837992], [-117.0377534483469, 32.72071492568091], [-117.03825836800328, 32.7204486007294], [-117.03870474647877, 32.71950461814605], [-117.04039527746775, 32.72018725264672], [-117.04072808488549, 32.71984823415972], [-117.04187264962798, 32.72063430834923], [-117.045740578342, 32.71600235495107], [-117.04644506177799, 32.715159866677546], [-117.0486785724778, 32.71515233767943], [-117.04868173996202, 32.71497345972641], [-117.04890061410623, 32.71497209878622], [-117.04890053099831, 32.715127475420445], [-117.0491490913257, 32.71512696901455], [-117.04916535100469, 32.7156838133348], [-117.04918442287433, 32.718089459383044], [-117.04914947960626, 32.71808551413579], [-117.04919257810056, 32.71983020042872], [-117.04902482492177, 32.72003287067189], [-117.0492080515634, 32.720201845207626], [-117.04923973141806, 32.72273866151853], [-117.04905045354467, 32.72279783082333], [-117.04903557503728, 32.72678828254366], [-117.04913273316502, 32.72688025781874], [-117.0491325285446, 32.72904228822118], [-117.04912929763202, 32.729946497085514], [-117.04963676849489, 32.72994998146146], [-117.04963550564199, 32.72972708915956], [-117.05754462445739, 32.729673761255995], [-117.05752772211297, 32.729892258522774], [-117.0581536294835, 32.73028943926871], [-117.05818639278685, 32.73064229881444], [-117.05820530082454, 32.730734356712595], [-117.05824569283855, 32.73072422232504], [-117.05825750638418, 32.730698640931756], [-117.05851141082728, 32.73049621352576], [-117.05976118576092, 32.73053151677632], [-117.06050663796387, 32.730994112710505], [-117.06081354560953, 32.731343651536854], [-117.06120486899603, 32.73172980218088], [-117.05898868161812, 32.73347029568359], [-117.05744657335775, 32.735151005211954], [-117.05282491466969, 32.74015839497644], [-117.05066511043047, 32.74190672913597], [-117.05305442835312, 32.74412333400893], [-117.05810514357498, 32.745520962739434], [-117.05827349033486, 32.7455670479265], [-117.05875429309764, 32.745683565441766], [-117.05915063618767, 32.74578504154276], [-117.06044450859109, 32.746224408587906], [-117.06124160125685, 32.74674922296905], [-117.06176633639083, 32.74734769100669], [-117.0628879221934, 32.75081717883251], [-117.06412400189761, 32.75223549819996], [-117.06454852563357, 32.75311442713798], [-117.06590673504508, 32.755940216924444], [-117.06618329327543, 32.756830466605365], [-117.06623267714987, 32.75809937488221], [-117.0662013542869, 32.75865674864356], [-117.06630578708481, 32.75865827616547], [-117.06630409032384, 32.75942055574326], [-117.06636948786115, 32.759632403961504], [-117.06640472336325, 32.759790000486284], [-117.06681039835502, 32.76037227307213], [-117.06707175615708, 32.76074739982192], [-117.06702438948444, 32.761288443237774], [-117.06701756697922, 32.76140838640665], [-117.06679512935055, 32.762139970546585], [-117.06680084169396, 32.76275534821161], [-117.06682686272596, 32.76555891692176], [-117.06754511811947, 32.76688273784398], [-117.06764364309687, 32.766915258284904], [-117.06984584554428, 32.770687053000444], [-117.06991524689388, 32.77267908616033], [-117.06795266159043, 32.77434395560288], [-117.06776994107021, 32.77509993524637], [-117.06790610067446, 32.77633695279228], [-117.06775831341105, 32.77723943908282], [-117.06700305194141, 32.77874057427794], [-117.06645982142412, 32.77933750677763], [-117.06932703782711, 32.77926629020763], [-117.07689005545184, 32.77974923567792], [-117.08778874267547, 32.78100504352563], [-117.08953341359326, 32.7807550953875], [-117.1019565157957, 32.77894530059763], [-117.11243696810055, 32.77901505496774], [-117.11305117718933, 32.78098766319376], [-117.11258273551014, 32.7810323803636], [-117.11222137342484, 32.78106458175222], [-117.11070176559294, 32.78024558881399], [-117.10570005380683, 32.78047026580258], [-117.10449822938862, 32.781462952605814], [-117.10372082288349, 32.78325248545733], [-117.10583013366924, 32.783228683200065], [-117.105868734529, 32.78325792463169], [-117.1062176744637, 32.78325891377076], [-117.10616389301134, 32.78395976785968], [-117.10406778348819, 32.78400173607447], [-117.10359599374158, 32.78434834427066], [-117.10359956704768, 32.784703763216555], [-117.10359868034047, 32.785337336646805], [-117.10356073323342, 32.788215075265626], [-117.10353581086521, 32.78949167203119], [-117.1028359307675, 32.79024643556487], [-117.1025960240008, 32.79090357104506], [-117.10473562444442, 32.79220774863225], [-117.10472829326385, 32.79524865740856], [-117.10213915649368, 32.79579673505991], [-117.09919137964057, 32.79370114539242], [-117.09803224173255, 32.794540631830934], [-117.09745119215681, 32.795696619166556], [-117.09578623458249, 32.79949681591757], [-117.09752491008595, 32.79954977133668], [-117.09763308474508, 32.80354915530029], [-117.09511258738301, 32.803619182270126], [-117.09470787064271, 32.80617352148979], [-117.09207888589688, 32.80703531254438], [-117.08969883657427, 32.80620409649906], [-117.08793015387946, 32.80605395178311], [-117.08437149458669, 32.8064703270931], [-117.08279684704665, 32.80702655049212], [-117.08966111103226, 32.81528809331326], [-117.0886041100007, 32.81619309002524], [-117.087266737911, 32.81505029327034], [-117.08608285161077, 32.81418703508194], [-117.08022066452597, 32.80840939577054], [-117.0785362955469, 32.80925120940955], [-117.07705742992385, 32.809984439180646], [-117.07339154848711, 32.810931313875365], [-117.07300933325804, 32.811155468696896], [-117.07156392550367, 32.81218311616056], [-117.06883454872703, 32.81488851318319], [-117.06461530031255, 32.81866049622064], [-117.0634904312006, 32.81966655550913], [-117.06038641069202, 32.82243887466174], [-117.05828196573812, 32.82432558929945], [-117.05511904169947, 32.82394990740873], [-117.05419220214743, 32.82432487799191], [-117.05324848742028, 32.82676502814633], [-117.05065668636614, 32.831921736681466], [-117.03544957717276, 32.84439748510196], [-117.05102807099735, 32.847047324462096], [-117.05063009362605, 32.849734674061494], [-117.03600729915917, 32.84773615669079], [-117.0387526143656, 32.85952783407605], [-117.03585902566734, 32.87145928792054], [-117.04258177578197, 32.870427674691875], [-117.04473682912834, 32.8747210255359], [-117.03529384809265, 32.87668432041112], [-117.03606183229923, 32.89059028476707], [-117.03198357660176, 32.902574920360344], [-117.0131278514397, 32.9030443974552], [-117.00079315684084, 32.90375764060157], [-116.99323725555858, 32.90581164177157], [-116.98933781562312, 32.90501593433456], [-116.98407330106146, 32.9300918303122], [-116.98184921296843, 32.934635503751636], [-116.97958362542512, 32.93856729101855], [-116.97554591184591, 32.95066889574492], [-116.95956289740559, 32.93803557796992], [-116.94978693483537, 32.94226214992631], [-116.93617800758459, 32.925153847968915], [-116.915190809348, 32.924377197548004], [-116.90170277886519, 32.929271735707424], [-116.88386896596342, 32.935349954641595], [-116.88310540993741, 32.935912720732745], [-116.86610473960829, 32.94871971786072], [-116.86636437483473, 32.95062308520747], [-116.86463296246045, 32.95084173188291], [-116.86273689290091, 32.95223061645323], [-116.86227023415351, 32.95199527613167], [-116.85658257276893, 32.95684498697066], [-116.85082584401773, 32.96173105442967], [-116.82485209436798, 32.98382991692781], [-116.82481680344897, 32.984427826013224], [-116.80798902958902, 32.9841908571362], [-116.80838053694823, 32.9620054845121], [-116.80254489790399, 32.9594766768016], [-116.77656592788018, 32.97521082661431], [-116.76731077264847, 32.975449040480456], [-116.76118724499761, 32.984112996545406], [-116.75695164936438, 32.96072203022602], [-116.76894782437125, 32.946659251268315], [-116.77924131001932, 32.92631617625077]]]]}, "properties": {"AdminID": "Eastern", "UtilityID": "SDGE", "AreaType": "District", "SubareaType": "Operational", "Name": "Eastern District", "Shape_Area": 10067568318.538528}}, {"type": "Feature", "geometry": {"type": "MultiPolygon", "coordinates": [[[[-117.34131809899824, 33.14139702126052], [-117.3421463931197, 33.14282764295348], [-117.34395490272814, 33.145001636792166], [-117.34481884394538, 33.14459221668938], [-117.34490524958844, 33.14469147395083], [-117.34375190161346, 33.145332344800764], [-117.34405976462178, 33.14569782369692], [-117.34520276922946, 33.145160997631585], [-117.3453000680517, 33.14529640530115], [-117.34487349556453, 33.14550713267029], [-117.34615487646768, 33.14715369580298], [-117.34794248575486, 33.14941903027579], [-117.35088890413583, 33.15365924422109], [-117.35328560515902, 33.157050059094644], [-117.3537209384913, 33.15718704957949], [-117.35415805623829, 33.15820564646616], [-117.35616755824728, 33.16035477598765], [-117.3583118967085, 33.16334836749341], [-117.35889432386855, 33.164366420391644], [-117.36173364224247, 33.16785092170077], [-117.36658847921208, 33.17355317789074], [-117.36847366652644, 33.17531436876605], [-117.37160915939997, 33.17909861197928], [-117.37625065465795, 33.18411286264302], [-117.37905981851249, 33.18771346906298], [-117.3839277034807, 33.193045649033806], [-117.38476082450045, 33.1940385015191], [-117.38866499319286, 33.191695068914264], [-117.38861802011104, 33.19162237026401], [-117.38887718962145, 33.19145345687639], [-117.38905924466697, 33.191684206578074], [-117.38877903076539, 33.19186281699346], [-117.38871201568563, 33.19177897373313], [-117.38481088431905, 33.19409815896067], [-117.3872507328173, 33.197005622031405], [-117.3884231646296, 33.19827466230352], [-117.39123677920358, 33.201203032850295], [-117.39250960313667, 33.202502729732075], [-117.39397128344416, 33.20162279852624], [-117.39403076116488, 33.201690448019676], [-117.39258487054865, 33.20257958538972], [-117.39651383408892, 33.20659116527069], [-117.39741754567015, 33.20735733605741], [-117.3993156059315, 33.20683569302703], [-117.39937979355552, 33.206754081600046], [-117.39954146013092, 33.20592594137088], [-117.39967065012077, 33.20594248593214], [-117.39951309511702, 33.20678757361294], [-117.40279931904226, 33.206359651855166], [-117.40261776297534, 33.205590845465004], [-117.40282041530571, 33.20556983945962], [-117.4029838152855, 33.20622818459886], [-117.40586271103885, 33.20925349038275], [-117.4056531499196, 33.21393702650847], [-117.40436133169726, 33.215317198172656], [-117.40603811841002, 33.218027748115794], [-117.42536208945577, 33.24189518109855], [-117.46979131293746, 33.295769595427316], [-117.46383028835204, 33.2990682994269], [-117.46230854389985, 33.29717863438019], [-117.46095167017299, 33.29781444931348], [-117.45955931532743, 33.29595934419585], [-117.45859544822785, 33.29672333018247], [-117.45974391444466, 33.29811819693892], [-117.4567790252745, 33.300274429224324], [-117.45380208833572, 33.3042518539768], [-117.4518162790076, 33.30520512983043], [-117.44875208102636, 33.3037377095771], [-117.44828238753618, 33.304392462009524], [-117.45012753058536, 33.305809838450536], [-117.4468010295704, 33.30735577158059], [-117.44416060255523, 33.311182152998946], [-117.44235451092918, 33.316338497810335], [-117.43812470992411, 33.31789172190266], [-117.43238735205493, 33.3260622760941], [-117.42584175104139, 33.327883821112756], [-117.42169359429683, 33.330291046700474], [-117.40707976869125, 33.34617205657699], [-117.39573331907293, 33.36051820222849], [-117.3872364757717, 33.36725644416471], [-117.38301098212867, 33.379055551293256], [-117.37453886834258, 33.38011880506048], [-117.36222711506369, 33.38518253005037], [-117.35688700114335, 33.39154536885889], [-117.33650232986547, 33.40575171488407], [-117.32227862323136, 33.40544990513929], [-117.30842951204019, 33.411744023085156], [-117.30434370591519, 33.412995327219505], [-117.30434129445261, 33.41372614316573], [-117.29537767468885, 33.41751418818884], [-117.28267840209716, 33.411498301572024], [-117.27401193668123, 33.40716778651457], [-117.26450310606825, 33.406588956428685], [-117.25547614436343, 33.40597511809926], [-117.25606407122982, 33.40206518388426], [-117.25754527144723, 33.39110125755825], [-117.25852701450968, 33.38505095495148], [-117.25908515852366, 33.38187722832406], [-117.2592850366699, 33.38082997278938], [-117.25945026495084, 33.378214603717396], [-117.26032863897007, 33.37217775494365], [-117.26049801932359, 33.37183807328282], [-117.26060511326317, 33.37113936457144], [-117.26049762737415, 33.37101624427948], [-117.26132162904473, 33.36893498090145], [-117.26098825302033, 33.367099466567275], [-117.26221027197877, 33.35793880567157], [-117.25611749599915, 33.35804135309177], [-117.25414597041541, 33.35807048863961], [-117.25460556370368, 33.34621226744797], [-117.25467734047078, 33.34535293740143], [-117.25449591705464, 33.330110734914435], [-117.2662292134622, 33.32999058617576], [-117.26718024707844, 33.31946478657912], [-117.26764705256583, 33.31465180335264], [-117.26878671120026, 33.30788312769062], [-117.26899072679844, 33.305296729740625], [-117.27002295306896, 33.29984316444302], [-117.2819763269588, 33.29094596148801], [-117.2719015051253, 33.28566668635856], [-117.27063236517064, 33.28061623917707], [-117.2662370252616, 33.283113041061114], [-117.26211748527757, 33.28127131894822], [-117.25773257986636, 33.278458317627255], [-117.2561115864956, 33.27512427180548], [-117.2547020649606, 33.27299921523927], [-117.25421326686147, 33.26977463404906], [-117.26091126014708, 33.269505588970944], [-117.26014364185292, 33.266771560659286], [-117.2607774347631, 33.25981046467896], [-117.26170259364464, 33.258647157361736], [-117.25484428549134, 33.25855687154679], [-117.25230536295189, 33.25758978998823], [-117.251020649211, 33.25710974476507], [-117.25009427124503, 33.2564842592724], [-117.24989786342107, 33.25603197200112], [-117.24584784625131, 33.25504089324316], [-117.24460052037725, 33.25464050229027], [-117.23545273053767, 33.261159696154095], [-117.23496974350518, 33.26740433847934], [-117.22869482850066, 33.26951680467165], [-117.22678766692167, 33.27112255867439], [-117.22233852114714, 33.271506724892156], [-117.22181296115055, 33.26751856949069], [-117.2131703105004, 33.26763853839561], [-117.2135979227258, 33.262390264671915], [-117.21171072989112, 33.26169438613791], [-117.21025177683289, 33.26014429268595], [-117.21020876882174, 33.26012502043062], [-117.20816295102266, 33.26013171296616], [-117.20482183770362, 33.260158949451835], [-117.20485992255396, 33.2564517949158], [-117.19975976071697, 33.2564766099149], [-117.18762158005768, 33.25651117498927], [-117.18770763226165, 33.25305079364226], [-117.18584637187188, 33.25254598396324], [-117.1831639620726, 33.25231630812941], [-117.1825052987716, 33.25092846557669], [-117.18065574951716, 33.24944002488586], [-117.17606708581873, 33.249477460628675], [-117.17421464713775, 33.2509911095603], [-117.17232834787104, 33.251019622604204], [-117.17150800564215, 33.25097217160676], [-117.17123880003388, 33.25102188020557], [-117.17088407552927, 33.25122098084426], [-117.16833830629061, 33.25157586677256], [-117.16151109815475, 33.25298592722063], [-117.15808322297708, 33.252393399331346], [-117.15652630125915, 33.250844650615136], [-117.15653730265132, 33.249250890453204], [-117.15797449654387, 33.24925781421984], [-117.15790780375453, 33.247094974400156], [-117.15799473305523, 33.24401410562044], [-117.15779486110803, 33.24357278684067], [-117.15797574043773, 33.227647039211355], [-117.17055250699022, 33.227591994886964], [-117.17535229455807, 33.22441260306726], [-117.18036652746595, 33.224742897948936], [-117.18450576456358, 33.227596946149276], [-117.18613672069728, 33.22951572479702], [-117.1890973674458, 33.23132052439921], [-117.19312176645715, 33.2294326769579], [-117.19913001292662, 33.226576706357775], [-117.19612993000742, 33.22293366282807], [-117.18940781683459, 33.214740460793], [-117.18735558870695, 33.21226704849398], [-117.18352723212286, 33.207621561338634], [-117.18223190208457, 33.20604748137088], [-117.18320165106155, 33.20504232084107], [-117.18294715444577, 33.20281936183264], [-117.18049399374696, 33.203933675334106], [-117.17533035474283, 33.19755910028468], [-117.17506101780208, 33.194814781284514], [-117.17441672999834, 33.18798224441281], [-117.17398709609637, 33.18353358264562], [-117.17391950712613, 33.182755483367416], [-117.17222381613264, 33.182575898200476], [-117.17191542364597, 33.17574850872273], [-117.17456990411614, 33.17567113862233], [-117.1735553871759, 33.17401811452773], [-117.17223929920502, 33.17317863499142], [-117.17006795175756, 33.173456333401035], [-117.1701587213397, 33.172750890803805], [-117.172924669253, 33.17281444765748], [-117.17879740634199, 33.1727831554856], [-117.1787759321514, 33.16992501639756], [-117.18163079013968, 33.169902357516484], [-117.18703346419095, 33.16986825986958], [-117.1871168776414, 33.17213669581774], [-117.187815103292, 33.17216548233318], [-117.1911590972842, 33.17222284570016], [-117.1910094984785, 33.168383354238514], [-117.19530124657933, 33.164048113723176], [-117.19518100326599, 33.16329529693917], [-117.19927364880868, 33.16396616685699], [-117.19962564809819, 33.163770973869816], [-117.20240518964094, 33.162070009558114], [-117.20281829770525, 33.16052970896309], [-117.20399376115388, 33.16001611905979], [-117.20554691815406, 33.16022338298302], [-117.20691306016616, 33.15775626317715], [-117.20712716703007, 33.1573199776235], [-117.20733858791752, 33.15691285185521], [-117.2066507126735, 33.15610799055352], [-117.20686422455452, 33.155542554904976], [-117.20828975377465, 33.155067537438654], [-117.20908362858785, 33.153538478883085], [-117.2111565694553, 33.15422167375106], [-117.21196389214403, 33.15256123693598], [-117.21204991591962, 33.15237269452502], [-117.21310442476674, 33.15017479315023], [-117.21320325277955, 33.15017886797182], [-117.21326836364614, 33.14997419197972], [-117.21321279526876, 33.149950414348744], [-117.21402823601477, 33.14825399706141], [-117.21424413022575, 33.14779301441552], [-117.21440706550779, 33.147866145009104], [-117.21460488768284, 33.14745787157833], [-117.21443143811675, 33.147400648312164], [-117.21479044520427, 33.14666785072704], [-117.21630652291144, 33.143586679180785], [-117.21669686260701, 33.142761817450385], [-117.2179769798018, 33.14195197406117], [-117.2182072246498, 33.138553980553056], [-117.21895063302264, 33.1384782176186], [-117.2190595989102, 33.13830051273091], [-117.21980942412085, 33.138269891937284], [-117.2209221225402, 33.136878159235046], [-117.2208966607772, 33.13578824727665], [-117.22116624541798, 33.1357861715278], [-117.22116464817178, 33.1352329963807], [-117.22116139817669, 33.13442917572176], [-117.22087406563887, 33.13441656807615], [-117.22084031417687, 33.132000764087884], [-117.2208387176021, 33.13158552045274], [-117.22315317470714, 33.131095969500095], [-117.22735468125904, 33.13109692003862], [-117.22976387993849, 33.13076411002921], [-117.22978995303872, 33.130474495884975], [-117.22971574661122, 33.12925160634661], [-117.22973025402577, 33.12866429055171], [-117.22976051761721, 33.12665384623145], [-117.22962062522718, 33.12158562379148], [-117.22951535068883, 33.11628286055497], [-117.22998821165666, 33.113995613617966], [-117.22878413613614, 33.112340270596476], [-117.22777345245805, 33.11101941845746], [-117.22636007287352, 33.108515367680255], [-117.22538654808947, 33.108530572990816], [-117.22535281127944, 33.10653634827424], [-117.22465819081837, 33.1055460935816], [-117.22552359166436, 33.10481352816822], [-117.22703010435298, 33.1035249826302], [-117.22680717051396, 33.103328279660865], [-117.22355772602204, 33.104000010857646], [-117.2225360538942, 33.102527060190596], [-117.22223163880118, 33.10256106861395], [-117.22093711175948, 33.10271339540127], [-117.21925644314516, 33.10108699904326], [-117.21914593849954, 33.099933496021414], [-117.21691485376692, 33.09945881587128], [-117.21627384874331, 33.09858993150218], [-117.21521582980763, 33.098228696074926], [-117.21174242624234, 33.097044434683966], [-117.21137103377868, 33.09705656978651], [-117.20948514046272, 33.09627474103918], [-117.20816101389904, 33.095707836245026], [-117.20811222691388, 33.09489956953752], [-117.20723352702251, 33.09511694758299], [-117.20679736881408, 33.094383915875156], [-117.20433094159426, 33.093555074922925], [-117.203952935231, 33.09246790292472], [-117.204008444502, 33.08912453058769], [-117.20351505820824, 33.08911043707861], [-117.20362948201986, 33.08770216529455], [-117.20181742637027, 33.08770511024329], [-117.1995019690285, 33.084028907705886], [-117.19129445126256, 33.080722492798536], [-117.20006538828875, 33.080519067053544], [-117.19364499884368, 33.07014842834416], [-117.1913534172149, 33.06818944785377], [-117.18841666781775, 33.06568018772732], [-117.18393744458646, 33.06664054860925], [-117.18098719584293, 33.06039891610523], [-117.17730242395294, 33.05768001546174], [-117.16696608527984, 33.050019212352595], [-117.1644758426353, 33.0481654333268], [-117.16288846450628, 33.04696757530161], [-117.15689122940003, 33.04245791176716], [-117.15810595229021, 33.040627232438084], [-117.15725346123831, 33.04003120035794], [-117.15762817646933, 33.03946404146007], [-117.16322838795148, 33.031138768814955], [-117.16332445102785, 33.02835377968524], [-117.16332931404708, 33.02824090865868], [-117.16721874494843, 33.02631177879006], [-117.16883167034845, 33.02461911698548], [-117.17103366905897, 33.02417467895198], [-117.17439542816778, 33.023494289876496], [-117.17665892305499, 33.02114291440037], [-117.17715955225363, 33.02061696091787], [-117.17779937219251, 33.01818726727657], [-117.17695491455459, 33.014944367662366], [-117.17392051110704, 33.01243836818898], [-117.1730701448488, 33.01130780477292], [-117.16982192046504, 33.00724674660682], [-117.16981338109598, 33.00450183717009], [-117.1697853131831, 32.99696177955641], [-117.16976889039245, 32.99266866429605], [-117.1697629210868, 32.991618067546554], [-117.16978198555984, 32.986076321770526], [-117.16976508267673, 32.98345293620854], [-117.16980525813246, 32.97964458366635], [-117.16982439852266, 32.97635672458871], [-117.1698207595745, 32.974399301147756], [-117.17250362928485, 32.97411388674711], [-117.17264749692498, 32.97180482187097], [-117.17016746245112, 32.97138673760299], [-117.16977447108454, 32.971090441768716], [-117.16978036142002, 32.970282185174234], [-117.16978714452652, 32.96671910470076], [-117.16988705250851, 32.964025937467525], [-117.16975030158542, 32.956323568835515], [-117.18303765778971, 32.953809040596376], [-117.1940708410683, 32.95143227821368], [-117.20154137499068, 32.94989373583479], [-117.20301290156264, 32.94950649601086], [-117.20431970693532, 32.948783174842205], [-117.20546657453926, 32.94807123871029], [-117.2143676648502, 32.94374776540704], [-117.22121135040254, 32.940755347370484], [-117.22217490822992, 32.94032381465221], [-117.22288623241452, 32.93968696102076], [-117.22489284233784, 32.93868904276636], [-117.2287672086096, 32.93726681272576], [-117.23330134764818, 32.9356839546826], [-117.23835318304894, 32.93353528657366], [-117.24102213524539, 32.931882847705836], [-117.24137907572884, 32.93163954784269], [-117.24372476073212, 32.93019382351766], [-117.2469505258002, 32.931871974013504], [-117.24652550379766, 32.92975971705017], [-117.25654805935886, 32.93449389634665], [-117.25754455051734, 32.93394901868185], [-117.25889121759096, 32.93537432376672], [-117.25990396749245, 32.93460955163756], [-117.26075438040537, 32.93455577046822], [-117.26215707081742, 32.93963107222294], [-117.26378157730596, 32.94553543239394], [-117.26428901487901, 32.947354389652894], [-117.26683653530803, 32.95332904711949], [-117.26776329360989, 32.956889215392685], [-117.26852829905187, 32.959831596719695], [-117.2687835736109, 32.96501458770782], [-117.26898105007882, 32.96799103444116], [-117.27045138718087, 32.97469584660372], [-117.27089506218036, 32.97641825133136], [-117.27144945509741, 32.97706666355563], [-117.27231365006926, 32.97950998664226], [-117.27306501583364, 32.982016502025324], [-117.27334016738827, 32.98210336886054], [-117.2733424980829, 32.98405639423923], [-117.27428302872896, 32.98927232103305], [-117.27577009216583, 32.99522619131597], [-117.27617291272732, 32.99645810794795], [-117.27652091309973, 32.99672211144222], [-117.27677944141364, 32.99723156699858], [-117.27677306173227, 32.997612535957906], [-117.27691185115152, 32.99813617219237], [-117.27803904146694, 32.99920396747438], [-117.2783199414538, 32.99971327537402], [-117.27845304917514, 33.00041658154088], [-117.27850907313267, 33.00413728962153], [-117.27949328664143, 33.00974622353228], [-117.28013894960225, 33.01224223335586], [-117.28085434259067, 33.01389734526517], [-117.28552259307494, 33.02189125753897], [-117.28715258526678, 33.02576279197619], [-117.28919806119244, 33.029264702277224], [-117.28978561507739, 33.030525196551686], [-117.29134053995932, 33.03344376793813], [-117.29228952983759, 33.03430492324696], [-117.29410509983701, 33.03493822680197], [-117.29565509936546, 33.03631596171621], [-117.29630693912837, 33.03789505486133], [-117.29757007673423, 33.04304572596758], [-117.2988109271624, 33.04817900106725], [-117.300825482335, 33.05369227068665], [-117.30248219653396, 33.05774562504305], [-117.30556912867335, 33.065522599923405], [-117.30690715204658, 33.067254033074136], [-117.30706209675526, 33.06840140389171], [-117.31010567725804, 33.075549604455325], [-117.31142794348196, 33.08001670958605], [-117.31240913686757, 33.084110468070755], [-117.31309036951133, 33.08684494805958], [-117.31352510519997, 33.086721744215474], [-117.31356337120198, 33.086907076630034], [-117.31315009123217, 33.087021180374194], [-117.31325361169851, 33.08742795665405], [-117.31373662288956, 33.08728201803825], [-117.31380173466584, 33.087462759600754], [-117.31345089707978, 33.0875601589511], [-117.31500246090594, 33.09149966264829], [-117.31979667629118, 33.101638638960914], [-117.32374519066823, 33.11165674903057], [-117.32666206614685, 33.11777901144795], [-117.32744636692709, 33.11858386366751], [-117.32731958493073, 33.11951065066776], [-117.3293106955138, 33.123290913445466], [-117.33076751684692, 33.12513726076053], [-117.33305286121423, 33.12736945990951], [-117.33420461815282, 33.12886565126803], [-117.33511933833816, 33.12947958382339], [-117.3372548309371, 33.13235964357734], [-117.33808504737667, 33.134978748920716], [-117.33908807840824, 33.13736394797408], [-117.33956339759231, 33.13826314878139], [-117.34042244338993, 33.137989449754336], [-117.34048748489093, 33.13812796453118], [-117.33925603249594, 33.13848107138502], [-117.33932114368517, 33.13863767585384], [-117.34044524961871, 33.13832707396205], [-117.34047440793107, 33.1384536261341], [-117.33984427659287, 33.13861212991059], [-117.34131809899824, 33.14139702126052]]]]}, "properties": {"AdminID": "North Coast", "UtilityID": "SDGE", "AreaType": "District", "SubareaType": "Operational", "Name": "North Coast District", "Shape_Area": 7714150345.509323}}, {"type": "Feature", "geometry": {"type": "MultiPolygon", "coordinates": [[[[-117.3643207743364, 33.50486555304905], [-117.37079914867992, 33.49065865412774], [-117.32884896657103, 33.47706740658092], [-117.31554705330997, 33.47276432307479], [-117.28630165427029, 33.463261353532324], [-117.26451989566131, 33.456153677718824], [-117.24160075283592, 33.44874243626355], [-117.24146316040287, 33.439987668468476], [-117.24138373073069, 33.432097886539665], [-117.2194931635218, 33.43208664704419], [-117.186416025795, 33.4323658158054], [-117.16241241564705, 33.43252144334307], [-117.14511435485139, 33.43256536642519], [-117.13834623919654, 33.43255085805866], [-117.13421752689285, 33.432295877850336], [-117.10433617743807, 33.43039349730433], [-117.09515759947405, 33.430510269604746], [-117.08953078258273, 33.43050823241296], [-117.08942348832244, 33.430594793363404], [-117.08875092253435, 33.430588168713555], [-117.0886476865843, 33.43050594206426], [-117.06979543466626, 33.43034541474044], [-117.04166082459155, 33.43004316428015], [-117.03092815506879, 33.42993977197345], [-117.03092693942763, 33.42699838063618], [-117.0050900726324, 33.427138227378045], [-116.99540052181032, 33.42718626755403], [-116.94078645686476, 33.42718150714171], [-116.86799020746321, 33.42673749281488], [-116.8682229638624, 33.42011203438594], [-116.83747070517524, 33.41032658920937], [-116.8278947804964, 33.33715341953563], [-116.82715249582354, 33.33236230687512], [-116.82574455804186, 33.32289233511551], [-116.82310705917631, 33.30460014106791], [-116.82127324019206, 33.293184451817], [-116.81796087556461, 33.27170911585617], [-116.81892856397317, 33.2720655446456], [-116.82751740788868, 33.2637079458214], [-116.82398673255413, 33.26138609486817], [-116.8187192964043, 33.265130555926156], [-116.84427025198899, 33.219925044922306], [-116.85655548658148, 33.19552906964267], [-116.86230337689324, 33.18471890504602], [-116.86386741939071, 33.181603855459606], [-116.86917115869453, 33.17120932551463], [-116.88241951063445, 33.143559830007554], [-116.8935831764955, 33.116084975322515], [-116.90495660724174, 33.08694834422412], [-116.9218373133714, 33.08579025192959], [-116.93891523633296, 33.08461613506287], [-116.94935074270374, 33.08261904535839], [-116.95496763288634, 33.08042752520529], [-116.95395924110701, 33.076463559781374], [-116.96465033929758, 33.073557039055544], [-116.9651111861094, 33.07715663676245], [-116.97341092612625, 33.0743013553074], [-116.97403484397377, 33.06916266618747], [-116.97530173137048, 33.067753670648536], [-116.97707848540132, 33.07308684766405], [-116.98014401785363, 33.07206381331563], [-116.99338935785481, 33.073095307537386], [-116.99319696559428, 33.06806028893101], [-116.99218862597807, 33.06658033209613], [-116.99337002655426, 33.062824019734606], [-116.99662868717256, 33.052428621268554], [-116.99662609316417, 33.05083310154619], [-116.99654118717082, 33.03527030435553], [-116.99646737772728, 33.030119228029754], [-116.9967949343499, 33.0291114151962], [-116.99727291119139, 33.02217327750856], [-116.99697273107819, 33.011577418585], [-116.99693115503581, 33.00710341395558], [-116.99327163675909, 32.99970206487423], [-116.9875374246027, 32.99993019112676], [-116.98675384393727, 32.99426388665014], [-116.99048178641989, 32.993912049928625], [-116.9864903318298, 32.98252617312204], [-116.97552313886384, 32.98276850762656], [-116.97296051559145, 32.9754039824672], [-116.9741642132998, 32.97468401136838], [-116.98119648518654, 32.96709934960401], [-116.97809718137007, 32.95767036508902], [-116.97554591184591, 32.95066889574492], [-116.97958362542512, 32.93856729101855], [-116.98184921296843, 32.934635503751636], [-116.98407330106146, 32.9300918303122], [-117.001661465176, 32.943161841100824], [-117.0141581821233, 32.93738176962942], [-117.01522051139658, 32.93704151404808], [-117.02328061248029, 32.934602174930255], [-117.02627854763327, 32.93313244624087], [-117.02706512203773, 32.931635142748306], [-117.0315269037827, 32.929150109978885], [-117.03154028202862, 32.927591765768696], [-117.03156068385107, 32.92660159328227], [-117.03256102983119, 32.926542106788474], [-117.03343374273986, 32.92728729243424], [-117.03466475725065, 32.92743691810493], [-117.04566001731207, 32.926331833416725], [-117.04677953371423, 32.926219749925274], [-117.05549490421593, 32.92653101679919], [-117.05619993797039, 32.92865183889923], [-117.05817037459408, 32.931494139943005], [-117.06103313640035, 32.934933517446275], [-117.0665423325496, 32.93455661968475], [-117.06818201863706, 32.93468756387873], [-117.06882490954325, 32.93475293945702], [-117.07225555587576, 32.93471397222572], [-117.07388729430761, 32.934478153001635], [-117.07449568763381, 32.9343902225404], [-117.07667855773157, 32.93431070563141], [-117.08130955564245, 32.93867647747581], [-117.08424363065494, 32.938703338449905], [-117.0859598676721, 32.939494931165115], [-117.0880971505039, 32.9404806742145], [-117.09268539217572, 32.9426122367521], [-117.09734264710036, 32.94255865701059], [-117.10583202864127, 32.9424813353033], [-117.10730331955178, 32.94287730882252], [-117.10910273182951, 32.94336156233522], [-117.11580359011391, 32.94297896195301], [-117.11836303153251, 32.94309286106207], [-117.12901305168516, 32.94195933490677], [-117.1291699095818, 32.94194544124433], [-117.13850499868329, 32.9406372456878], [-117.14406582990789, 32.93992425253955], [-117.14621520485176, 32.93963729708824], [-117.14963540473777, 32.93917680381356], [-117.15811499669313, 32.936472733980416], [-117.1647489085579, 32.93431610226621], [-117.16910813647239, 32.930564401483856], [-117.16935081978589, 32.93814804612068], [-117.16856811757842, 32.93806592449216], [-117.1695226373048, 32.94655784492194], [-117.16959954964089, 32.94815465216174], [-117.16975030158542, 32.956323568835515], [-117.16988705250851, 32.964025937467525], [-117.16978714452652, 32.96671910470076], [-117.16978036142002, 32.970282185174234], [-117.16977447108454, 32.971090441768716], [-117.17016746245112, 32.97138673760299], [-117.17264749692498, 32.97180482187097], [-117.17250362928485, 32.97411388674711], [-117.1698207595745, 32.974399301147756], [-117.16982439852266, 32.97635672458871], [-117.16980525813246, 32.97964458366635], [-117.16976508267673, 32.98345293620854], [-117.16978198555984, 32.986076321770526], [-117.1697629210868, 32.991618067546554], [-117.16976889039245, 32.99266866429605], [-117.1697853131831, 32.99696177955641], [-117.16981338109598, 33.00450183717009], [-117.16982192046504, 33.00724674660682], [-117.1730701448488, 33.01130780477292], [-117.17392051110704, 33.01243836818898], [-117.17695491455459, 33.014944367662366], [-117.17779937219251, 33.01818726727657], [-117.17715955225363, 33.02061696091787], [-117.17665892305499, 33.02114291440037], [-117.17439542816778, 33.023494289876496], [-117.17103366905897, 33.02417467895198], [-117.16883167034845, 33.02461911698548], [-117.16721874494843, 33.02631177879006], [-117.16332931404708, 33.02824090865868], [-117.16332445102785, 33.02835377968524], [-117.16322838795148, 33.031138768814955], [-117.15762817646933, 33.03946404146007], [-117.15725346123831, 33.04003120035794], [-117.15810595229021, 33.040627232438084], [-117.15689122940003, 33.04245791176716], [-117.16288846450628, 33.04696757530161], [-117.1644758426353, 33.0481654333268], [-117.16696608527984, 33.050019212352595], [-117.17730242395294, 33.05768001546174], [-117.18098719584293, 33.06039891610523], [-117.18393744458646, 33.06664054860925], [-117.18841666781775, 33.06568018772732], [-117.1913534172149, 33.06818944785377], [-117.19364499884368, 33.07014842834416], [-117.20006538828875, 33.080519067053544], [-117.19129445126256, 33.080722492798536], [-117.1995019690285, 33.084028907705886], [-117.20181742637027, 33.08770511024329], [-117.20362948201986, 33.08770216529455], [-117.20351505820824, 33.08911043707861], [-117.204008444502, 33.08912453058769], [-117.203952935231, 33.09246790292472], [-117.20433094159426, 33.093555074922925], [-117.20679736881408, 33.094383915875156], [-117.20723352702251, 33.09511694758299], [-117.20811222691388, 33.09489956953752], [-117.20816101389904, 33.095707836245026], [-117.20948514046272, 33.09627474103918], [-117.21137103377868, 33.09705656978651], [-117.21174242624234, 33.097044434683966], [-117.21521582980763, 33.098228696074926], [-117.21627384874331, 33.09858993150218], [-117.21691485376692, 33.09945881587128], [-117.21914593849954, 33.099933496021414], [-117.21925644314516, 33.10108699904326], [-117.22093711175948, 33.10271339540127], [-117.22223163880118, 33.10256106861395], [-117.2225360538942, 33.102527060190596], [-117.22355772602204, 33.104000010857646], [-117.22680717051396, 33.103328279660865], [-117.22703010435298, 33.1035249826302], [-117.22552359166436, 33.10481352816822], [-117.22465819081837, 33.1055460935816], [-117.22535281127944, 33.10653634827424], [-117.22538654808947, 33.108530572990816], [-117.22636007287352, 33.108515367680255], [-117.22777345245805, 33.11101941845746], [-117.22878413613614, 33.112340270596476], [-117.22998821165666, 33.113995613617966], [-117.22951535068883, 33.11628286055497], [-117.22962062522718, 33.12158562379148], [-117.22976051761721, 33.12665384623145], [-117.22973025402577, 33.12866429055171], [-117.22971574661122, 33.12925160634661], [-117.22978995303872, 33.130474495884975], [-117.22976387993849, 33.13076411002921], [-117.22735468125904, 33.13109692003862], [-117.22315317470714, 33.131095969500095], [-117.2208387176021, 33.13158552045274], [-117.22084031417687, 33.132000764087884], [-117.22087406563887, 33.13441656807615], [-117.22116139817669, 33.13442917572176], [-117.22116464817178, 33.1352329963807], [-117.22116624541798, 33.1357861715278], [-117.2208966607772, 33.13578824727665], [-117.2209221225402, 33.136878159235046], [-117.21980942412085, 33.138269891937284], [-117.2190595989102, 33.13830051273091], [-117.21895063302264, 33.1384782176186], [-117.2182072246498, 33.138553980553056], [-117.2179769798018, 33.14195197406117], [-117.21669686260701, 33.142761817450385], [-117.21630652291144, 33.143586679180785], [-117.21479044520427, 33.14666785072704], [-117.21443143811675, 33.147400648312164], [-117.21460488768284, 33.14745787157833], [-117.21440706550779, 33.147866145009104], [-117.21424413022575, 33.14779301441552], [-117.21402823601477, 33.14825399706141], [-117.21321279526876, 33.149950414348744], [-117.21326836364614, 33.14997419197972], [-117.21320325277955, 33.15017886797182], [-117.21310442476674, 33.15017479315023], [-117.21204991591962, 33.15237269452502], [-117.21196389214403, 33.15256123693598], [-117.2111565694553, 33.15422167375106], [-117.20908362858785, 33.153538478883085], [-117.20828975377465, 33.155067537438654], [-117.20686422455452, 33.155542554904976], [-117.2066507126735, 33.15610799055352], [-117.20733858791752, 33.15691285185521], [-117.20712716703007, 33.1573199776235], [-117.20691306016616, 33.15775626317715], [-117.20554691815406, 33.16022338298302], [-117.20399376115388, 33.16001611905979], [-117.20281829770525, 33.16052970896309], [-117.20240518964094, 33.162070009558114], [-117.19962564809819, 33.163770973869816], [-117.19927364880868, 33.16396616685699], [-117.19518100326599, 33.16329529693917], [-117.19530124657933, 33.164048113723176], [-117.1910094984785, 33.168383354238514], [-117.1911590972842, 33.17222284570016], [-117.187815103292, 33.17216548233318], [-117.1871168776414, 33.17213669581774], [-117.18703346419095, 33.16986825986958], [-117.18163079013968, 33.169902357516484], [-117.1787759321514, 33.16992501639756], [-117.17879740634199, 33.1727831554856], [-117.172924669253, 33.17281444765748], [-117.1701587213397, 33.172750890803805], [-117.17006795175756, 33.173456333401035], [-117.17223929920502, 33.17317863499142], [-117.1735553871759, 33.17401811452773], [-117.17456990411614, 33.17567113862233], [-117.17191542364597, 33.17574850872273], [-117.17222381613264, 33.182575898200476], [-117.17391950712613, 33.182755483367416], [-117.17398709609637, 33.18353358264562], [-117.17441672999834, 33.18798224441281], [-117.17506101780208, 33.194814781284514], [-117.17533035474283, 33.19755910028468], [-117.18049399374696, 33.203933675334106], [-117.18294715444577, 33.20281936183264], [-117.18320165106155, 33.20504232084107], [-117.18223190208457, 33.20604748137088], [-117.18352723212286, 33.207621561338634], [-117.18735558870695, 33.21226704849398], [-117.18940781683459, 33.214740460793], [-117.19612993000742, 33.22293366282807], [-117.19913001292662, 33.226576706357775], [-117.19312176645715, 33.2294326769579], [-117.1890973674458, 33.23132052439921], [-117.18613672069728, 33.22951572479702], [-117.18450576456358, 33.227596946149276], [-117.18036652746595, 33.224742897948936], [-117.17535229455807, 33.22441260306726], [-117.17055250699022, 33.227591994886964], [-117.15797574043773, 33.227647039211355], [-117.15779486110803, 33.24357278684067], [-117.15799473305523, 33.24401410562044], [-117.15790780375453, 33.247094974400156], [-117.15797449654387, 33.24925781421984], [-117.15653730265132, 33.249250890453204], [-117.15652630125915, 33.250844650615136], [-117.15808322297708, 33.252393399331346], [-117.16151109815475, 33.25298592722063], [-117.16833830629061, 33.25157586677256], [-117.17088407552927, 33.25122098084426], [-117.17123880003388, 33.25102188020557], [-117.17150800564215, 33.25097217160676], [-117.17232834787104, 33.251019622604204], [-117.17421464713775, 33.2509911095603], [-117.17606708581873, 33.249477460628675], [-117.18065574951716, 33.24944002488586], [-117.1825052987716, 33.25092846557669], [-117.1831639620726, 33.25231630812941], [-117.18584637187188, 33.25254598396324], [-117.18770763226165, 33.25305079364226], [-117.18762158005768, 33.25651117498927], [-117.19975976071697, 33.2564766099149], [-117.20485992255396, 33.2564517949158], [-117.20482183770362, 33.260158949451835], [-117.20816295102266, 33.26013171296616], [-117.21020876882174, 33.26012502043062], [-117.21025177683289, 33.26014429268595], [-117.21171072989112, 33.26169438613791], [-117.2135979227258, 33.262390264671915], [-117.2131703105004, 33.26763853839561], [-117.22181296115055, 33.26751856949069], [-117.22233852114714, 33.271506724892156], [-117.22678766692167, 33.27112255867439], [-117.22869482850066, 33.26951680467165], [-117.23496974350518, 33.26740433847934], [-117.23545273053767, 33.261159696154095], [-117.24460052037725, 33.25464050229027], [-117.24584784625131, 33.25504089324316], [-117.24989786342107, 33.25603197200112], [-117.25009427124503, 33.2564842592724], [-117.251020649211, 33.25710974476507], [-117.25230536295189, 33.25758978998823], [-117.25484428549134, 33.25855687154679], [-117.26170259364464, 33.258647157361736], [-117.2607774347631, 33.25981046467896], [-117.26014364185292, 33.266771560659286], [-117.26091126014708, 33.269505588970944], [-117.25421326686147, 33.26977463404906], [-117.2547020649606, 33.27299921523927], [-117.2561115864956, 33.27512427180548], [-117.25773257986636, 33.278458317627255], [-117.26211748527757, 33.28127131894822], [-117.2662370252616, 33.283113041061114], [-117.27063236517064, 33.28061623917707], [-117.2719015051253, 33.28566668635856], [-117.2819763269588, 33.29094596148801], [-117.27002295306896, 33.29984316444302], [-117.26899072679844, 33.305296729740625], [-117.26878671120026, 33.30788312769062], [-117.26764705256583, 33.31465180335264], [-117.26718024707844, 33.31946478657912], [-117.2662292134622, 33.32999058617576], [-117.25449591705464, 33.330110734914435], [-117.25467734047078, 33.34535293740143], [-117.25460556370368, 33.34621226744797], [-117.25414597041541, 33.35807048863961], [-117.25611749599915, 33.35804135309177], [-117.26221027197877, 33.35793880567157], [-117.26098825302033, 33.367099466567275], [-117.26132162904473, 33.36893498090145], [-117.26049762737415, 33.37101624427948], [-117.26060511326317, 33.37113936457144], [-117.26049801932359, 33.37183807328282], [-117.26032863897007, 33.37217775494365], [-117.25945026495084, 33.378214603717396], [-117.2592850366699, 33.38082997278938], [-117.25908515852366, 33.38187722832406], [-117.25852701450968, 33.38505095495148], [-117.25754527144723, 33.39110125755825], [-117.25606407122982, 33.40206518388426], [-117.25547614436343, 33.40597511809926], [-117.26450310606825, 33.406588956428685], [-117.27401193668123, 33.40716778651457], [-117.28267840209716, 33.411498301572024], [-117.29537767468885, 33.41751418818884], [-117.30434129445261, 33.41372614316573], [-117.30434370591519, 33.412995327219505], [-117.30842951204019, 33.411744023085156], [-117.32227862323136, 33.40544990513929], [-117.33650232986547, 33.40575171488407], [-117.33613720267128, 33.413084908784], [-117.32658555323295, 33.413295592449636], [-117.32658941923054, 33.419984556247854], [-117.33937816976996, 33.4198750847387], [-117.33974672372841, 33.42732369740713], [-117.33515478108856, 33.427718167972905], [-117.33529910734984, 33.43090657499746], [-117.38842070117062, 33.4289884818384], [-117.40054609754577, 33.45551198691129], [-117.4084188817652, 33.46043545538019], [-117.4665066290211, 33.4770141765726], [-117.46969396132856, 33.470749412237325], [-117.47620823424224, 33.47049714262105], [-117.47228505852742, 33.48789552544277], [-117.4889145252881, 33.50505964444172], [-117.3643207743364, 33.50486555304905]]]]}, "properties": {"AdminID": "Northeast", "UtilityID": "SDGE", "AreaType": "District", "SubareaType": "Operational", "Name": "Northeast District", "Shape_Area": 18879078669.70049}}, {"type": "Feature", "geometry": {"type": "MultiPolygon", "coordinates": [[[[-116.55951169570292, 33.01042815621374], [-116.53521184374772, 32.99320600407797], [-116.52387054926903, 32.985164107480244], [-116.4824045071355, 32.98513995712487], [-116.45559689905416, 32.96391870757507], [-116.42805540253653, 32.942251220438116], [-116.37190483741134, 32.89986597073387], [-116.27153998830022, 32.83287491753464], [-116.19829937111517, 32.78347773470537], [-116.10582509354977, 32.7258421067979], [-116.10571453844682, 32.648989801848565], [-116.10549471773167, 32.648961902329305], [-116.10549430018276, 32.64587890400466], [-116.10588632190674, 32.61882479725577], [-116.18500888574489, 32.61264990105226], [-116.19893373946447, 32.61155834527304], [-116.20110838098796, 32.611387733827414], [-116.2597727162508, 32.606770779838094], [-116.29465165319823, 32.603923893319426], [-116.34186905949039, 32.6001908886166], [-116.37946809345914, 32.597299249634034], [-116.45482257638052, 32.59115250465346], [-116.5325732812364, 32.584761348654155], [-116.60491677959675, 32.57868562205803], [-116.63067114193183, 32.57616713459935], [-116.7928367256175, 32.56233535255246], [-116.79315739516255, 32.59813278109648], [-116.79352389216457, 32.634338940333386], [-116.79368482965802, 32.65600404012437], [-116.8037774228485, 32.66111606213321], [-116.82445183248706, 32.671444212306675], [-116.79884634336541, 32.682212151309756], [-116.77632516941632, 32.69165583248078], [-116.74882646589607, 32.71313843690865], [-116.74705103122642, 32.71496851160795], [-116.74633968097014, 32.71569111500619], [-116.73728747406989, 32.72479092199067], [-116.71342765854133, 32.7487811539158], [-116.7132844983065, 32.74892031574955], [-116.71031995443678, 32.751863452753625], [-116.7050413277111, 32.76123070368344], [-116.70140287292055, 32.767706419557996], [-116.69941914868072, 32.771230723441434], [-116.69464689543669, 32.77331039939935], [-116.68693924016435, 32.78296657829489], [-116.6963159565273, 32.79670024005052], [-116.6989725295978, 32.80042085648683], [-116.71189054444423, 32.819321384554875], [-116.7296949153898, 32.819526039381664], [-116.73242069572231, 32.81955079100487], [-116.73232207986425, 32.82748030788409], [-116.73198394515181, 32.83164582255423], [-116.73164660141951, 32.833385783396515], [-116.73150239801619, 32.834091756648206], [-116.73111716926633, 32.83629896117692], [-116.73131514387559, 32.84310118296914], [-116.73146801594197, 32.84839975387259], [-116.73421027889752, 32.85557291502067], [-116.73741272891847, 32.86394982823199], [-116.74473529869888, 32.88315161086973], [-116.75414923627987, 32.887674444259666], [-116.7630295822871, 32.89193208281614], [-116.76532926662989, 32.893035603089196], [-116.77976397942585, 32.89353269548748], [-116.78147509279219, 32.90667571158692], [-116.77924131001932, 32.92631617625077], [-116.76894782437125, 32.946659251268315], [-116.75695164936438, 32.96072203022602], [-116.76118724499761, 32.984112996545406], [-116.73205558525237, 32.984458750397536], [-116.69972996930078, 33.00358530280814], [-116.69471689635849, 33.006549955780294], [-116.65615750250096, 33.00831734372765], [-116.61590439674197, 33.0101495501836], [-116.60025228144617, 33.01085843913254], [-116.59274620091166, 33.01175071409281], [-116.57539645544527, 33.01236643592801], [-116.56402638203755, 33.01189287148209], [-116.55951169570292, 33.01042815621374]]]]}, "properties": {"AdminID": "Mountain Empire ", "UtilityID": "SDGE", "AreaType": "Sub District", "SubareaType": "Operational", "Name": "Mountain Empire Sub District", "Shape_Area": 23354033251.663334}}, {"type": "Feature", "geometry": {"type": "MultiPolygon", "coordinates": [[[[-117.68611233224291, 33.6025164708607], [-117.68570613086547, 33.60234558047827], [-117.6853449133341, 33.60234972818184], [-117.68447971232719, 33.60187043583708], [-117.68362386289347, 33.60154196478218], [-117.68039491153175, 33.60031302123582], [-117.67739896796515, 33.59918775617229], [-117.6762606985476, 33.598762935673214], [-117.67584870886381, 33.598756107556746], [-117.67545983254769, 33.59920628357713], [-117.67490424775455, 33.59965117228685], [-117.67446425394294, 33.599902303755705], [-117.67387172310852, 33.600122116894745], [-117.67280429980825, 33.600305713162705], [-117.66642948901881, 33.59889372394553], [-117.66560528927252, 33.59871114048738], [-117.66481945920646, 33.598656855899186], [-117.66363963593844, 33.59881313564546], [-117.66320966549019, 33.59883175444452], [-117.66258734485488, 33.59873436549671], [-117.66203904941624, 33.598542699351626], [-117.66080352808164, 33.59796009612793], [-117.6602916187633, 33.59771870345905], [-117.6599147124187, 33.598173706937686], [-117.65916331018914, 33.59828668822574], [-117.65861695346096, 33.59863569677798], [-117.65833792801463, 33.598519302167404], [-117.65790356919867, 33.59840370386624], [-117.65678991801684, 33.599921231458495], [-117.65578227614866, 33.59990180047073], [-117.6534005583628, 33.59986249396247], [-117.65103480486384, 33.601134244233144], [-117.64977489754378, 33.59979956939312], [-117.64948792873965, 33.59979989598027], [-117.64959977104931, 33.60029070800175], [-117.64922160863314, 33.60036214658561], [-117.64904907286164, 33.60044603568647], [-117.64851585998643, 33.60090327980046], [-117.64837305921205, 33.600804690413085], [-117.64814487152974, 33.6005021844054], [-117.64769885142812, 33.60013340229746], [-117.64707849476534, 33.59974733975859], [-117.64699836314524, 33.59966180634925], [-117.64616628950341, 33.598773643552704], [-117.64565151648037, 33.59923836646857], [-117.64464843593082, 33.60059356587296], [-117.64404740745853, 33.601210396004575], [-117.64325160277302, 33.601738433669695], [-117.64231754316793, 33.602109952857425], [-117.64154225362222, 33.602271396997125], [-117.64137166189059, 33.60230665606456], [-117.63951383239919, 33.602382336210084], [-117.6386752311751, 33.602520860994844], [-117.63714520865568, 33.60296936533659], [-117.63621136099562, 33.603108933153415], [-117.63522869569744, 33.60307036344798], [-117.63451351526182, 33.60291616041838], [-117.63224203871613, 33.602228994205845], [-117.6332707713445, 33.60095419072225], [-117.63321276100586, 33.59987330499529], [-117.6229571510581, 33.599784017539], [-117.62003890425547, 33.599771462312695], [-117.59644826584335, 33.599667826715496], [-117.59098670380077, 33.5996485068533], [-117.5911905284956, 33.59923405669678], [-117.59008983088758, 33.598778676587585], [-117.58999010984132, 33.5987792500152], [-117.58935730418867, 33.59877006369536], [-117.5890096863129, 33.598589658508686], [-117.58860456558828, 33.59851430865199], [-117.58765606417505, 33.59769995668387], [-117.58718908690669, 33.59771346157671], [-117.58742014037759, 33.598941356557], [-117.58652498510321, 33.6006723420931], [-117.58643655979499, 33.6010940382063], [-117.58600923056457, 33.601040383927426], [-117.58562224717636, 33.60086313974943], [-117.58516365555593, 33.60051351508202], [-117.58454681853743, 33.60034147951883], [-117.58411045084635, 33.6003708884953], [-117.58357990360135, 33.600469985456286], [-117.58333491228129, 33.60044470865021], [-117.58312594142969, 33.600422623913985], [-117.58232854344195, 33.60003813697136], [-117.58161710710507, 33.59990557569844], [-117.58106710724861, 33.599932974332205], [-117.58001027273707, 33.59963962985402], [-117.57218404930939, 33.59968123495189], [-117.55611086691117, 33.59969619202229], [-117.55606720161757, 33.59282576150842], [-117.48837421713411, 33.59292825954704], [-117.467632960923, 33.597700387917286], [-117.46130458542555, 33.597487215593645], [-117.51015949711163, 33.53414585009271], [-117.50991365623001, 33.519378489744284], [-117.50306100851351, 33.51975725903959], [-117.50321006619639, 33.50910912658407], [-117.50984317111902, 33.50903149582647], [-117.50981567188694, 33.50517899383229], [-117.4889145252881, 33.50505964444172], [-117.47228505852742, 33.48789552544277], [-117.47620823424224, 33.47049714262105], [-117.46969396132856, 33.470749412237325], [-117.4665066290211, 33.4770141765726], [-117.4084188817652, 33.46043545538019], [-117.40054609754577, 33.45551198691129], [-117.38842070117062, 33.4289884818384], [-117.33529910734984, 33.43090657499746], [-117.33515478108856, 33.427718167972905], [-117.33974672372841, 33.42732369740713], [-117.33937816976996, 33.4198750847387], [-117.32658941923054, 33.419984556247854], [-117.32658555323295, 33.413295592449636], [-117.33613720267128, 33.413084908784], [-117.33650232986547, 33.40575171488407], [-117.35688700114335, 33.39154536885889], [-117.36222711506369, 33.38518253005037], [-117.37453886834258, 33.38011880506048], [-117.38301098212867, 33.379055551293256], [-117.3872364757717, 33.36725644416471], [-117.39573331907293, 33.36051820222849], [-117.40707976869125, 33.34617205657699], [-117.42169359429683, 33.330291046700474], [-117.42584175104139, 33.327883821112756], [-117.43238735205493, 33.3260622760941], [-117.43812470992411, 33.31789172190266], [-117.44235451092918, 33.316338497810335], [-117.44416060255523, 33.311182152998946], [-117.4468010295704, 33.30735577158059], [-117.45012753058536, 33.305809838450536], [-117.44828238753618, 33.304392462009524], [-117.44875208102636, 33.3037377095771], [-117.4518162790076, 33.30520512983043], [-117.45380208833572, 33.3042518539768], [-117.4567790252745, 33.300274429224324], [-117.45974391444466, 33.29811819693892], [-117.45859544822785, 33.29672333018247], [-117.45955931532743, 33.29595934419585], [-117.46095167017299, 33.29781444931348], [-117.46230854389985, 33.29717863438019], [-117.46383028835204, 33.2990682994269], [-117.46979131293746, 33.295769595427316], [-117.49069734128624, 33.31836789524614], [-117.5125759902015, 33.338691331817266], [-117.52111805590002, 33.34531757319673], [-117.54097564355975, 33.359313586426346], [-117.54565657795021, 33.36265791318769], [-117.54933557247128, 33.364762197246286], [-117.5510550004887, 33.36553505543712], [-117.55412380313724, 33.36673728854322], [-117.55438904113535, 33.36635251867112], [-117.5580344879625, 33.368274446439365], [-117.55767045533904, 33.36873472700844], [-117.55841880400602, 33.36922976619255], [-117.56037089942558, 33.37020396578324], [-117.56251898187502, 33.37118691231878], [-117.56462526694332, 33.37200742116773], [-117.56544509742145, 33.372611266948994], [-117.56659429942101, 33.37367570473659], [-117.56763887180384, 33.3743298546319], [-117.56898859535387, 33.37485423480062], [-117.5705134460694, 33.37695187748123], [-117.5711699279951, 33.37777085404223], [-117.57253373737903, 33.37887703487445], [-117.57363003145346, 33.37962502676406], [-117.57494983772077, 33.38023505268294], [-117.57659009210631, 33.38043172428149], [-117.57780733447913, 33.38046139157381], [-117.58048089704087, 33.38072085136724], [-117.58266387506103, 33.3817654026067], [-117.5855288021347, 33.38199121123774], [-117.58854390473772, 33.382467891285], [-117.59029524616713, 33.38402145858155], [-117.59177505170511, 33.38474464241862], [-117.59341370865195, 33.38501731101202], [-117.59533624815758, 33.38572692531652], [-117.59625096661463, 33.386732305780676], [-117.59711663384033, 33.3880203093739], [-117.59955623875983, 33.394195534101854], [-117.60136391627856, 33.39744714636309], [-117.60350668035058, 33.400448936217025], [-117.60929675155451, 33.40706115009173], [-117.61158620311078, 33.409715501338546], [-117.61460397869045, 33.41308501701728], [-117.61666637409643, 33.41478596363064], [-117.61887798999902, 33.417205519840245], [-117.62038685323759, 33.419401429664916], [-117.62343171411237, 33.417761608559395], [-117.62339696620947, 33.41771846163261], [-117.6235770463251, 33.417616473142616], [-117.62369013161062, 33.41777836015567], [-117.62351430465586, 33.41787310693876], [-117.62347097347862, 33.417833612919246], [-117.62044766134854, 33.419476937579404], [-117.62097229093105, 33.420113317512595], [-117.62339732459385, 33.422631102773025], [-117.62619877771488, 33.42445909687524], [-117.6289341859844, 33.42683260432103], [-117.62997745956977, 33.4282135949978], [-117.63200977238853, 33.43046643894936], [-117.64062757572637, 33.437071062345815], [-117.64324577521587, 33.43908171553967], [-117.64490681496044, 33.44009996339926], [-117.6485366951568, 33.44233373794238], [-117.65229582445117, 33.44544598351383], [-117.6545943302888, 33.446931167094064], [-117.65881132992592, 33.449195401266046], [-117.66256968986812, 33.451083366915924], [-117.66533943012476, 33.452430632534934], [-117.66926592476793, 33.45508515088903], [-117.67184705204846, 33.45666704755841], [-117.67562880156018, 33.459074683066866], [-117.67844920579996, 33.46050020066874], [-117.68016174085162, 33.46104587172976], [-117.68173437833764, 33.46142230875422], [-117.68457598402505, 33.46152858985807], [-117.68573316168272, 33.46165055314908], [-117.68650689796202, 33.46169761440636], [-117.68743133675385, 33.46143577550982], [-117.68796619273944, 33.461291614504525], [-117.6895979086911, 33.46126553898213], [-117.68978128181234, 33.45791308585357], [-117.69212024749834, 33.45668706245177], [-117.6929814722159, 33.45502428938987], [-117.69134306611963, 33.454391643217996], [-117.69140316085938, 33.45424583496733], [-117.69462922284548, 33.455545616332444], [-117.69535564778967, 33.455746917731155], [-117.70037726842102, 33.45688243465481], [-117.70468330982148, 33.457884901232646], [-117.70716405424383, 33.46039515360551], [-117.70793256580316, 33.46074161362284], [-117.70850446960823, 33.460764018223635], [-117.70938915324531, 33.46033109811572], [-117.71168382321423, 33.460035559179666], [-117.71341874906214, 33.45995712944646], [-117.71480615382526, 33.45982933698632], [-117.71515781738799, 33.460383527032945], [-117.71570169482034, 33.460722676467086], [-117.71607392626422, 33.46129385971523], [-117.71594845594538, 33.46217597712594], [-117.71568822525045, 33.462810712359136], [-117.71568750943871, 33.46396593948032], [-117.71663527826175, 33.466236679167764], [-117.71817970734142, 33.4690430583892], [-117.72055982653184, 33.47287998050392], [-117.72141018221477, 33.47322587856227], [-117.72169812777189, 33.473472361243374], [-117.72189354213641, 33.47364236656333], [-117.72174336698227, 33.474002643056814], [-117.72307133204185, 33.47652782850337], [-117.72377739703192, 33.47793564205866], [-117.72504585598925, 33.48065796699415], [-117.72624241487789, 33.482097123008906], [-117.72774478591515, 33.48346601337953], [-117.72844117127615, 33.483701523778485], [-117.73015784792442, 33.483828335339496], [-117.73115559025022, 33.48392299993641], [-117.73192832395254, 33.48427997886246], [-117.73211982996614, 33.48473879485844], [-117.73253496717045, 33.48492246016713], [-117.73332478784802, 33.485033310426765], [-117.73348797753754, 33.484403393716384], [-117.73385278021784, 33.484067504486724], [-117.73445997944103, 33.48432062312624], [-117.73450112288634, 33.48556544552932], [-117.73395364269976, 33.48603719319198], [-117.73413808062531, 33.48701803499033], [-117.7348274721318, 33.48793170388313], [-117.73563035489016, 33.488677830707], [-117.73666600907697, 33.48887063260772], [-117.73729643542372, 33.48824434970927], [-117.73783318278629, 33.48854703536665], [-117.73785672717393, 33.488914852599386], [-117.73757165918951, 33.48901923574363], [-117.73750140756434, 33.4891651256894], [-117.73715477539686, 33.4892356451858], [-117.73727080707842, 33.48967136915468], [-117.73782168457772, 33.48959963309308], [-117.73810689785503, 33.48951236314105], [-117.73849663048921, 33.489706855645494], [-117.73825785646964, 33.490452750791455], [-117.73859565956411, 33.49054486648395], [-117.73896322884852, 33.49053411843421], [-117.73899448343349, 33.49180894648215], [-117.73880081008994, 33.49185288776576], [-117.73880291853168, 33.492101031863925], [-117.73922257288352, 33.49220977241017], [-117.73947116352012, 33.49261903207462], [-117.73920847405537, 33.492954327852125], [-117.73946371537691, 33.49294424815106], [-117.73956052234283, 33.493072163450286], [-117.7392846167781, 33.49350153116214], [-117.74059391670279, 33.49613786867701], [-117.74126709086349, 33.49722915688372], [-117.74229803515428, 33.49835252817507], [-117.74295262862195, 33.49845984627321], [-117.7436623869126, 33.499046030965914], [-117.74372776397105, 33.499524837847865], [-117.7452501377886, 33.50071270376705], [-117.74600407255858, 33.50055512353265], [-117.74617843638974, 33.50082576248157], [-117.7458347232701, 33.50094335288818], [-117.74577962372805, 33.50121804744514], [-117.74612693119703, 33.501519200101065], [-117.7467419066843, 33.50221343532967], [-117.74697745823065, 33.50221201574746], [-117.7473190513179, 33.50232693741539], [-117.7474399253131, 33.5024793107239], [-117.74725238979464, 33.50294252639609], [-117.74774706276705, 33.503452969663165], [-117.74827435389165, 33.503302175893715], [-117.74847573135315, 33.50355767327758], [-117.74821770957554, 33.503841616865934], [-117.7488354239982, 33.50529473511139], [-117.74997142292733, 33.50643665599929], [-117.75057060988956, 33.50662556250068], [-117.7509504809324, 33.50625744444272], [-117.75123525144652, 33.506409745792126], [-117.75098149924517, 33.50718784236122], [-117.75144302375242, 33.50740325048302], [-117.75214630859331, 33.50899702384169], [-117.75354665338774, 33.51057371872913], [-117.75584967671112, 33.512874999833706], [-117.74998886744412, 33.51286300403155], [-117.74889793464449, 33.51370158522242], [-117.74776421565196, 33.513695059974744], [-117.74537203434184, 33.51286174639203], [-117.73661280128508, 33.51284010732231], [-117.73557189664302, 33.51506745415217], [-117.73230251871829, 33.51507075524335], [-117.72905115627425, 33.515073954658384], [-117.72800712090903, 33.51451236153771], [-117.72469684315756, 33.51273164010038], [-117.71925535172363, 33.51269671358005], [-117.71884532255821, 33.51496084396721], [-117.71912675753215, 33.517483525460236], [-117.71902105719901, 33.51841922583125], [-117.71860114809209, 33.51940263742334], [-117.71778673605219, 33.52078490351098], [-117.71711952680964, 33.521884996371256], [-117.71680258028572, 33.52193045052275], [-117.71291891453834, 33.525321234970285], [-117.71224157145402, 33.5259089098117], [-117.71023697677936, 33.52717716012494], [-117.70838975480603, 33.52930102067882], [-117.70800678624931, 33.5332500698373], [-117.7060030171681, 33.53625690847791], [-117.70505089622692, 33.53765464441094], [-117.70494424514658, 33.53972547701379], [-117.70423828087036, 33.54126799301381], [-117.70279314971894, 33.54442402697562], [-117.7027209361936, 33.544583161735616], [-117.70446009635451, 33.546488985942446], [-117.70687297283372, 33.549145247174884], [-117.70832420178907, 33.55074007106011], [-117.71061244523408, 33.553251219918195], [-117.71022371062718, 33.55318318998435], [-117.70991656994556, 33.5532329060452], [-117.70946691328518, 33.55347251690632], [-117.70985782611041, 33.55407811747523], [-117.71024702969919, 33.55536329029579], [-117.71102793796466, 33.55536055386814], [-117.71104585330534, 33.555548483183806], [-117.7125701015438, 33.55556609354393], [-117.71254636681579, 33.556794665504476], [-117.71202461821866, 33.55690706721261], [-117.71146724969466, 33.55711651752747], [-117.71115146838032, 33.557268980300826], [-117.711067498057, 33.557513230074264], [-117.7102994567193, 33.558896433641394], [-117.71017415325552, 33.5594427861157], [-117.70972870865661, 33.56343411315131], [-117.7114164872974, 33.56290532492856], [-117.71154848484332, 33.56324164681883], [-117.71100385824116, 33.569794416856084], [-117.71436826422396, 33.57114320650704], [-117.71413312344689, 33.571896516682294], [-117.71187219772422, 33.575269944940615], [-117.71168965668082, 33.576650415833235], [-117.71051881349884, 33.57820306594731], [-117.70888620662016, 33.580553086041455], [-117.70823636718247, 33.58219844141798], [-117.70671646749037, 33.58362198135115], [-117.70785813972394, 33.58470543399873], [-117.70950091137455, 33.58610341990295], [-117.71183437836558, 33.58959254105776], [-117.71306950978332, 33.591490612124566], [-117.71254330733316, 33.5917190546547], [-117.71211425743165, 33.59191622908872], [-117.71208368590203, 33.59192774593192], [-117.71127778688215, 33.5921415876898], [-117.71097836740377, 33.59222103557277], [-117.71032898612712, 33.59229596518263], [-117.71022579639693, 33.59230787088806], [-117.70907867908353, 33.592440221476416], [-117.70856590023224, 33.59249938172689], [-117.708387202003, 33.59254372736084], [-117.70770270260226, 33.592714371186176], [-117.70766964706128, 33.59272928662862], [-117.70741089201717, 33.59286009938156], [-117.70730406719197, 33.59291342649546], [-117.70677738542065, 33.59317905379791], [-117.70581736122325, 33.59366119238261], [-117.70252149475614, 33.59534877708486], [-117.70219779850227, 33.59547598864498], [-117.70144635220404, 33.595685412356815], [-117.70130295179925, 33.59515938796909], [-117.70060558926188, 33.59380246523307], [-117.70031869478944, 33.59324421397599], [-117.69992130048881, 33.59274471066336], [-117.69898070569346, 33.59206373855466], [-117.69883462658628, 33.59195737159888], [-117.69663174570739, 33.59469970431979], [-117.6955267268617, 33.59579184514919], [-117.69312687520458, 33.59784051636552], [-117.69242887038735, 33.59859503602458], [-117.69169947750851, 33.59980344019317], [-117.6899055447097, 33.60584256691698], [-117.68940342903682, 33.60566972176699], [-117.68888966287346, 33.60519987439868], [-117.68878314860646, 33.60510246471508], [-117.68863718166578, 33.604417046538074], [-117.68836722338105, 33.6039804233965], [-117.68810280888712, 33.603681147502854], [-117.68773271954161, 33.60342349481065], [-117.68736268959894, 33.6031822262206], [-117.68723591530872, 33.60309915833631], [-117.68669172526583, 33.6027602212489], [-117.68611233224291, 33.6025164708607]]]]}, "properties": {"AdminID": "Orange County", "UtilityID": "SDGE", "AreaType": "District", "SubareaType": "Operational", "Name": "Orange County District", "Shape_Area": 6839463409.700094}}, {"type": "Feature", "geometry": {"type": "MultiPolygon", "coordinates": [[[[-117.26033089947913, 32.75845234620692], [-117.25391111482494, 32.75919485332109], [-117.25380484345841, 32.760235009258864], [-117.25336191007256, 32.762634649894636], [-117.2529447473279, 32.76797063700547], [-117.25323285055687, 32.77243318394201], [-117.25353702939454, 32.779325975000575], [-117.25375252041476, 32.78242922648978], [-117.25441786827687, 32.785989614595366], [-117.25535442719496, 32.789966984616946], [-117.25663411634612, 32.794292340583894], [-117.2573792747036, 32.796021671855705], [-117.25813207653962, 32.795852296526135], [-117.25817091359046, 32.79594990665412], [-117.25946019688935, 32.795674211553674], [-117.25948674963495, 32.79562656489698], [-117.25963495374347, 32.795598704317776], [-117.25968576346962, 32.79573386122874], [-117.25953459263651, 32.79576172781942], [-117.25948113892797, 32.795736789036276], [-117.25818299347027, 32.79602502707463], [-117.25821593490494, 32.79613517303938], [-117.25748110356655, 32.796301827775196], [-117.25967721280408, 32.80149898687544], [-117.26018064504767, 32.802366292871724], [-117.26244246111786, 32.80521599961433], [-117.26352997231938, 32.8065463010955], [-117.26427572275885, 32.80730954651439], [-117.26502046560373, 32.807728788766475], [-117.26568106283453, 32.807777485104864], [-117.2668035803922, 32.807561350711424], [-117.2673453946325, 32.80756353529926], [-117.26767787535435, 32.80765633885515], [-117.26804271752619, 32.80798953986018], [-117.26874074045055, 32.80864598612603], [-117.26939237201823, 32.80965320822497], [-117.27011737064247, 32.81137498793479], [-117.27145502652733, 32.81296518249228], [-117.2715860296035, 32.81312520916439], [-117.27168124419143, 32.8132218570212], [-117.27213785055987, 32.81358824377881], [-117.27267161852023, 32.813965594086106], [-117.27326763509768, 32.81400437231751], [-117.27355264394559, 32.81408390588741], [-117.27367779722616, 32.81426954723328], [-117.27364462600093, 32.81484518064428], [-117.27374113179778, 32.81536152677944], [-117.27406829247822, 32.81542760604021], [-117.27421662037605, 32.815645482362186], [-117.27414136430528, 32.815824883633745], [-117.27380080621957, 32.81590467114221], [-117.2733657497428, 32.81676951668087], [-117.27343538432228, 32.81712115744639], [-117.27376373849279, 32.81757465347663], [-117.27435658735627, 32.818290300139175], [-117.27482135437135, 32.81851193441122], [-117.27535339097646, 32.818314830678545], [-117.27620300020827, 32.81849108174424], [-117.27677372967985, 32.81886833323263], [-117.27704333739156, 32.81907703088654], [-117.27731881550416, 32.81947719685812], [-117.27794182200417, 32.81970292199659], [-117.27842230190915, 32.81988443073831], [-117.27881013552991, 32.82034752765851], [-117.27921124057949, 32.820659667685135], [-117.27986478436422, 32.82075846849837], [-117.28059511571605, 32.82156729275562], [-117.28101375546214, 32.822203142637065], [-117.28089406757282, 32.82271551353215], [-117.28045354997641, 32.823509147690274], [-117.28061286144997, 32.82385612935691], [-117.28065067370915, 32.82414104076002], [-117.28002215851275, 32.82525004567885], [-117.27994435620236, 32.82595056717365], [-117.28092679067687, 32.82943936864064], [-117.2811267252913, 32.829603882980756], [-117.2811908453508, 32.82986646941619], [-117.28109444459288, 32.83003471457207], [-117.28146934838983, 32.831365968102894], [-117.2816872422908, 32.83178128299307], [-117.28220822007655, 32.83234119512921], [-117.28236928104756, 32.83260885031533], [-117.28211872915489, 32.83406473168151], [-117.28177383515556, 32.83477437862897], [-117.28156049646898, 32.834865033384624], [-117.28137697146099, 32.835000707656164], [-117.28163091220229, 32.8374518692411], [-117.28163139919965, 32.83852971063148], [-117.28178002170372, 32.83895144198522], [-117.28226587723185, 32.839620429352934], [-117.2822108962888, 32.84035061715241], [-117.28182749510138, 32.84173800914712], [-117.28143991938343, 32.84281893170685], [-117.28116971877925, 32.84323962730711], [-117.2807379603079, 32.84361074013373], [-117.27974914400333, 32.84416485529537], [-117.27920788231964, 32.8444345671524], [-117.27902432847803, 32.84486031453841], [-117.27898035079727, 32.84525726098693], [-117.27895394937241, 32.84558626171227], [-117.27894431609025, 32.84584239091606], [-117.27906454877736, 32.84613686341402], [-117.27886898200467, 32.84642368250696], [-117.27874541001154, 32.846762110562544], [-117.27885262728981, 32.84688711367466], [-117.27903311265025, 32.84739474565508], [-117.27897073731663, 32.84764832207245], [-117.27867762956578, 32.84786188646072], [-117.27838113031608, 32.847940197354056], [-117.27830689813132, 32.8479253330697], [-117.2782381862335, 32.84777770052282], [-117.27804811649018, 32.847728025632364], [-117.27790884296503, 32.847790956560665], [-117.27766511796995, 32.84766375029834], [-117.2773925285843, 32.847797110736074], [-117.27697104928984, 32.848267515604796], [-117.27655489567374, 32.848490301551664], [-117.27617348527383, 32.848939509920804], [-117.27606819634585, 32.84929487507211], [-117.27601694162912, 32.849399255546054], [-117.27593728171937, 32.8495283073281], [-117.27587726485962, 32.84953859933931], [-117.27576500243303, 32.849573071289235], [-117.27564004282344, 32.84959195827532], [-117.27522003053326, 32.84961040296909], [-117.2750955048273, 32.84970014420024], [-117.2747645579636, 32.85015737167789], [-117.274409781073, 32.85053396384234], [-117.2740426494864, 32.850807795725636], [-117.27389327523595, 32.851124690571666], [-117.27383662358781, 32.851132965249555], [-117.27367198525717, 32.851178037522544], [-117.27363421153682, 32.85118352907085], [-117.27346589693713, 32.85120094107686], [-117.27313368122383, 32.85105144260068], [-117.27295052549208, 32.85079011222633], [-117.27293932937883, 32.85075748301614], [-117.2729650049579, 32.85066737520591], [-117.27303305083052, 32.850599596661745], [-117.27292393031509, 32.850419777799814], [-117.2728546524842, 32.850398696391984], [-117.27270796200622, 32.85032905567695], [-117.27260258141938, 32.85029321718063], [-117.27245599839586, 32.85028988709496], [-117.27234022801308, 32.85029840765902], [-117.27230587609958, 32.850361471491794], [-117.27219582410666, 32.850399753789915], [-117.27209946636505, 32.85036641336415], [-117.27209269022929, 32.8503124846733], [-117.27197525255643, 32.85027242747544], [-117.27178583507488, 32.85031926351966], [-117.27171513516738, 32.850390988770826], [-117.271701919917, 32.85046141271053], [-117.27161834417797, 32.850489183795844], [-117.27153878335605, 32.85049390512092], [-117.27150471365876, 32.85048521002219], [-117.27139803584005, 32.850433892972596], [-117.27132497654566, 32.85045893672516], [-117.27096848332815, 32.85024484930675], [-117.27066561394888, 32.8500057423219], [-117.27053279204448, 32.84969182858945], [-117.27044583167674, 32.84963847558052], [-117.27035238947279, 32.84964994888615], [-117.27034254570007, 32.849706329586866], [-117.27044398024243, 32.8501288016592], [-117.27040759922684, 32.850241598751836], [-117.27009404377148, 32.85021772355824], [-117.26995791644616, 32.850173099980665], [-117.26990621224581, 32.8500369711667], [-117.26978201411457, 32.849810541428255], [-117.26976900087743, 32.849772889019114], [-117.26975456837388, 32.849737768037855], [-117.26973397543308, 32.84970279675191], [-117.26971300795145, 32.84967779412328], [-117.26968614688923, 32.84964757899321], [-117.26964428122909, 32.84963542273146], [-117.26902334206315, 32.849423491389544], [-117.26885951921646, 32.84922095062864], [-117.26792034962125, 32.84891830057609], [-117.26786306618708, 32.84890864337437], [-117.26780789665614, 32.848881453930126], [-117.26767408938659, 32.84883208431986], [-117.26767132166964, 32.848651742381655], [-117.26755105007561, 32.84862194127449], [-117.2673572508168, 32.84867220361259], [-117.26676222790822, 32.84904443869127], [-117.2666710746209, 32.849076568917965], [-117.26659538765064, 32.84907109454081], [-117.26640170027366, 32.848997389051604], [-117.26623747186966, 32.84896767345296], [-117.26573287382371, 32.84885541915833], [-117.26533402388725, 32.84886071387107], [-117.26529781277502, 32.84886837687003], [-117.2650420531851, 32.84893878510499], [-117.26444833771248, 32.84929267311685], [-117.26391258818593, 32.849889808698094], [-117.26364651728045, 32.85058096833843], [-117.26303559521087, 32.851235515976846], [-117.26196384571927, 32.851780651185635], [-117.26185381727628, 32.851828787071014], [-117.26176888764411, 32.851898004123655], [-117.26121439242131, 32.85227792533046], [-117.26059773681692, 32.852986048951806], [-117.25969626975417, 32.85436392612294], [-117.2589055008413, 32.85533194995997], [-117.25602907997836, 32.859926656829096], [-117.25594815582798, 32.860133386830626], [-117.25571392649833, 32.86073182319505], [-117.25555520848647, 32.861505192806725], [-117.25550071753234, 32.8618225832216], [-117.25523314564734, 32.8634526340235], [-117.25495812668152, 32.86463490147223], [-117.25491809209569, 32.86480700120708], [-117.25489137826902, 32.86530579585004], [-117.25457945618761, 32.866246331695585], [-117.25705092839424, 32.866959330726225], [-117.25708239542307, 32.86689247084756], [-117.2574626825063, 32.867021939148806], [-117.25740758753538, 32.86712892675566], [-117.25456294357897, 32.8663102391091], [-117.25428703290198, 32.867191156780464], [-117.25406292045633, 32.86878283154002], [-117.25363150042963, 32.87046398689187], [-117.25347216367888, 32.87133710507833], [-117.2532061893361, 32.871824508369286], [-117.25283386634548, 32.872027133427], [-117.25258125072874, 32.87226513888776], [-117.25237100077831, 32.87255649448248], [-117.25213880457154, 32.87322630895751], [-117.2516521633356, 32.87463008796316], [-117.25143679688557, 32.87560425203992], [-117.25154689825898, 32.87721899717971], [-117.25222613350358, 32.88102942377402], [-117.25297092059735, 32.88312381287743], [-117.25349511171082, 32.88681579519783], [-117.25383392417406, 32.89705112268462], [-117.25394181160053, 32.89786432036642], [-117.25428695723906, 32.900428557132855], [-117.25482010008182, 32.90397767260072], [-117.2552795564531, 32.90625812723163], [-117.25540658377174, 32.90637476019295], [-117.25557322465673, 32.90649799035737], [-117.25569633230121, 32.90662798924016], [-117.25579582083854, 32.906804793206724], [-117.25600652951921, 32.90760352859701], [-117.25601742136448, 32.9076392092764], [-117.25623361047356, 32.90904672906228], [-117.25820030678877, 32.91371838797449], [-117.25833781218937, 32.913901267953115], [-117.25843157597882, 32.91397715836804], [-117.25850173701468, 32.913978421683275], [-117.2585483861505, 32.91393605665749], [-117.25860348428117, 32.913927489414554], [-117.25865547705462, 32.91399923783737], [-117.25862232248515, 32.91408666243877], [-117.25850066848197, 32.91418554120263], [-117.2584874564695, 32.91423769924698], [-117.25859221874063, 32.91457663884694], [-117.25906036561481, 32.917409759094625], [-117.25928075175548, 32.921773243398874], [-117.2595818625103, 32.926047497931734], [-117.26075438040537, 32.93455577046822], [-117.25990396749245, 32.93460955163756], [-117.25889121759096, 32.93537432376672], [-117.25754455051734, 32.93394901868185], [-117.25654805935886, 32.93449389634665], [-117.24652550379766, 32.92975971705017], [-117.2469505258002, 32.931871974013504], [-117.24372476073212, 32.93019382351766], [-117.24137907572884, 32.93163954784269], [-117.24102213524539, 32.931882847705836], [-117.23835318304894, 32.93353528657366], [-117.23330134764818, 32.9356839546826], [-117.2287672086096, 32.93726681272576], [-117.22489284233784, 32.93868904276636], [-117.22288623241452, 32.93968696102076], [-117.22217490822992, 32.94032381465221], [-117.22121135040254, 32.940755347370484], [-117.2143676648502, 32.94374776540704], [-117.20546657453926, 32.94807123871029], [-117.20431970693532, 32.948783174842205], [-117.20301290156264, 32.94950649601086], [-117.20154137499068, 32.94989373583479], [-117.1940708410683, 32.95143227821368], [-117.18303765778971, 32.953809040596376], [-117.16975030158542, 32.956323568835515], [-117.16959954964089, 32.94815465216174], [-117.1695226373048, 32.94655784492194], [-117.16856811757842, 32.93806592449216], [-117.16935081978589, 32.93814804612068], [-117.16910813647239, 32.930564401483856], [-117.1647489085579, 32.93431610226621], [-117.15811499669313, 32.936472733980416], [-117.14963540473777, 32.93917680381356], [-117.14621520485176, 32.93963729708824], [-117.14406582990789, 32.93992425253955], [-117.13850499868329, 32.9406372456878], [-117.1291699095818, 32.94194544124433], [-117.12901305168516, 32.94195933490677], [-117.11836303153251, 32.94309286106207], [-117.11580359011391, 32.94297896195301], [-117.10910273182951, 32.94336156233522], [-117.10730331955178, 32.94287730882252], [-117.10583202864127, 32.9424813353033], [-117.09734264710036, 32.94255865701059], [-117.09268539217572, 32.9426122367521], [-117.0880971505039, 32.9404806742145], [-117.0859598676721, 32.939494931165115], [-117.08424363065494, 32.938703338449905], [-117.08130955564245, 32.93867647747581], [-117.07667855773157, 32.93431070563141], [-117.07449568763381, 32.9343902225404], [-117.07388729430761, 32.934478153001635], [-117.07225555587576, 32.93471397222572], [-117.06882490954325, 32.93475293945702], [-117.06818201863706, 32.93468756387873], [-117.0665423325496, 32.93455661968475], [-117.06103313640035, 32.934933517446275], [-117.05817037459408, 32.931494139943005], [-117.05619993797039, 32.92865183889923], [-117.05549490421593, 32.92653101679919], [-117.04677953371423, 32.926219749925274], [-117.04566001731207, 32.926331833416725], [-117.03466475725065, 32.92743691810493], [-117.03343374273986, 32.92728729243424], [-117.03256102983119, 32.926542106788474], [-117.03156068385107, 32.92660159328227], [-117.03154028202862, 32.927591765768696], [-117.0315269037827, 32.929150109978885], [-117.02706512203773, 32.931635142748306], [-117.02627854763327, 32.93313244624087], [-117.02328061248029, 32.934602174930255], [-117.01522051139658, 32.93704151404808], [-117.0141581821233, 32.93738176962942], [-117.001661465176, 32.943161841100824], [-116.98407330106146, 32.9300918303122], [-116.98933781562312, 32.90501593433456], [-116.99323725555858, 32.90581164177157], [-117.00079315684084, 32.90375764060157], [-117.0131278514397, 32.9030443974552], [-117.03198357660176, 32.902574920360344], [-117.03606183229923, 32.89059028476707], [-117.03529384809265, 32.87668432041112], [-117.04473682912834, 32.8747210255359], [-117.04258177578197, 32.870427674691875], [-117.03585902566734, 32.87145928792054], [-117.0387526143656, 32.85952783407605], [-117.03600729915917, 32.84773615669079], [-117.05063009362605, 32.849734674061494], [-117.05102807099735, 32.847047324462096], [-117.03544957717276, 32.84439748510196], [-117.05065668636614, 32.831921736681466], [-117.05324848742028, 32.82676502814633], [-117.05419220214743, 32.82432487799191], [-117.05511904169947, 32.82394990740873], [-117.05828196573812, 32.82432558929945], [-117.06038641069202, 32.82243887466174], [-117.0634904312006, 32.81966655550913], [-117.06461530031255, 32.81866049622064], [-117.06883454872703, 32.81488851318319], [-117.07156392550367, 32.81218311616056], [-117.07300933325804, 32.811155468696896], [-117.07339154848711, 32.810931313875365], [-117.07705742992385, 32.809984439180646], [-117.0785362955469, 32.80925120940955], [-117.08022066452597, 32.80840939577054], [-117.08608285161077, 32.81418703508194], [-117.087266737911, 32.81505029327034], [-117.0886041100007, 32.81619309002524], [-117.08966111103226, 32.81528809331326], [-117.08279684704665, 32.80702655049212], [-117.08437149458669, 32.8064703270931], [-117.08793015387946, 32.80605395178311], [-117.08969883657427, 32.80620409649906], [-117.09207888589688, 32.80703531254438], [-117.09470787064271, 32.80617352148979], [-117.09511258738301, 32.803619182270126], [-117.09763308474508, 32.80354915530029], [-117.09752491008595, 32.79954977133668], [-117.09578623458249, 32.79949681591757], [-117.09745119215681, 32.795696619166556], [-117.09803224173255, 32.794540631830934], [-117.09919137964057, 32.79370114539242], [-117.10213915649368, 32.79579673505991], [-117.10472829326385, 32.79524865740856], [-117.10473562444442, 32.79220774863225], [-117.1025960240008, 32.79090357104506], [-117.1028359307675, 32.79024643556487], [-117.10353581086521, 32.78949167203119], [-117.10356073323342, 32.788215075265626], [-117.10359868034047, 32.785337336646805], [-117.10359956704768, 32.784703763216555], [-117.10359599374158, 32.78434834427066], [-117.10406778348819, 32.78400173607447], [-117.10616389301134, 32.78395976785968], [-117.1062176744637, 32.78325891377076], [-117.105868734529, 32.78325792463169], [-117.10583013366924, 32.783228683200065], [-117.10372082288349, 32.78325248545733], [-117.10449822938862, 32.781462952605814], [-117.10570005380683, 32.78047026580258], [-117.11070176559294, 32.78024558881399], [-117.11222137342484, 32.78106458175222], [-117.11258273551014, 32.7810323803636], [-117.11305117718933, 32.78098766319376], [-117.11243696810055, 32.77901505496774], [-117.1165946250493, 32.77849857948827], [-117.11965081686405, 32.77748329630584], [-117.124350678502, 32.77508707903641], [-117.12739707871505, 32.77339810729276], [-117.13079246455328, 32.772072383392924], [-117.13772907998525, 32.77047515719245], [-117.14236634401257, 32.769117470206545], [-117.14290909413309, 32.76887633752185], [-117.14717807001485, 32.76706703877678], [-117.15346376629553, 32.76554923026661], [-117.15438653973565, 32.765326322707594], [-117.15726816067213, 32.764630179637244], [-117.15805185925949, 32.763826042106245], [-117.15952670407232, 32.763557795420525], [-117.16136413797076, 32.763484702250096], [-117.16334950512521, 32.762618462868225], [-117.16477691625785, 32.76203811854574], [-117.1659774723426, 32.76143207208961], [-117.17320705570515, 32.75978352100124], [-117.17593280614096, 32.759160544813895], [-117.18684786401622, 32.75969490294246], [-117.19470662778747, 32.76066899614203], [-117.19559875274881, 32.75918584118439], [-117.19621812900138, 32.758850174624406], [-117.19817274961454, 32.75536270486416], [-117.19830217734919, 32.753015096481946], [-117.19832666858079, 32.75240742262338], [-117.19722426554756, 32.75123553441596], [-117.19622059986706, 32.74988424120248], [-117.1953250600305, 32.74918267618881], [-117.19434384220445, 32.74835608720478], [-117.19364516212144, 32.747868247307395], [-117.19264864314759, 32.747306192686736], [-117.18454364746894, 32.74349474077967], [-117.18359092054091, 32.74303313849899], [-117.18255219758171, 32.74254952661521], [-117.18161079610212, 32.74214998519434], [-117.18031697438765, 32.741429473591445], [-117.17930449362416, 32.740566839203126], [-117.17857421389029, 32.73970631924362], [-117.17675222542651, 32.73760760350516], [-117.17057030639431, 32.73047817888381], [-117.1746448595605, 32.729185895140304], [-117.17936110207464, 32.72768768617664], [-117.17911072065463, 32.727149379136485], [-117.1792579648873, 32.72615193094532], [-117.18625162192777, 32.717397470424146], [-117.20620570144932, 32.71980001884345], [-117.20935852287239, 32.718200229662614], [-117.21007617123588, 32.71782451248393], [-117.23130956200377, 32.703726487118615], [-117.23042945660178, 32.6805046554619], [-117.225556122085, 32.671432111270875], [-117.23635053091196, 32.671269598458075], [-117.2364341708739, 32.67119305155516], [-117.23648762315851, 32.6710915788057], [-117.23654379091467, 32.67102183921243], [-117.23682553622464, 32.670794231338334], [-117.2372157787555, 32.67038473735946], [-117.23732189959274, 32.670218425560606], [-117.23739675498281, 32.66980497038908], [-117.23738609509842, 32.66960757393314], [-117.23733131995479, 32.66941998585214], [-117.2372519261444, 32.669021673216065], [-117.23718338860634, 32.6688528580727], [-117.23708391873622, 32.668629126546534], [-117.23706286936897, 32.66834243172464], [-117.23713643408287, 32.66810107028202], [-117.23727159191627, 32.66793078988872], [-117.23750923912714, 32.66776936141492], [-117.23768248712992, 32.667599735003115], [-117.23797033277296, 32.667066660803286], [-117.23810765734137, 32.666913154900506], [-117.23860371206376, 32.66654733235092], [-117.23871871445672, 32.666420198762765], [-117.23895305472723, 32.666227673190434], [-117.23898728926282, 32.66611389202766], [-117.23905068695721, 32.66604159110356], [-117.23919673969421, 32.665959585956045], [-117.23947751530339, 32.665878008607585], [-117.24024774635885, 32.665763941227375], [-117.24076603219132, 32.665625561798734], [-117.24157399276518, 32.66531473402362], [-117.24210900803516, 32.66525134201583], [-117.2422506704347, 32.66520906254402], [-117.24233819333047, 32.66515730636082], [-117.24240188553244, 32.66508754680747], [-117.24243868201695, 32.66500143748559], [-117.24246545641391, 32.664963158359036], [-117.2424935427791, 32.66494040503225], [-117.242624558597, 32.66489582861194], [-117.2426539603527, 32.664878625136716], [-117.24273023886995, 32.66484384266845], [-117.24280781604267, 32.66485826839819], [-117.2428637927168, 32.66490142764952], [-117.24300092894683, 32.66508993258885], [-117.24303103877692, 32.665123949129196], [-117.24318426875362, 32.66524721916053], [-117.24320707408857, 32.665273452788384], [-117.24337614604828, 32.66532145691012], [-117.2434147783736, 32.66531649248858], [-117.2434568101195, 32.66534168445353], [-117.24359200021301, 32.665512621515425], [-117.2436727767062, 32.665580340139755], [-117.24372140166906, 32.6656406648107], [-117.24377731863754, 32.665697028806086], [-117.24391184527504, 32.66589963235219], [-117.2440259851021, 32.66594764897316], [-117.24406357342357, 32.665972469961474], [-117.24411138405902, 32.66597795794596], [-117.24415129252651, 32.666003223718825], [-117.24431174415587, 32.6661660725843], [-117.24439256301955, 32.666193187562676], [-117.24446908131758, 32.666272027742444], [-117.2446391690296, 32.66635958743101], [-117.24468128257897, 32.666421826235776], [-117.24470489270352, 32.666575950082745], [-117.24486385454993, 32.666680431368285], [-117.24495386598441, 32.66686728954568], [-117.24522448486073, 32.66764161440996], [-117.24522521481546, 32.66790880389252], [-117.24499475399612, 32.66834566566602], [-117.24506416888944, 32.6687017851692], [-117.24545462104123, 32.6690127448233], [-117.24579794790395, 32.669417312471786], [-117.2455536633975, 32.67057561742703], [-117.24566477638143, 32.67077579413804], [-117.2457407780758, 32.67161284242925], [-117.24570116795167, 32.672530275298385], [-117.24567112643827, 32.673095887395995], [-117.24577851300444, 32.6738571709658], [-117.24606332050742, 32.67403474019111], [-117.24653316857994, 32.674488041677435], [-117.2470839973909, 32.67566705013957], [-117.24735547238943, 32.67673527784339], [-117.24708232476989, 32.67697183469873], [-117.24720893840662, 32.67706064826899], [-117.24748248275759, 32.67713868579575], [-117.24772041417351, 32.67732683053552], [-117.24774531435602, 32.677705062490816], [-117.24768020873033, 32.67802160466563], [-117.2479968458527, 32.678247080307486], [-117.24813977741074, 32.678555077844074], [-117.24827794773391, 32.67901348162427], [-117.2483739576836, 32.67945860961986], [-117.2486171330093, 32.67980547479554], [-117.24878159790904, 32.680250466047895], [-117.24884594595497, 32.6806689369415], [-117.24857787164463, 32.68083868921251], [-117.24843631606964, 32.68106162836035], [-117.2485836294632, 32.681016804398915], [-117.24883119819285, 32.68104748604114], [-117.24896837594197, 32.681145183892475], [-117.24895924123079, 32.68164841044016], [-117.24876008604654, 32.68198724637672], [-117.24861822128497, 32.68209885653931], [-117.24857030835419, 32.68233629929792], [-117.24889324605067, 32.68253472232709], [-117.24902498630017, 32.68257008722016], [-117.24920907433739, 32.682494017269796], [-117.24944086369332, 32.682529181165044], [-117.24976271362706, 32.68276010653425], [-117.2501492066545, 32.68351192224036], [-117.25006716495521, 32.68430475037262], [-117.24986328675996, 32.684839537073], [-117.25014354091238, 32.68525757608657], [-117.25065388873847, 32.68698438664447], [-117.25046077653097, 32.68760376321129], [-117.25030570557458, 32.68864611420747], [-117.25051813726144, 32.68928694589656], [-117.25186276989702, 32.691036552977934], [-117.2522770101473, 32.69115820437365], [-117.25254123429745, 32.69148275362427], [-117.25267905873112, 32.69180310449287], [-117.25301096826003, 32.691851420167204], [-117.25325925960122, 32.692127014980315], [-117.2532023240917, 32.6924789298727], [-117.25316664181793, 32.69289759843523], [-117.2530621205989, 32.69318281201251], [-117.2531056214785, 32.693668119225734], [-117.25322780167124, 32.694041938325036], [-117.25344435077832, 32.69426415908054], [-117.25382894656593, 32.69431682017525], [-117.25402414248953, 32.694436660093686], [-117.25413603642214, 32.69489510997833], [-117.25407915261427, 32.69526483688865], [-117.25408155700852, 32.695696479518574], [-117.25453709528092, 32.697036266599625], [-117.25482014274043, 32.69841617180135], [-117.25534260196306, 32.6987891747949], [-117.25558080539808, 32.69921173940932], [-117.25551845594299, 32.699510227537], [-117.25530837310436, 32.69971550119569], [-117.2552720134949, 32.69989370217207], [-117.25538330988128, 32.7001383990116], [-117.25544838795184, 32.700797333804125], [-117.25539750992478, 32.70142533284518], [-117.2553144839514, 32.70186191123217], [-117.25537402933332, 32.70242734057289], [-117.25573000643537, 32.70351318546836], [-117.25586425898516, 32.70441690290616], [-117.25583925178087, 32.7067281410006], [-117.25572479906315, 32.70722712784685], [-117.2556844016067, 32.70783729156043], [-117.25552346902876, 32.70866145303186], [-117.25558387122487, 32.709525241006745], [-117.25619381810795, 32.71099798891926], [-117.25623725536136, 32.711452122070035], [-117.25639676639463, 32.71197281461198], [-117.2563451237254, 32.71233362557249], [-117.25645210349016, 32.712903410275764], [-117.25653964584052, 32.71404323715171], [-117.25666764733022, 32.71459516467583], [-117.25663758525253, 32.71513405802543], [-117.25650695299879, 32.71550393599765], [-117.25620710682593, 32.71564704952129], [-117.25603453617552, 32.716088263411216], [-117.2560469535796, 32.71674730352757], [-117.25647647751705, 32.717739477781535], [-117.25665760858664, 32.71844715781244], [-117.25689525852174, 32.718655968735035], [-117.25696950576655, 32.718829489546664], [-117.2568804007511, 32.7189855311905], [-117.25693352493042, 32.719141282643825], [-117.25716054010162, 32.71931449051262], [-117.2573514734834, 32.71976386606217], [-117.25740100728567, 32.72050298609609], [-117.25733596504446, 32.72170101563484], [-117.25735463515393, 32.72269848120764], [-117.25760835844575, 32.72299632012491], [-117.25760975426711, 32.7234817100452], [-117.25795374284654, 32.724024285240766], [-117.2578967551792, 32.724358388547614], [-117.25799301738452, 32.72485694267518], [-117.25841049836247, 32.725305849566176], [-117.25840064316048, 32.725541886780825], [-117.25827987290548, 32.7256801827174], [-117.25726411961327, 32.726034069252805], [-117.25661781166885, 32.726623207695965], [-117.25592994684034, 32.72742172624672], [-117.25603666264723, 32.727893541104656], [-117.25634907375273, 32.728445090971334], [-117.25637806716509, 32.72937128429357], [-117.25653702532554, 32.72968713200642], [-117.25701743789891, 32.73002904010468], [-117.25737690845679, 32.730451350662825], [-117.25742508040639, 32.73071398625102], [-117.25723046547809, 32.7308257140562], [-117.25707234618073, 32.73080377359029], [-117.25696129860582, 32.730661500689294], [-117.25685060884483, 32.730643914066825], [-117.25700513336547, 32.731249223843044], [-117.25726951924015, 32.731582666872455], [-117.2571590970263, 32.731658597522085], [-117.25689536269569, 32.731552262622415], [-117.2568217309144, 32.73159694457303], [-117.25698570809044, 32.73182371958311], [-117.25703901975888, 32.732041812992875], [-117.25690823753469, 32.732367160536384], [-117.25673996173576, 32.732478833339506], [-117.25674563793639, 32.73262132245884], [-117.2569301803144, 32.732669928379124], [-117.25715719201007, 32.7328297755836], [-117.2572215152066, 32.733212613630144], [-117.25722251332658, 32.73355995607844], [-117.25695443634187, 32.73377870880307], [-117.25668593718265, 32.7338505090978], [-117.25660748130741, 32.734051061062694], [-117.2567028923639, 32.73425125671444], [-117.25667219937709, 32.73457194529199], [-117.25666735133568, 32.734718908530745], [-117.25646024452504, 32.73476573130059], [-117.25629846330118, 32.73469294468231], [-117.25618829167526, 32.73485793576591], [-117.25614167544434, 32.73513857831672], [-117.25615800405217, 32.735321124192915], [-117.2563798908718, 32.73552996685451], [-117.25621233571042, 32.73589546689832], [-117.25590547008481, 32.73601177212318], [-117.25585091275244, 32.73663987821594], [-117.2554255080477, 32.73712168311976], [-117.25546988189274, 32.737900891144896], [-117.25537073862309, 32.738239531573186], [-117.25536284092017, 32.73916579880356], [-117.25532802919402, 32.73989172969026], [-117.25557536115144, 32.74162794620612], [-117.2552835153633, 32.74275963555899], [-117.25535410976312, 32.743494257997796], [-117.25550820167797, 32.74394370947421], [-117.25560033554011, 32.744838600444], [-117.25539126543734, 32.74543574599318], [-117.25525720776058, 32.746469143431426], [-117.2549263493222, 32.746861691395885], [-117.25436829488714, 32.747040951510236], [-117.25395147508735, 32.746854764152765], [-117.25363917037761, 32.74713274401433], [-117.25861851463198, 32.75015809273989], [-117.25902689016634, 32.749921791656746], [-117.25913328737609, 32.749813861261856], [-117.25924482373661, 32.74943288898546], [-117.25932492763364, 32.74945777146909], [-117.25918379461417, 32.74985383521086], [-117.25905372681471, 32.74997684325033], [-117.25864574425835, 32.75021574212873], [-117.25845053602393, 32.75074458238082], [-117.25838018869928, 32.750715039658225], [-117.2585684384426, 32.75020996394027], [-117.25768939421968, 32.74969660407131], [-117.25764803271618, 32.749744282050955], [-117.25731546372111, 32.749542069282754], [-117.25735975297601, 32.74948186153913], [-117.25360345058496, 32.747178814864746], [-117.25346828985892, 32.74731602355748], [-117.25300468465772, 32.74788855093969], [-117.2528217360155, 32.74841438868828], [-117.25271198074763, 32.748735234852745], [-117.25260780845821, 32.749167397317095], [-117.252545804309, 32.74960392860759], [-117.25239902413983, 32.75022789719031], [-117.25280855055475, 32.75138167991482], [-117.25339178350531, 32.75139831381719], [-117.25337798369911, 32.751487404151945], [-117.25280402930761, 32.75147371985923], [-117.25271868441396, 32.751904359475695], [-117.25275611360001, 32.75271772156635], [-117.25302010256715, 32.754136249888006], [-117.25361018518302, 32.75656349125698], [-117.25920145616826, 32.75586923983884], [-117.25923002664253, 32.756029494308564], [-117.25363165339334, 32.756700010259046], [-117.2539521764022, 32.75904730903267], [-117.26030241129074, 32.75832177998332], [-117.26033089947913, 32.75845234620692]]]]}, "properties": {"AdminID": "Beach Cities", "UtilityID": "SDGE", "AreaType": "District", "SubareaType": "Operational", "Name": "Beach Cities District", "Shape_Area": 4643260861.516677}}, {"type": "Feature", "geometry": {"type": "MultiPolygon", "coordinates": [[[[-117.06932703782711, 32.77926629020763], [-117.06645982142412, 32.77933750677763], [-117.06700305194141, 32.77874057427794], [-117.06775831341105, 32.77723943908282], [-117.06790610067446, 32.77633695279228], [-117.06776994107021, 32.77509993524637], [-117.06795266159043, 32.77434395560288], [-117.06991524689388, 32.77267908616033], [-117.06984584554428, 32.770687053000444], [-117.06764364309687, 32.766915258284904], [-117.06754511811947, 32.76688273784398], [-117.06682686272596, 32.76555891692176], [-117.06680084169396, 32.76275534821161], [-117.06679512935055, 32.762139970546585], [-117.06701756697922, 32.76140838640665], [-117.06702438948444, 32.761288443237774], [-117.06707175615708, 32.76074739982192], [-117.06681039835502, 32.76037227307213], [-117.06640472336325, 32.759790000486284], [-117.06636948786115, 32.759632403961504], [-117.06630409032384, 32.75942055574326], [-117.06630578708481, 32.75865827616547], [-117.0662013542869, 32.75865674864356], [-117.06623267714987, 32.75809937488221], [-117.06618329327543, 32.756830466605365], [-117.06590673504508, 32.755940216924444], [-117.06454852563357, 32.75311442713798], [-117.06412400189761, 32.75223549819996], [-117.0628879221934, 32.75081717883251], [-117.06176633639083, 32.74734769100669], [-117.06124160125685, 32.74674922296905], [-117.06044450859109, 32.746224408587906], [-117.05915063618767, 32.74578504154276], [-117.05875429309764, 32.745683565441766], [-117.05827349033486, 32.7455670479265], [-117.05810514357498, 32.745520962739434], [-117.05305442835312, 32.74412333400893], [-117.05066511043047, 32.74190672913597], [-117.05282491466969, 32.74015839497644], [-117.05744657335775, 32.735151005211954], [-117.05898868161812, 32.73347029568359], [-117.06120486899603, 32.73172980218088], [-117.06081354560953, 32.731343651536854], [-117.06050663796387, 32.730994112710505], [-117.05976118576092, 32.73053151677632], [-117.05851141082728, 32.73049621352576], [-117.05825750638418, 32.730698640931756], [-117.05824569283855, 32.73072422232504], [-117.05820530082454, 32.730734356712595], [-117.05818639278685, 32.73064229881444], [-117.0581536294835, 32.73028943926871], [-117.05752772211297, 32.729892258522774], [-117.05754462445739, 32.729673761255995], [-117.04963550564199, 32.72972708915956], [-117.04963676849489, 32.72994998146146], [-117.04912929763202, 32.729946497085514], [-117.0491325285446, 32.72904228822118], [-117.04913273316502, 32.72688025781874], [-117.04903557503728, 32.72678828254366], [-117.04905045354467, 32.72279783082333], [-117.04923973141806, 32.72273866151853], [-117.0492080515634, 32.720201845207626], [-117.04902482492177, 32.72003287067189], [-117.04919257810056, 32.71983020042872], [-117.04914947960626, 32.71808551413579], [-117.04918442287433, 32.718089459383044], [-117.04916535100469, 32.7156838133348], [-117.0491490913257, 32.71512696901455], [-117.04890053099831, 32.715127475420445], [-117.04890061410623, 32.71497209878622], [-117.04868173996202, 32.71497345972641], [-117.0486785724778, 32.71515233767943], [-117.04644506177799, 32.715159866677546], [-117.045740578342, 32.71600235495107], [-117.04187264962798, 32.72063430834923], [-117.04072808488549, 32.71984823415972], [-117.04039527746775, 32.72018725264672], [-117.03870474647877, 32.71950461814605], [-117.03825836800328, 32.7204486007294], [-117.0377534483469, 32.72071492568091], [-117.03757487134763, 32.72070497837992], [-117.03752888563639, 32.72048017878716], [-117.03715110033343, 32.720231464515635], [-117.03668282757052, 32.720340804703184], [-117.03643650891964, 32.720645161275215], [-117.0365116621634, 32.721100767015216], [-117.0352897132992, 32.721248889449384], [-117.03534419744251, 32.72033434040392], [-117.03460024812222, 32.720300322119435], [-117.03443229327499, 32.71867555417066], [-117.03468402667704, 32.71866436306491], [-117.03468541423496, 32.7179120524391], [-117.03468785312737, 32.717023746221976], [-117.03469059393703, 32.71666490305235], [-117.03258582472074, 32.715333836943536], [-117.03194840837716, 32.71550383280528], [-117.03194601747039, 32.72038062637344], [-117.03020927055367, 32.72032740721134], [-117.03023025529767, 32.72179741403348], [-117.02842237303547, 32.721797239606076], [-117.02840701885536, 32.71891476389881], [-117.02668074793857, 32.71890182549007], [-117.02633761824718, 32.719239624288505], [-117.02547618958383, 32.719263634241145], [-117.02507085843501, 32.718676027967255], [-117.02326845077219, 32.71842320213716], [-117.02299668410542, 32.718139053716754], [-117.02307915408392, 32.71481039762419], [-117.02047521794191, 32.7148122480956], [-117.020273463776, 32.71459479370167], [-117.02012590176014, 32.71373172593235], [-117.01816934684733, 32.70833422445979], [-117.0206474836894, 32.707535906740226], [-117.01997343203517, 32.70585542668423], [-117.02076365098462, 32.705658749042456], [-117.0211647379556, 32.704841527397754], [-117.0210278572284, 32.70443011031472], [-117.02127123090388, 32.7038269606995], [-117.01996430321822, 32.701608567008826], [-117.01950679322029, 32.700341804928634], [-117.0198297319342, 32.700233453849854], [-117.02517870291395, 32.69872250234571], [-117.0248577390092, 32.697825007547706], [-117.02457716665927, 32.69708057014082], [-117.02280263609657, 32.69645753215879], [-117.02234332445425, 32.695566045922405], [-117.0219477988174, 32.69460267817422], [-117.02212904713306, 32.6935803992946], [-117.02205848325009, 32.693316985274905], [-117.02232918917478, 32.692903199204245], [-117.02293519679664, 32.69278566621616], [-117.0214565006214, 32.68828722480622], [-117.0191002792682, 32.68875859864776], [-117.0185255463312, 32.68887531718736], [-117.01685490117103, 32.68936704001684], [-117.01518295905986, 32.68994265954548], [-117.01417521213983, 32.6897520366757], [-117.01183762736157, 32.69021066504758], [-117.00823674841739, 32.69090447966619], [-116.99915295683257, 32.691924868472164], [-116.9906912974234, 32.693751233654275], [-116.98468079101762, 32.696520997743875], [-116.98009498570457, 32.70349302364383], [-116.97807920550555, 32.706550523957475], [-116.97262099366777, 32.708757713427076], [-116.96991364480712, 32.708597913007594], [-116.97006200026344, 32.685335222830034], [-116.95543517689919, 32.67974936825188], [-116.94806511568528, 32.67693133975549], [-116.94554949518792, 32.67708520367525], [-116.94332142083731, 32.67595214374237], [-116.94031434624002, 32.67838211140223], [-116.93361130362514, 32.67995506755684], [-116.93164702015702, 32.6793809514296], [-116.93187170142278, 32.671165445462265], [-116.92277900237654, 32.66635094720787], [-116.89895537623931, 32.644612112760136], [-116.89134401930798, 32.63759853798005], [-116.88599074647009, 32.6326662365255], [-116.88102859891974, 32.62809352651155], [-116.84495349977354, 32.59484296425056], [-116.84673321434897, 32.593961136731856], [-116.84505145829667, 32.59373275434107], [-116.84388836197436, 32.59385396998846], [-116.82386919496012, 32.57530144947206], [-116.82407595320103, 32.559549059557646], [-117.0089095551486, 32.54420734210451], [-117.02193128896354, 32.54309429642387], [-117.02192851411795, 32.54277683094642], [-117.02724953572928, 32.542342431387944], [-117.02727670290646, 32.54263617512236], [-117.03002437850701, 32.54240128667856], [-117.03938828602737, 32.54159854573895], [-117.03990901928897, 32.540951406556424], [-117.0624935596104, 32.53911111979479], [-117.06833600573954, 32.54004000763441], [-117.06941705512752, 32.53902973285812], [-117.12473412365509, 32.53427325082885], [-117.1255183826223, 32.54458611935262], [-117.12571133824316, 32.54667167361471], [-117.1270550403014, 32.55103297644849], [-117.1283382647672, 32.55403285893216], [-117.12985611706739, 32.55693310868868], [-117.13065570537307, 32.55807511478261], [-117.13302054535987, 32.56665812254873], [-117.13246301764975, 32.57358464772598], [-117.13239339613988, 32.57562504820069], [-117.1324693557856, 32.57699574319358], [-117.1328405233782, 32.577988555871286], [-117.13284301454405, 32.579516047717995], [-117.13718993300793, 32.57952395519738], [-117.13718697089847, 32.579408404242265], [-117.13734063042047, 32.57941059438931], [-117.1375265043414, 32.579533019963], [-117.13739671951528, 32.57966207994373], [-117.13722589751814, 32.579668555168034], [-117.13722577274284, 32.5795868030829], [-117.132843132551, 32.57958836613706], [-117.13285016521169, 32.58389986455839], [-117.13372536347708, 32.58390837037308], [-117.13372917046821, 32.58397125281488], [-117.13285029824188, 32.583981618261], [-117.13285306895, 32.58568030076044], [-117.13277029842588, 32.58756876670326], [-117.13377558340711, 32.58757608539445], [-117.13377568345645, 32.587643164343916], [-117.13278035704064, 32.58767356720475], [-117.132928592838, 32.59543585410784], [-117.13396260476551, 32.60572356735139], [-117.1361408572881, 32.61649952587108], [-117.13671776802342, 32.61685916636615], [-117.13669367743748, 32.61701359272041], [-117.13656009293841, 32.61714755170967], [-117.13787607734014, 32.622408306136634], [-117.1419283241868, 32.63245619178195], [-117.14727921765696, 32.64252681229278], [-117.1527448514205, 32.65152349353254], [-117.15560839895316, 32.65632656294761], [-117.16072616534376, 32.66342019350631], [-117.16503228057684, 32.667928395860045], [-117.17149410555247, 32.67339697636527], [-117.17714343048331, 32.67767625758832], [-117.17863865407573, 32.6787194013075], [-117.17904919871657, 32.678608807079804], [-117.1794393439738, 32.67856771993014], [-117.17985712730707, 32.678653970446454], [-117.18002852309415, 32.67877531393939], [-117.1800018009805, 32.67910537943682], [-117.18018722691707, 32.67939461119412], [-117.18447860181597, 32.6819751963263], [-117.18805271443064, 32.683822672228715], [-117.19108992909459, 32.68497092642771], [-117.19415325629866, 32.68575483363106], [-117.2036176266119, 32.6714884420457], [-117.225556122085, 32.671432111270875], [-117.23042945660178, 32.6805046554619], [-117.23130956200377, 32.703726487118615], [-117.21007617123588, 32.71782451248393], [-117.20935852287239, 32.718200229662614], [-117.20620570144932, 32.71980001884345], [-117.18625162192777, 32.717397470424146], [-117.1792579648873, 32.72615193094532], [-117.17911072065463, 32.727149379136485], [-117.17936110207464, 32.72768768617664], [-117.1746448595605, 32.729185895140304], [-117.17057030639431, 32.73047817888381], [-117.17675222542651, 32.73760760350516], [-117.17857421389029, 32.73970631924362], [-117.17930449362416, 32.740566839203126], [-117.18031697438765, 32.741429473591445], [-117.18161079610212, 32.74214998519434], [-117.18255219758171, 32.74254952661521], [-117.18359092054091, 32.74303313849899], [-117.18454364746894, 32.74349474077967], [-117.19264864314759, 32.747306192686736], [-117.19364516212144, 32.747868247307395], [-117.19434384220445, 32.74835608720478], [-117.1953250600305, 32.74918267618881], [-117.19622059986706, 32.74988424120248], [-117.19722426554756, 32.75123553441596], [-117.19832666858079, 32.75240742262338], [-117.19830217734919, 32.753015096481946], [-117.19817274961454, 32.75536270486416], [-117.19621812900138, 32.758850174624406], [-117.19559875274881, 32.75918584118439], [-117.19470662778747, 32.76066899614203], [-117.18684786401622, 32.75969490294246], [-117.17593280614096, 32.759160544813895], [-117.17320705570515, 32.75978352100124], [-117.1659774723426, 32.76143207208961], [-117.16477691625785, 32.76203811854574], [-117.16334950512521, 32.762618462868225], [-117.16136413797076, 32.763484702250096], [-117.15952670407232, 32.763557795420525], [-117.15805185925949, 32.763826042106245], [-117.15726816067213, 32.764630179637244], [-117.15438653973565, 32.765326322707594], [-117.15346376629553, 32.76554923026661], [-117.14717807001485, 32.76706703877678], [-117.14290909413309, 32.76887633752185], [-117.14236634401257, 32.769117470206545], [-117.13772907998525, 32.77047515719245], [-117.13079246455328, 32.772072383392924], [-117.12739707871505, 32.77339810729276], [-117.124350678502, 32.77508707903641], [-117.11965081686405, 32.77748329630584], [-117.1165946250493, 32.77849857948827], [-117.11243696810055, 32.77901505496774], [-117.1019565157957, 32.77894530059763], [-117.08953341359326, 32.7807550953875], [-117.08778874267547, 32.78100504352563], [-117.07689005545184, 32.77974923567792], [-117.06932703782711, 32.77926629020763]]]]}, "properties": {"AdminID": "Metro", "UtilityID": "SDGE", "AreaType": "District", "SubareaType": "Operational", "Name": "Metro District", "Shape_Area": 5824860521.145771}}, {"type": "Feature", "geometry": {"type": "MultiPolygon", "coordinates": [[[[-116.7264626908864, 33.42762881614443], [-116.68929081852687, 33.42658478374612], [-116.65453111097736, 33.426433268217785], [-116.53738293088169, 33.426141819075276], [-116.46796488797038, 33.42622416937741], [-116.36760026254231, 33.426407687814326], [-116.20964299527607, 33.42653243869537], [-116.21154955650884, 33.326350858732894], [-116.21056597015604, 33.30091274103401], [-116.20927224006726, 33.26743449707346], [-116.20709015527937, 33.21091906503785], [-116.23263900498594, 33.17374906746693], [-116.24446509697543, 33.156531135944526], [-116.27742188352758, 33.077961077579126], [-116.2777592488007, 33.02568880387364], [-116.27524846279384, 33.02411570695778], [-116.24622449986192, 32.99773466347679], [-116.21915965973325, 32.9731142483304], [-116.1942797685989, 32.95046433133489], [-116.16948511259874, 32.92949221920287], [-116.14909740363345, 32.91223662428255], [-116.13812580365486, 32.9029464489291], [-116.13839167901186, 32.88409686777712], [-116.13917268505352, 32.8286415405165], [-116.13936644930682, 32.81486374335102], [-116.10388205397115, 32.814027308773255], [-116.10328706150722, 32.72587445882237], [-116.10582509354977, 32.7258421067979], [-116.19829937111517, 32.78347773470537], [-116.27153998830022, 32.83287491753464], [-116.37190483741134, 32.89986597073387], [-116.42805540253653, 32.942251220438116], [-116.45559689905416, 32.96391870757507], [-116.4824045071355, 32.98513995712487], [-116.52387054926903, 32.985164107480244], [-116.53521184374772, 32.99320600407797], [-116.55951169570292, 33.01042815621374], [-116.56402638203755, 33.01189287148209], [-116.57539645544527, 33.01236643592801], [-116.59274620091166, 33.01175071409281], [-116.60025228144617, 33.01085843913254], [-116.61590439674197, 33.0101495501836], [-116.65615750250096, 33.00831734372765], [-116.69471689635849, 33.006549955780294], [-116.69972996930078, 33.00358530280814], [-116.73205558525237, 32.984458750397536], [-116.76118724499761, 32.984112996545406], [-116.76731077264847, 32.975449040480456], [-116.77656592788018, 32.97521082661431], [-116.80254489790399, 32.9594766768016], [-116.80838053694823, 32.9620054845121], [-116.80798902958902, 32.9841908571362], [-116.82481680344897, 32.984427826013224], [-116.82485209436798, 32.98382991692781], [-116.85082584401773, 32.96173105442967], [-116.85658257276893, 32.95684498697066], [-116.86227023415351, 32.95199527613167], [-116.86273689290091, 32.95223061645323], [-116.86463296246045, 32.95084173188291], [-116.86636437483473, 32.95062308520747], [-116.86610473960829, 32.94871971786072], [-116.88310540993741, 32.935912720732745], [-116.88386896596342, 32.935349954641595], [-116.90170277886519, 32.929271735707424], [-116.915190809348, 32.924377197548004], [-116.93617800758459, 32.925153847968915], [-116.94978693483537, 32.94226214992631], [-116.95956289740559, 32.93803557796992], [-116.97554591184591, 32.95066889574492], [-116.97809718137007, 32.95767036508902], [-116.98119648518654, 32.96709934960401], [-116.9741642132998, 32.97468401136838], [-116.97296051559145, 32.9754039824672], [-116.97552313886384, 32.98276850762656], [-116.9864903318298, 32.98252617312204], [-116.99048178641989, 32.993912049928625], [-116.98675384393727, 32.99426388665014], [-116.9875374246027, 32.99993019112676], [-116.99327163675909, 32.99970206487423], [-116.99693115503581, 33.00710341395558], [-116.99697273107819, 33.011577418585], [-116.99727291119139, 33.02217327750856], [-116.9967949343499, 33.0291114151962], [-116.99646737772728, 33.030119228029754], [-116.99654118717082, 33.03527030435553], [-116.99662609316417, 33.05083310154619], [-116.99662868717256, 33.052428621268554], [-116.99337002655426, 33.062824019734606], [-116.99218862597807, 33.06658033209613], [-116.99319696559428, 33.06806028893101], [-116.99338935785481, 33.073095307537386], [-116.98014401785363, 33.07206381331563], [-116.97707848540132, 33.07308684766405], [-116.97530173137048, 33.067753670648536], [-116.97403484397377, 33.06916266618747], [-116.97341092612625, 33.0743013553074], [-116.9651111861094, 33.07715663676245], [-116.96465033929758, 33.073557039055544], [-116.95395924110701, 33.076463559781374], [-116.95496763288634, 33.08042752520529], [-116.94935074270374, 33.08261904535839], [-116.93891523633296, 33.08461613506287], [-116.9218373133714, 33.08579025192959], [-116.90495660724174, 33.08694834422412], [-116.8935831764955, 33.116084975322515], [-116.88241951063445, 33.143559830007554], [-116.86917115869453, 33.17120932551463], [-116.86386741939071, 33.181603855459606], [-116.86230337689324, 33.18471890504602], [-116.85655548658148, 33.19552906964267], [-116.84427025198899, 33.219925044922306], [-116.8187192964043, 33.265130555926156], [-116.82398673255413, 33.26138609486817], [-116.82751740788868, 33.2637079458214], [-116.81892856397317, 33.2720655446456], [-116.81796087556461, 33.27170911585617], [-116.82127324019206, 33.293184451817], [-116.82310705917631, 33.30460014106791], [-116.82574455804186, 33.32289233511551], [-116.82715249582354, 33.33236230687512], [-116.8278947804964, 33.33715341953563], [-116.83747070517524, 33.41032658920937], [-116.8682229638624, 33.42011203438594], [-116.86799020746321, 33.42673749281488], [-116.86775505685173, 33.433461584915776], [-116.86774993639365, 33.43360764158884], [-116.81827494489848, 33.430831349629166], [-116.7809808923895, 33.42944619287937], [-116.76038657259224, 33.42876249459172], [-116.7264626908864, 33.42762881614443]]]]}, "properties": {"AdminID": "Ramona", "UtilityID": "SDGE", "AreaType": "Sub District", "SubareaType": "Operational", "Name": "Ramona Sub District", "Shape_Area": 36877450566.491425}}, {"type": "Feature", "geometry": {"type": "MultiPolygon", "coordinates": [[[[-116.77924131001932, 32.92631617625077], [-116.78147509279219, 32.90667571158692], [-116.77976397942585, 32.89353269548748], [-116.76532926662989, 32.893035603089196], [-116.7630295822871, 32.89193208281614], [-116.75414923627987, 32.887674444259666], [-116.74473529869888, 32.88315161086973], [-116.73741272891847, 32.86394982823199], [-116.73421027889752, 32.85557291502067], [-116.73146801594197, 32.84839975387259], [-116.73131514387559, 32.84310118296914], [-116.73111716926633, 32.83629896117692], [-116.73150239801619, 32.834091756648206], [-116.73164660141951, 32.833385783396515], [-116.73198394515181, 32.83164582255423], [-116.73232207986425, 32.82748030788409], [-116.73242069572231, 32.81955079100487], [-116.7296949153898, 32.819526039381664], [-116.71189054444423, 32.819321384554875], [-116.6989725295978, 32.80042085648683], [-116.6963159565273, 32.79670024005052], [-116.68693924016435, 32.78296657829489], [-116.69464689543669, 32.77331039939935], [-116.69941914868072, 32.771230723441434], [-116.70140287292055, 32.767706419557996], [-116.7050413277111, 32.76123070368344], [-116.71031995443678, 32.751863452753625], [-116.7132844983065, 32.74892031574955], [-116.71342765854133, 32.7487811539158], [-116.73728747406989, 32.72479092199067], [-116.74633968097014, 32.71569111500619], [-116.74705103122642, 32.71496851160795], [-116.74882646589607, 32.71313843690865], [-116.77632516941632, 32.69165583248078], [-116.79884634336541, 32.682212151309756], [-116.82445183248706, 32.671444212306675], [-116.8037774228485, 32.66111606213321], [-116.79368482965802, 32.65600404012437], [-116.79352389216457, 32.634338940333386], [-116.79315739516255, 32.59813278109648], [-116.7928367256175, 32.56233535255246], [-116.82407595320103, 32.559549059557646], [-116.82386919496012, 32.57530144947206], [-116.84388836197436, 32.59385396998846], [-116.84505145829667, 32.59373275434107], [-116.84673321434897, 32.593961136731856], [-116.84495349977354, 32.59484296425056], [-116.88102859891974, 32.62809352651155], [-116.88599074647009, 32.6326662365255], [-116.89134401930798, 32.63759853798005], [-116.89895537623931, 32.644612112760136], [-116.92277900237654, 32.66635094720787], [-116.93187170142278, 32.671165445462265], [-116.93164702015702, 32.6793809514296], [-116.93361130362514, 32.67995506755684], [-116.94031434624002, 32.67838211140223], [-116.94332142083731, 32.67595214374237], [-116.94554949518792, 32.67708520367525], [-116.94806511568528, 32.67693133975549], [-116.95543517689919, 32.67974936825188], [-116.97006200026344, 32.685335222830034], [-116.96991364480712, 32.708597913007594], [-116.97262099366777, 32.708757713427076], [-116.97807920550555, 32.706550523957475], [-116.98009498570457, 32.70349302364383], [-116.98468079101762, 32.696520997743875], [-116.9906912974234, 32.693751233654275], [-116.99915295683257, 32.691924868472164], [-117.00823674841739, 32.69090447966619], [-117.01183762736157, 32.69021066504758], [-117.01417521213983, 32.6897520366757], [-117.01518295905986, 32.68994265954548], [-117.01685490117103, 32.68936704001684], [-117.0185255463312, 32.68887531718736], [-117.0191002792682, 32.68875859864776], [-117.0214565006214, 32.68828722480622], [-117.02293519679664, 32.69278566621616], [-117.02232918917478, 32.692903199204245], [-117.02205848325009, 32.693316985274905], [-117.02212904713306, 32.6935803992946], [-117.0219477988174, 32.69460267817422], [-117.02234332445425, 32.695566045922405], [-117.02280263609657, 32.69645753215879], [-117.02457716665927, 32.69708057014082], [-117.0248577390092, 32.697825007547706], [-117.02517870291395, 32.69872250234571], [-117.0198297319342, 32.700233453849854], [-117.01950679322029, 32.700341804928634], [-117.01996430321822, 32.701608567008826], [-117.02127123090388, 32.7038269606995], [-117.0210278572284, 32.70443011031472], [-117.0211647379556, 32.704841527397754], [-117.02076365098462, 32.705658749042456], [-117.01997343203517, 32.70585542668423], [-117.0206474836894, 32.707535906740226], [-117.01816934684733, 32.70833422445979], [-117.02012590176014, 32.71373172593235], [-117.020273463776, 32.71459479370167], [-117.02047521794191, 32.7148122480956], [-117.02307915408392, 32.71481039762419], [-117.02299668410542, 32.718139053716754], [-117.02326845077219, 32.71842320213716], [-117.02507085843501, 32.718676027967255], [-117.02547618958383, 32.719263634241145], [-117.02633761824718, 32.719239624288505], [-117.02668074793857, 32.71890182549007], [-117.02840701885536, 32.71891476389881], [-117.02842237303547, 32.721797239606076], [-117.03023025529767, 32.72179741403348], [-117.03020927055367, 32.72032740721134], [-117.03194601747039, 32.72038062637344], [-117.03194840837716, 32.71550383280528], [-117.03258582472074, 32.715333836943536], [-117.03469059393703, 32.71666490305235], [-117.03468785312737, 32.717023746221976], [-117.03468541423496, 32.7179120524391], [-117.03468402667704, 32.71866436306491], [-117.03443229327499, 32.71867555417066], [-117.03460024812222, 32.720300322119435], [-117.03534419744251, 32.72033434040392], [-117.0352897132992, 32.721248889449384], [-117.0365116621634, 32.721100767015216], [-117.03643650891964, 32.720645161275215], [-117.03668282757052, 32.720340804703184], [-117.03715110033343, 32.720231464515635], [-117.03752888563639, 32.72048017878716], [-117.03757487134763, 32.72070497837992], [-117.0377534483469, 32.72071492568091], [-117.03825836800328, 32.7204486007294], [-117.03870474647877, 32.71950461814605], [-117.04039527746775, 32.72018725264672], [-117.04072808488549, 32.71984823415972], [-117.04187264962798, 32.72063430834923], [-117.045740578342, 32.71600235495107], [-117.04644506177799, 32.715159866677546], [-117.0486785724778, 32.71515233767943], [-117.04868173996202, 32.71497345972641], [-117.04890061410623, 32.71497209878622], [-117.04890053099831, 32.715127475420445], [-117.0491490913257, 32.71512696901455], [-117.04916535100469, 32.7156838133348], [-117.04918442287433, 32.718089459383044], [-117.04914947960626, 32.71808551413579], [-117.04919257810056, 32.71983020042872], [-117.04902482492177, 32.72003287067189], [-117.0492080515634, 32.720201845207626], [-117.04923973141806, 32.72273866151853], [-117.04905045354467, 32.72279783082333], [-117.04903557503728, 32.72678828254366], [-117.04913273316502, 32.72688025781874], [-117.0491325285446, 32.72904228822118], [-117.04912929763202, 32.729946497085514], [-117.04963676849489, 32.72994998146146], [-117.04963550564199, 32.72972708915956], [-117.05754462445739, 32.729673761255995], [-117.05752772211297, 32.729892258522774], [-117.0581536294835, 32.73028943926871], [-117.05818639278685, 32.73064229881444], [-117.05820530082454, 32.730734356712595], [-117.05824569283855, 32.73072422232504], [-117.05825750638418, 32.730698640931756], [-117.05851141082728, 32.73049621352576], [-117.05976118576092, 32.73053151677632], [-117.06050663796387, 32.730994112710505], [-117.06081354560953, 32.731343651536854], [-117.06120486899603, 32.73172980218088], [-117.05898868161812, 32.73347029568359], [-117.05744657335775, 32.735151005211954], [-117.05282491466969, 32.74015839497644], [-117.05066511043047, 32.74190672913597], [-117.05305442835312, 32.74412333400893], [-117.05810514357498, 32.745520962739434], [-117.05827349033486, 32.7455670479265], [-117.05875429309764, 32.745683565441766], [-117.05915063618767, 32.74578504154276], [-117.06044450859109, 32.746224408587906], [-117.06124160125685, 32.74674922296905], [-117.06176633639083, 32.74734769100669], [-117.0628879221934, 32.75081717883251], [-117.06412400189761, 32.75223549819996], [-117.06454852563357, 32.75311442713798], [-117.06590673504508, 32.755940216924444], [-117.06618329327543, 32.756830466605365], [-117.06623267714987, 32.75809937488221], [-117.0662013542869, 32.75865674864356], [-117.06630578708481, 32.75865827616547], [-117.06630409032384, 32.75942055574326], [-117.06636948786115, 32.759632403961504], [-117.06640472336325, 32.759790000486284], [-117.06681039835502, 32.76037227307213], [-117.06707175615708, 32.76074739982192], [-117.06702438948444, 32.761288443237774], [-117.06701756697922, 32.76140838640665], [-117.06679512935055, 32.762139970546585], [-117.06680084169396, 32.76275534821161], [-117.06682686272596, 32.76555891692176], [-117.06754511811947, 32.76688273784398], [-117.06764364309687, 32.766915258284904], [-117.06984584554428, 32.770687053000444], [-117.06991524689388, 32.77267908616033], [-117.06795266159043, 32.77434395560288], [-117.06776994107021, 32.77509993524637], [-117.06790610067446, 32.77633695279228], [-117.06775831341105, 32.77723943908282], [-117.06700305194141, 32.77874057427794], [-117.06645982142412, 32.77933750677763], [-117.06932703782711, 32.77926629020763], [-117.07689005545184, 32.77974923567792], [-117.08778874267547, 32.78100504352563], [-117.08953341359326, 32.7807550953875], [-117.1019565157957, 32.77894530059763], [-117.11243696810055, 32.77901505496774], [-117.11305117718933, 32.78098766319376], [-117.11258273551014, 32.7810323803636], [-117.11222137342484, 32.78106458175222], [-117.11070176559294, 32.78024558881399], [-117.10570005380683, 32.78047026580258], [-117.10449822938862, 32.781462952605814], [-117.10372082288349, 32.78325248545733], [-117.10583013366924, 32.783228683200065], [-117.105868734529, 32.78325792463169], [-117.1062176744637, 32.78325891377076], [-117.10616389301134, 32.78395976785968], [-117.10406778348819, 32.78400173607447], [-117.10359599374158, 32.78434834427066], [-117.10359956704768, 32.784703763216555], [-117.10359868034047, 32.785337336646805], [-117.10356073323342, 32.788215075265626], [-117.10353581086521, 32.78949167203119], [-117.1028359307675, 32.79024643556487], [-117.1025960240008, 32.79090357104506], [-117.10473562444442, 32.79220774863225], [-117.10472829326385, 32.79524865740856], [-117.10213915649368, 32.79579673505991], [-117.09919137964057, 32.79370114539242], [-117.09803224173255, 32.794540631830934], [-117.09745119215681, 32.795696619166556], [-117.09578623458249, 32.79949681591757], [-117.09752491008595, 32.79954977133668], [-117.09763308474508, 32.80354915530029], [-117.09511258738301, 32.803619182270126], [-117.09470787064271, 32.80617352148979], [-117.09207888589688, 32.80703531254438], [-117.08969883657427, 32.80620409649906], [-117.08793015387946, 32.80605395178311], [-117.08437149458669, 32.8064703270931], [-117.08279684704665, 32.80702655049212], [-117.08966111103226, 32.81528809331326], [-117.0886041100007, 32.81619309002524], [-117.087266737911, 32.81505029327034], [-117.08608285161077, 32.81418703508194], [-117.08022066452597, 32.80840939577054], [-117.0785362955469, 32.80925120940955], [-117.07705742992385, 32.809984439180646], [-117.07339154848711, 32.810931313875365], [-117.07300933325804, 32.811155468696896], [-117.07156392550367, 32.81218311616056], [-117.06883454872703, 32.81488851318319], [-117.06461530031255, 32.81866049622064], [-117.0634904312006, 32.81966655550913], [-117.06038641069202, 32.82243887466174], [-117.05828196573812, 32.82432558929945], [-117.05511904169947, 32.82394990740873], [-117.05419220214743, 32.82432487799191], [-117.05324848742028, 32.82676502814633], [-117.05065668636614, 32.831921736681466], [-117.03544957717276, 32.84439748510196], [-117.05102807099735, 32.847047324462096], [-117.05063009362605, 32.849734674061494], [-117.03600729915917, 32.84773615669079], [-117.0387526143656, 32.85952783407605], [-117.03585902566734, 32.87145928792054], [-117.04258177578197, 32.870427674691875], [-117.04473682912834, 32.8747210255359], [-117.03529384809265, 32.87668432041112], [-117.03606183229923, 32.89059028476707], [-117.03198357660176, 32.902574920360344], [-117.0131278514397, 32.9030443974552], [-117.00079315684084, 32.90375764060157], [-116.99323725555858, 32.90581164177157], [-116.98933781562312, 32.90501593433456], [-116.98407330106146, 32.9300918303122], [-116.98184921296843, 32.934635503751636], [-116.97958362542512, 32.93856729101855], [-116.97554591184591, 32.95066889574492], [-116.95956289740559, 32.93803557796992], [-116.94978693483537, 32.94226214992631], [-116.93617800758459, 32.925153847968915], [-116.915190809348, 32.924377197548004], [-116.90170277886519, 32.929271735707424], [-116.88386896596342, 32.935349954641595], [-116.88310540993741, 32.935912720732745], [-116.86610473960829, 32.94871971786072], [-116.86636437483473, 32.95062308520747], [-116.86463296246045, 32.95084173188291], [-116.86273689290091, 32.95223061645323], [-116.86227023415351, 32.95199527613167], [-116.85658257276893, 32.95684498697066], [-116.85082584401773, 32.96173105442967], [-116.82485209436798, 32.98382991692781], [-116.82481680344897, 32.984427826013224], [-116.80798902958902, 32.9841908571362], [-116.80838053694823, 32.9620054845121], [-116.80254489790399, 32.9594766768016], [-116.77656592788018, 32.97521082661431], [-116.76731077264847, 32.975449040480456], [-116.76118724499761, 32.984112996545406], [-116.75695164936438, 32.96072203022602], [-116.76894782437125, 32.946659251268315], [-116.77924131001932, 32.92631617625077]]]]}, "properties": {"AdminID": "Eastern", "UtilityID": "SDGE", "AreaType": "District", "SubareaType": "Operational", "Name": "Eastern District", "Shape_Area": 10067568318.538528}}, {"type": "Feature", "geometry": {"type": "MultiPolygon", "coordinates": [[[[-117.34131809899824, 33.14139702126052], [-117.3421463931197, 33.14282764295348], [-117.34395490272814, 33.145001636792166], [-117.34481884394538, 33.14459221668938], [-117.34490524958844, 33.14469147395083], [-117.34375190161346, 33.145332344800764], [-117.34405976462178, 33.14569782369692], [-117.34520276922946, 33.145160997631585], [-117.3453000680517, 33.14529640530115], [-117.34487349556453, 33.14550713267029], [-117.34615487646768, 33.14715369580298], [-117.34794248575486, 33.14941903027579], [-117.35088890413583, 33.15365924422109], [-117.35328560515902, 33.157050059094644], [-117.3537209384913, 33.15718704957949], [-117.35415805623829, 33.15820564646616], [-117.35616755824728, 33.16035477598765], [-117.3583118967085, 33.16334836749341], [-117.35889432386855, 33.164366420391644], [-117.36173364224247, 33.16785092170077], [-117.36658847921208, 33.17355317789074], [-117.36847366652644, 33.17531436876605], [-117.37160915939997, 33.17909861197928], [-117.37625065465795, 33.18411286264302], [-117.37905981851249, 33.18771346906298], [-117.3839277034807, 33.193045649033806], [-117.38476082450045, 33.1940385015191], [-117.38866499319286, 33.191695068914264], [-117.38861802011104, 33.19162237026401], [-117.38887718962145, 33.19145345687639], [-117.38905924466697, 33.191684206578074], [-117.38877903076539, 33.19186281699346], [-117.38871201568563, 33.19177897373313], [-117.38481088431905, 33.19409815896067], [-117.3872507328173, 33.197005622031405], [-117.3884231646296, 33.19827466230352], [-117.39123677920358, 33.201203032850295], [-117.39250960313667, 33.202502729732075], [-117.39397128344416, 33.20162279852624], [-117.39403076116488, 33.201690448019676], [-117.39258487054865, 33.20257958538972], [-117.39651383408892, 33.20659116527069], [-117.39741754567015, 33.20735733605741], [-117.3993156059315, 33.20683569302703], [-117.39937979355552, 33.206754081600046], [-117.39954146013092, 33.20592594137088], [-117.39967065012077, 33.20594248593214], [-117.39951309511702, 33.20678757361294], [-117.40279931904226, 33.206359651855166], [-117.40261776297534, 33.205590845465004], [-117.40282041530571, 33.20556983945962], [-117.4029838152855, 33.20622818459886], [-117.40586271103885, 33.20925349038275], [-117.4056531499196, 33.21393702650847], [-117.40436133169726, 33.215317198172656], [-117.40603811841002, 33.218027748115794], [-117.42536208945577, 33.24189518109855], [-117.46979131293746, 33.295769595427316], [-117.46383028835204, 33.2990682994269], [-117.46230854389985, 33.29717863438019], [-117.46095167017299, 33.29781444931348], [-117.45955931532743, 33.29595934419585], [-117.45859544822785, 33.29672333018247], [-117.45974391444466, 33.29811819693892], [-117.4567790252745, 33.300274429224324], [-117.45380208833572, 33.3042518539768], [-117.4518162790076, 33.30520512983043], [-117.44875208102636, 33.3037377095771], [-117.44828238753618, 33.304392462009524], [-117.45012753058536, 33.305809838450536], [-117.4468010295704, 33.30735577158059], [-117.44416060255523, 33.311182152998946], [-117.44235451092918, 33.316338497810335], [-117.43812470992411, 33.31789172190266], [-117.43238735205493, 33.3260622760941], [-117.42584175104139, 33.327883821112756], [-117.42169359429683, 33.330291046700474], [-117.40707976869125, 33.34617205657699], [-117.39573331907293, 33.36051820222849], [-117.3872364757717, 33.36725644416471], [-117.38301098212867, 33.379055551293256], [-117.37453886834258, 33.38011880506048], [-117.36222711506369, 33.38518253005037], [-117.35688700114335, 33.39154536885889], [-117.33650232986547, 33.40575171488407], [-117.32227862323136, 33.40544990513929], [-117.30842951204019, 33.411744023085156], [-117.30434370591519, 33.412995327219505], [-117.30434129445261, 33.41372614316573], [-117.29537767468885, 33.41751418818884], [-117.28267840209716, 33.411498301572024], [-117.27401193668123, 33.40716778651457], [-117.26450310606825, 33.406588956428685], [-117.25547614436343, 33.40597511809926], [-117.25606407122982, 33.40206518388426], [-117.25754527144723, 33.39110125755825], [-117.25852701450968, 33.38505095495148], [-117.25908515852366, 33.38187722832406], [-117.2592850366699, 33.38082997278938], [-117.25945026495084, 33.378214603717396], [-117.26032863897007, 33.37217775494365], [-117.26049801932359, 33.37183807328282], [-117.26060511326317, 33.37113936457144], [-117.26049762737415, 33.37101624427948], [-117.26132162904473, 33.36893498090145], [-117.26098825302033, 33.367099466567275], [-117.26221027197877, 33.35793880567157], [-117.25611749599915, 33.35804135309177], [-117.25414597041541, 33.35807048863961], [-117.25460556370368, 33.34621226744797], [-117.25467734047078, 33.34535293740143], [-117.25449591705464, 33.330110734914435], [-117.2662292134622, 33.32999058617576], [-117.26718024707844, 33.31946478657912], [-117.26764705256583, 33.31465180335264], [-117.26878671120026, 33.30788312769062], [-117.26899072679844, 33.305296729740625], [-117.27002295306896, 33.29984316444302], [-117.2819763269588, 33.29094596148801], [-117.2719015051253, 33.28566668635856], [-117.27063236517064, 33.28061623917707], [-117.2662370252616, 33.283113041061114], [-117.26211748527757, 33.28127131894822], [-117.25773257986636, 33.278458317627255], [-117.2561115864956, 33.27512427180548], [-117.2547020649606, 33.27299921523927], [-117.25421326686147, 33.26977463404906], [-117.26091126014708, 33.269505588970944], [-117.26014364185292, 33.266771560659286], [-117.2607774347631, 33.25981046467896], [-117.26170259364464, 33.258647157361736], [-117.25484428549134, 33.25855687154679], [-117.25230536295189, 33.25758978998823], [-117.251020649211, 33.25710974476507], [-117.25009427124503, 33.2564842592724], [-117.24989786342107, 33.25603197200112], [-117.24584784625131, 33.25504089324316], [-117.24460052037725, 33.25464050229027], [-117.23545273053767, 33.261159696154095], [-117.23496974350518, 33.26740433847934], [-117.22869482850066, 33.26951680467165], [-117.22678766692167, 33.27112255867439], [-117.22233852114714, 33.271506724892156], [-117.22181296115055, 33.26751856949069], [-117.2131703105004, 33.26763853839561], [-117.2135979227258, 33.262390264671915], [-117.21171072989112, 33.26169438613791], [-117.21025177683289, 33.26014429268595], [-117.21020876882174, 33.26012502043062], [-117.20816295102266, 33.26013171296616], [-117.20482183770362, 33.260158949451835], [-117.20485992255396, 33.2564517949158], [-117.19975976071697, 33.2564766099149], [-117.18762158005768, 33.25651117498927], [-117.18770763226165, 33.25305079364226], [-117.18584637187188, 33.25254598396324], [-117.1831639620726, 33.25231630812941], [-117.1825052987716, 33.25092846557669], [-117.18065574951716, 33.24944002488586], [-117.17606708581873, 33.249477460628675], [-117.17421464713775, 33.2509911095603], [-117.17232834787104, 33.251019622604204], [-117.17150800564215, 33.25097217160676], [-117.17123880003388, 33.25102188020557], [-117.17088407552927, 33.25122098084426], [-117.16833830629061, 33.25157586677256], [-117.16151109815475, 33.25298592722063], [-117.15808322297708, 33.252393399331346], [-117.15652630125915, 33.250844650615136], [-117.15653730265132, 33.249250890453204], [-117.15797449654387, 33.24925781421984], [-117.15790780375453, 33.247094974400156], [-117.15799473305523, 33.24401410562044], [-117.15779486110803, 33.24357278684067], [-117.15797574043773, 33.227647039211355], [-117.17055250699022, 33.227591994886964], [-117.17535229455807, 33.22441260306726], [-117.18036652746595, 33.224742897948936], [-117.18450576456358, 33.227596946149276], [-117.18613672069728, 33.22951572479702], [-117.1890973674458, 33.23132052439921], [-117.19312176645715, 33.2294326769579], [-117.19913001292662, 33.226576706357775], [-117.19612993000742, 33.22293366282807], [-117.18940781683459, 33.214740460793], [-117.18735558870695, 33.21226704849398], [-117.18352723212286, 33.207621561338634], [-117.18223190208457, 33.20604748137088], [-117.18320165106155, 33.20504232084107], [-117.18294715444577, 33.20281936183264], [-117.18049399374696, 33.203933675334106], [-117.17533035474283, 33.19755910028468], [-117.17506101780208, 33.194814781284514], [-117.17441672999834, 33.18798224441281], [-117.17398709609637, 33.18353358264562], [-117.17391950712613, 33.182755483367416], [-117.17222381613264, 33.182575898200476], [-117.17191542364597, 33.17574850872273], [-117.17456990411614, 33.17567113862233], [-117.1735553871759, 33.17401811452773], [-117.17223929920502, 33.17317863499142], [-117.17006795175756, 33.173456333401035], [-117.1701587213397, 33.172750890803805], [-117.172924669253, 33.17281444765748], [-117.17879740634199, 33.1727831554856], [-117.1787759321514, 33.16992501639756], [-117.18163079013968, 33.169902357516484], [-117.18703346419095, 33.16986825986958], [-117.1871168776414, 33.17213669581774], [-117.187815103292, 33.17216548233318], [-117.1911590972842, 33.17222284570016], [-117.1910094984785, 33.168383354238514], [-117.19530124657933, 33.164048113723176], [-117.19518100326599, 33.16329529693917], [-117.19927364880868, 33.16396616685699], [-117.19962564809819, 33.163770973869816], [-117.20240518964094, 33.162070009558114], [-117.20281829770525, 33.16052970896309], [-117.20399376115388, 33.16001611905979], [-117.20554691815406, 33.16022338298302], [-117.20691306016616, 33.15775626317715], [-117.20712716703007, 33.1573199776235], [-117.20733858791752, 33.15691285185521], [-117.2066507126735, 33.15610799055352], [-117.20686422455452, 33.155542554904976], [-117.20828975377465, 33.155067537438654], [-117.20908362858785, 33.153538478883085], [-117.2111565694553, 33.15422167375106], [-117.21196389214403, 33.15256123693598], [-117.21204991591962, 33.15237269452502], [-117.21310442476674, 33.15017479315023], [-117.21320325277955, 33.15017886797182], [-117.21326836364614, 33.14997419197972], [-117.21321279526876, 33.149950414348744], [-117.21402823601477, 33.14825399706141], [-117.21424413022575, 33.14779301441552], [-117.21440706550779, 33.147866145009104], [-117.21460488768284, 33.14745787157833], [-117.21443143811675, 33.147400648312164], [-117.21479044520427, 33.14666785072704], [-117.21630652291144, 33.143586679180785], [-117.21669686260701, 33.142761817450385], [-117.2179769798018, 33.14195197406117], [-117.2182072246498, 33.138553980553056], [-117.21895063302264, 33.1384782176186], [-117.2190595989102, 33.13830051273091], [-117.21980942412085, 33.138269891937284], [-117.2209221225402, 33.136878159235046], [-117.2208966607772, 33.13578824727665], [-117.22116624541798, 33.1357861715278], [-117.22116464817178, 33.1352329963807], [-117.22116139817669, 33.13442917572176], [-117.22087406563887, 33.13441656807615], [-117.22084031417687, 33.132000764087884], [-117.2208387176021, 33.13158552045274], [-117.22315317470714, 33.131095969500095], [-117.22735468125904, 33.13109692003862], [-117.22976387993849, 33.13076411002921], [-117.22978995303872, 33.130474495884975], [-117.22971574661122, 33.12925160634661], [-117.22973025402577, 33.12866429055171], [-117.22976051761721, 33.12665384623145], [-117.22962062522718, 33.12158562379148], [-117.22951535068883, 33.11628286055497], [-117.22998821165666, 33.113995613617966], [-117.22878413613614, 33.112340270596476], [-117.22777345245805, 33.11101941845746], [-117.22636007287352, 33.108515367680255], [-117.22538654808947, 33.108530572990816], [-117.22535281127944, 33.10653634827424], [-117.22465819081837, 33.1055460935816], [-117.22552359166436, 33.10481352816822], [-117.22703010435298, 33.1035249826302], [-117.22680717051396, 33.103328279660865], [-117.22355772602204, 33.104000010857646], [-117.2225360538942, 33.102527060190596], [-117.22223163880118, 33.10256106861395], [-117.22093711175948, 33.10271339540127], [-117.21925644314516, 33.10108699904326], [-117.21914593849954, 33.099933496021414], [-117.21691485376692, 33.09945881587128], [-117.21627384874331, 33.09858993150218], [-117.21521582980763, 33.098228696074926], [-117.21174242624234, 33.097044434683966], [-117.21137103377868, 33.09705656978651], [-117.20948514046272, 33.09627474103918], [-117.20816101389904, 33.095707836245026], [-117.20811222691388, 33.09489956953752], [-117.20723352702251, 33.09511694758299], [-117.20679736881408, 33.094383915875156], [-117.20433094159426, 33.093555074922925], [-117.203952935231, 33.09246790292472], [-117.204008444502, 33.08912453058769], [-117.20351505820824, 33.08911043707861], [-117.20362948201986, 33.08770216529455], [-117.20181742637027, 33.08770511024329], [-117.1995019690285, 33.084028907705886], [-117.19129445126256, 33.080722492798536], [-117.20006538828875, 33.080519067053544], [-117.19364499884368, 33.07014842834416], [-117.1913534172149, 33.06818944785377], [-117.18841666781775, 33.06568018772732], [-117.18393744458646, 33.06664054860925], [-117.18098719584293, 33.06039891610523], [-117.17730242395294, 33.05768001546174], [-117.16696608527984, 33.050019212352595], [-117.1644758426353, 33.0481654333268], [-117.16288846450628, 33.04696757530161], [-117.15689122940003, 33.04245791176716], [-117.15810595229021, 33.040627232438084], [-117.15725346123831, 33.04003120035794], [-117.15762817646933, 33.03946404146007], [-117.16322838795148, 33.031138768814955], [-117.16332445102785, 33.02835377968524], [-117.16332931404708, 33.02824090865868], [-117.16721874494843, 33.02631177879006], [-117.16883167034845, 33.02461911698548], [-117.17103366905897, 33.02417467895198], [-117.17439542816778, 33.023494289876496], [-117.17665892305499, 33.02114291440037], [-117.17715955225363, 33.02061696091787], [-117.17779937219251, 33.01818726727657], [-117.17695491455459, 33.014944367662366], [-117.17392051110704, 33.01243836818898], [-117.1730701448488, 33.01130780477292], [-117.16982192046504, 33.00724674660682], [-117.16981338109598, 33.00450183717009], [-117.1697853131831, 32.99696177955641], [-117.16976889039245, 32.99266866429605], [-117.1697629210868, 32.991618067546554], [-117.16978198555984, 32.986076321770526], [-117.16976508267673, 32.98345293620854], [-117.16980525813246, 32.97964458366635], [-117.16982439852266, 32.97635672458871], [-117.1698207595745, 32.974399301147756], [-117.17250362928485, 32.97411388674711], [-117.17264749692498, 32.97180482187097], [-117.17016746245112, 32.97138673760299], [-117.16977447108454, 32.971090441768716], [-117.16978036142002, 32.970282185174234], [-117.16978714452652, 32.96671910470076], [-117.16988705250851, 32.964025937467525], [-117.16975030158542, 32.956323568835515], [-117.18303765778971, 32.953809040596376], [-117.1940708410683, 32.95143227821368], [-117.20154137499068, 32.94989373583479], [-117.20301290156264, 32.94950649601086], [-117.20431970693532, 32.948783174842205], [-117.20546657453926, 32.94807123871029], [-117.2143676648502, 32.94374776540704], [-117.22121135040254, 32.940755347370484], [-117.22217490822992, 32.94032381465221], [-117.22288623241452, 32.93968696102076], [-117.22489284233784, 32.93868904276636], [-117.2287672086096, 32.93726681272576], [-117.23330134764818, 32.9356839546826], [-117.23835318304894, 32.93353528657366], [-117.24102213524539, 32.931882847705836], [-117.24137907572884, 32.93163954784269], [-117.24372476073212, 32.93019382351766], [-117.2469505258002, 32.931871974013504], [-117.24652550379766, 32.92975971705017], [-117.25654805935886, 32.93449389634665], [-117.25754455051734, 32.93394901868185], [-117.25889121759096, 32.93537432376672], [-117.25990396749245, 32.93460955163756], [-117.26075438040537, 32.93455577046822], [-117.26215707081742, 32.93963107222294], [-117.26378157730596, 32.94553543239394], [-117.26428901487901, 32.947354389652894], [-117.26683653530803, 32.95332904711949], [-117.26776329360989, 32.956889215392685], [-117.26852829905187, 32.959831596719695], [-117.2687835736109, 32.96501458770782], [-117.26898105007882, 32.96799103444116], [-117.27045138718087, 32.97469584660372], [-117.27089506218036, 32.97641825133136], [-117.27144945509741, 32.97706666355563], [-117.27231365006926, 32.97950998664226], [-117.27306501583364, 32.982016502025324], [-117.27334016738827, 32.98210336886054], [-117.2733424980829, 32.98405639423923], [-117.27428302872896, 32.98927232103305], [-117.27577009216583, 32.99522619131597], [-117.27617291272732, 32.99645810794795], [-117.27652091309973, 32.99672211144222], [-117.27677944141364, 32.99723156699858], [-117.27677306173227, 32.997612535957906], [-117.27691185115152, 32.99813617219237], [-117.27803904146694, 32.99920396747438], [-117.2783199414538, 32.99971327537402], [-117.27845304917514, 33.00041658154088], [-117.27850907313267, 33.00413728962153], [-117.27949328664143, 33.00974622353228], [-117.28013894960225, 33.01224223335586], [-117.28085434259067, 33.01389734526517], [-117.28552259307494, 33.02189125753897], [-117.28715258526678, 33.02576279197619], [-117.28919806119244, 33.029264702277224], [-117.28978561507739, 33.030525196551686], [-117.29134053995932, 33.03344376793813], [-117.29228952983759, 33.03430492324696], [-117.29410509983701, 33.03493822680197], [-117.29565509936546, 33.03631596171621], [-117.29630693912837, 33.03789505486133], [-117.29757007673423, 33.04304572596758], [-117.2988109271624, 33.04817900106725], [-117.300825482335, 33.05369227068665], [-117.30248219653396, 33.05774562504305], [-117.30556912867335, 33.065522599923405], [-117.30690715204658, 33.067254033074136], [-117.30706209675526, 33.06840140389171], [-117.31010567725804, 33.075549604455325], [-117.31142794348196, 33.08001670958605], [-117.31240913686757, 33.084110468070755], [-117.31309036951133, 33.08684494805958], [-117.31352510519997, 33.086721744215474], [-117.31356337120198, 33.086907076630034], [-117.31315009123217, 33.087021180374194], [-117.31325361169851, 33.08742795665405], [-117.31373662288956, 33.08728201803825], [-117.31380173466584, 33.087462759600754], [-117.31345089707978, 33.0875601589511], [-117.31500246090594, 33.09149966264829], [-117.31979667629118, 33.101638638960914], [-117.32374519066823, 33.11165674903057], [-117.32666206614685, 33.11777901144795], [-117.32744636692709, 33.11858386366751], [-117.32731958493073, 33.11951065066776], [-117.3293106955138, 33.123290913445466], [-117.33076751684692, 33.12513726076053], [-117.33305286121423, 33.12736945990951], [-117.33420461815282, 33.12886565126803], [-117.33511933833816, 33.12947958382339], [-117.3372548309371, 33.13235964357734], [-117.33808504737667, 33.134978748920716], [-117.33908807840824, 33.13736394797408], [-117.33956339759231, 33.13826314878139], [-117.34042244338993, 33.137989449754336], [-117.34048748489093, 33.13812796453118], [-117.33925603249594, 33.13848107138502], [-117.33932114368517, 33.13863767585384], [-117.34044524961871, 33.13832707396205], [-117.34047440793107, 33.1384536261341], [-117.33984427659287, 33.13861212991059], [-117.34131809899824, 33.14139702126052]]]]}, "properties": {"AdminID": "North Coast", "UtilityID": "SDGE", "AreaType": "District", "SubareaType": "Operational", "Name": "North Coast District", "Shape_Area": 7714150345.509323}}, {"type": "Feature", "geometry": {"type": "MultiPolygon", "coordinates": [[[[-117.3643207743364, 33.50486555304905], [-117.37079914867992, 33.49065865412774], [-117.32884896657103, 33.47706740658092], [-117.31554705330997, 33.47276432307479], [-117.28630165427029, 33.463261353532324], [-117.26451989566131, 33.456153677718824], [-117.24160075283592, 33.44874243626355], [-117.24146316040287, 33.439987668468476], [-117.24138373073069, 33.432097886539665], [-117.2194931635218, 33.43208664704419], [-117.186416025795, 33.4323658158054], [-117.16241241564705, 33.43252144334307], [-117.14511435485139, 33.43256536642519], [-117.13834623919654, 33.43255085805866], [-117.13421752689285, 33.432295877850336], [-117.10433617743807, 33.43039349730433], [-117.09515759947405, 33.430510269604746], [-117.08953078258273, 33.43050823241296], [-117.08942348832244, 33.430594793363404], [-117.08875092253435, 33.430588168713555], [-117.0886476865843, 33.43050594206426], [-117.06979543466626, 33.43034541474044], [-117.04166082459155, 33.43004316428015], [-117.03092815506879, 33.42993977197345], [-117.03092693942763, 33.42699838063618], [-117.0050900726324, 33.427138227378045], [-116.99540052181032, 33.42718626755403], [-116.94078645686476, 33.42718150714171], [-116.86799020746321, 33.42673749281488], [-116.8682229638624, 33.42011203438594], [-116.83747070517524, 33.41032658920937], [-116.8278947804964, 33.33715341953563], [-116.82715249582354, 33.33236230687512], [-116.82574455804186, 33.32289233511551], [-116.82310705917631, 33.30460014106791], [-116.82127324019206, 33.293184451817], [-116.81796087556461, 33.27170911585617], [-116.81892856397317, 33.2720655446456], [-116.82751740788868, 33.2637079458214], [-116.82398673255413, 33.26138609486817], [-116.8187192964043, 33.265130555926156], [-116.84427025198899, 33.219925044922306], [-116.85655548658148, 33.19552906964267], [-116.86230337689324, 33.18471890504602], [-116.86386741939071, 33.181603855459606], [-116.86917115869453, 33.17120932551463], [-116.88241951063445, 33.143559830007554], [-116.8935831764955, 33.116084975322515], [-116.90495660724174, 33.08694834422412], [-116.9218373133714, 33.08579025192959], [-116.93891523633296, 33.08461613506287], [-116.94935074270374, 33.08261904535839], [-116.95496763288634, 33.08042752520529], [-116.95395924110701, 33.076463559781374], [-116.96465033929758, 33.073557039055544], [-116.9651111861094, 33.07715663676245], [-116.97341092612625, 33.0743013553074], [-116.97403484397377, 33.06916266618747], [-116.97530173137048, 33.067753670648536], [-116.97707848540132, 33.07308684766405], [-116.98014401785363, 33.07206381331563], [-116.99338935785481, 33.073095307537386], [-116.99319696559428, 33.06806028893101], [-116.99218862597807, 33.06658033209613], [-116.99337002655426, 33.062824019734606], [-116.99662868717256, 33.052428621268554], [-116.99662609316417, 33.05083310154619], [-116.99654118717082, 33.03527030435553], [-116.99646737772728, 33.030119228029754], [-116.9967949343499, 33.0291114151962], [-116.99727291119139, 33.02217327750856], [-116.99697273107819, 33.011577418585], [-116.99693115503581, 33.00710341395558], [-116.99327163675909, 32.99970206487423], [-116.9875374246027, 32.99993019112676], [-116.98675384393727, 32.99426388665014], [-116.99048178641989, 32.993912049928625], [-116.9864903318298, 32.98252617312204], [-116.97552313886384, 32.98276850762656], [-116.97296051559145, 32.9754039824672], [-116.9741642132998, 32.97468401136838], [-116.98119648518654, 32.96709934960401], [-116.97809718137007, 32.95767036508902], [-116.97554591184591, 32.95066889574492], [-116.97958362542512, 32.93856729101855], [-116.98184921296843, 32.934635503751636], [-116.98407330106146, 32.9300918303122], [-117.001661465176, 32.943161841100824], [-117.0141581821233, 32.93738176962942], [-117.01522051139658, 32.93704151404808], [-117.02328061248029, 32.934602174930255], [-117.02627854763327, 32.93313244624087], [-117.02706512203773, 32.931635142748306], [-117.0315269037827, 32.929150109978885], [-117.03154028202862, 32.927591765768696], [-117.03156068385107, 32.92660159328227], [-117.03256102983119, 32.926542106788474], [-117.03343374273986, 32.92728729243424], [-117.03466475725065, 32.92743691810493], [-117.04566001731207, 32.926331833416725], [-117.04677953371423, 32.926219749925274], [-117.05549490421593, 32.92653101679919], [-117.05619993797039, 32.92865183889923], [-117.05817037459408, 32.931494139943005], [-117.06103313640035, 32.934933517446275], [-117.0665423325496, 32.93455661968475], [-117.06818201863706, 32.93468756387873], [-117.06882490954325, 32.93475293945702], [-117.07225555587576, 32.93471397222572], [-117.07388729430761, 32.934478153001635], [-117.07449568763381, 32.9343902225404], [-117.07667855773157, 32.93431070563141], [-117.08130955564245, 32.93867647747581], [-117.08424363065494, 32.938703338449905], [-117.0859598676721, 32.939494931165115], [-117.0880971505039, 32.9404806742145], [-117.09268539217572, 32.9426122367521], [-117.09734264710036, 32.94255865701059], [-117.10583202864127, 32.9424813353033], [-117.10730331955178, 32.94287730882252], [-117.10910273182951, 32.94336156233522], [-117.11580359011391, 32.94297896195301], [-117.11836303153251, 32.94309286106207], [-117.12901305168516, 32.94195933490677], [-117.1291699095818, 32.94194544124433], [-117.13850499868329, 32.9406372456878], [-117.14406582990789, 32.93992425253955], [-117.14621520485176, 32.93963729708824], [-117.14963540473777, 32.93917680381356], [-117.15811499669313, 32.936472733980416], [-117.1647489085579, 32.93431610226621], [-117.16910813647239, 32.930564401483856], [-117.16935081978589, 32.93814804612068], [-117.16856811757842, 32.93806592449216], [-117.1695226373048, 32.94655784492194], [-117.16959954964089, 32.94815465216174], [-117.16975030158542, 32.956323568835515], [-117.16988705250851, 32.964025937467525], [-117.16978714452652, 32.96671910470076], [-117.16978036142002, 32.970282185174234], [-117.16977447108454, 32.971090441768716], [-117.17016746245112, 32.97138673760299], [-117.17264749692498, 32.97180482187097], [-117.17250362928485, 32.97411388674711], [-117.1698207595745, 32.974399301147756], [-117.16982439852266, 32.97635672458871], [-117.16980525813246, 32.97964458366635], [-117.16976508267673, 32.98345293620854], [-117.16978198555984, 32.986076321770526], [-117.1697629210868, 32.991618067546554], [-117.16976889039245, 32.99266866429605], [-117.1697853131831, 32.99696177955641], [-117.16981338109598, 33.00450183717009], [-117.16982192046504, 33.00724674660682], [-117.1730701448488, 33.01130780477292], [-117.17392051110704, 33.01243836818898], [-117.17695491455459, 33.014944367662366], [-117.17779937219251, 33.01818726727657], [-117.17715955225363, 33.02061696091787], [-117.17665892305499, 33.02114291440037], [-117.17439542816778, 33.023494289876496], [-117.17103366905897, 33.02417467895198], [-117.16883167034845, 33.02461911698548], [-117.16721874494843, 33.02631177879006], [-117.16332931404708, 33.02824090865868], [-117.16332445102785, 33.02835377968524], [-117.16322838795148, 33.031138768814955], [-117.15762817646933, 33.03946404146007], [-117.15725346123831, 33.04003120035794], [-117.15810595229021, 33.040627232438084], [-117.15689122940003, 33.04245791176716], [-117.16288846450628, 33.04696757530161], [-117.1644758426353, 33.0481654333268], [-117.16696608527984, 33.050019212352595], [-117.17730242395294, 33.05768001546174], [-117.18098719584293, 33.06039891610523], [-117.18393744458646, 33.06664054860925], [-117.18841666781775, 33.06568018772732], [-117.1913534172149, 33.06818944785377], [-117.19364499884368, 33.07014842834416], [-117.20006538828875, 33.080519067053544], [-117.19129445126256, 33.080722492798536], [-117.1995019690285, 33.084028907705886], [-117.20181742637027, 33.08770511024329], [-117.20362948201986, 33.08770216529455], [-117.20351505820824, 33.08911043707861], [-117.204008444502, 33.08912453058769], [-117.203952935231, 33.09246790292472], [-117.20433094159426, 33.093555074922925], [-117.20679736881408, 33.094383915875156], [-117.20723352702251, 33.09511694758299], [-117.20811222691388, 33.09489956953752], [-117.20816101389904, 33.095707836245026], [-117.20948514046272, 33.09627474103918], [-117.21137103377868, 33.09705656978651], [-117.21174242624234, 33.097044434683966], [-117.21521582980763, 33.098228696074926], [-117.21627384874331, 33.09858993150218], [-117.21691485376692, 33.09945881587128], [-117.21914593849954, 33.099933496021414], [-117.21925644314516, 33.10108699904326], [-117.22093711175948, 33.10271339540127], [-117.22223163880118, 33.10256106861395], [-117.2225360538942, 33.102527060190596], [-117.22355772602204, 33.104000010857646], [-117.22680717051396, 33.103328279660865], [-117.22703010435298, 33.1035249826302], [-117.22552359166436, 33.10481352816822], [-117.22465819081837, 33.1055460935816], [-117.22535281127944, 33.10653634827424], [-117.22538654808947, 33.108530572990816], [-117.22636007287352, 33.108515367680255], [-117.22777345245805, 33.11101941845746], [-117.22878413613614, 33.112340270596476], [-117.22998821165666, 33.113995613617966], [-117.22951535068883, 33.11628286055497], [-117.22962062522718, 33.12158562379148], [-117.22976051761721, 33.12665384623145], [-117.22973025402577, 33.12866429055171], [-117.22971574661122, 33.12925160634661], [-117.22978995303872, 33.130474495884975], [-117.22976387993849, 33.13076411002921], [-117.22735468125904, 33.13109692003862], [-117.22315317470714, 33.131095969500095], [-117.2208387176021, 33.13158552045274], [-117.22084031417687, 33.132000764087884], [-117.22087406563887, 33.13441656807615], [-117.22116139817669, 33.13442917572176], [-117.22116464817178, 33.1352329963807], [-117.22116624541798, 33.1357861715278], [-117.2208966607772, 33.13578824727665], [-117.2209221225402, 33.136878159235046], [-117.21980942412085, 33.138269891937284], [-117.2190595989102, 33.13830051273091], [-117.21895063302264, 33.1384782176186], [-117.2182072246498, 33.138553980553056], [-117.2179769798018, 33.14195197406117], [-117.21669686260701, 33.142761817450385], [-117.21630652291144, 33.143586679180785], [-117.21479044520427, 33.14666785072704], [-117.21443143811675, 33.147400648312164], [-117.21460488768284, 33.14745787157833], [-117.21440706550779, 33.147866145009104], [-117.21424413022575, 33.14779301441552], [-117.21402823601477, 33.14825399706141], [-117.21321279526876, 33.149950414348744], [-117.21326836364614, 33.14997419197972], [-117.21320325277955, 33.15017886797182], [-117.21310442476674, 33.15017479315023], [-117.21204991591962, 33.15237269452502], [-117.21196389214403, 33.15256123693598], [-117.2111565694553, 33.15422167375106], [-117.20908362858785, 33.153538478883085], [-117.20828975377465, 33.155067537438654], [-117.20686422455452, 33.155542554904976], [-117.2066507126735, 33.15610799055352], [-117.20733858791752, 33.15691285185521], [-117.20712716703007, 33.1573199776235], [-117.20691306016616, 33.15775626317715], [-117.20554691815406, 33.16022338298302], [-117.20399376115388, 33.16001611905979], [-117.20281829770525, 33.16052970896309], [-117.20240518964094, 33.162070009558114], [-117.19962564809819, 33.163770973869816], [-117.19927364880868, 33.16396616685699], [-117.19518100326599, 33.16329529693917], [-117.19530124657933, 33.164048113723176], [-117.1910094984785, 33.168383354238514], [-117.1911590972842, 33.17222284570016], [-117.187815103292, 33.17216548233318], [-117.1871168776414, 33.17213669581774], [-117.18703346419095, 33.16986825986958], [-117.18163079013968, 33.169902357516484], [-117.1787759321514, 33.16992501639756], [-117.17879740634199, 33.1727831554856], [-117.172924669253, 33.17281444765748], [-117.1701587213397, 33.172750890803805], [-117.17006795175756, 33.173456333401035], [-117.17223929920502, 33.17317863499142], [-117.1735553871759, 33.17401811452773], [-117.17456990411614, 33.17567113862233], [-117.17191542364597, 33.17574850872273], [-117.17222381613264, 33.182575898200476], [-117.17391950712613, 33.182755483367416], [-117.17398709609637, 33.18353358264562], [-117.17441672999834, 33.18798224441281], [-117.17506101780208, 33.194814781284514], [-117.17533035474283, 33.19755910028468], [-117.18049399374696, 33.203933675334106], [-117.18294715444577, 33.20281936183264], [-117.18320165106155, 33.20504232084107], [-117.18223190208457, 33.20604748137088], [-117.18352723212286, 33.207621561338634], [-117.18735558870695, 33.21226704849398], [-117.18940781683459, 33.214740460793], [-117.19612993000742, 33.22293366282807], [-117.19913001292662, 33.226576706357775], [-117.19312176645715, 33.2294326769579], [-117.1890973674458, 33.23132052439921], [-117.18613672069728, 33.22951572479702], [-117.18450576456358, 33.227596946149276], [-117.18036652746595, 33.224742897948936], [-117.17535229455807, 33.22441260306726], [-117.17055250699022, 33.227591994886964], [-117.15797574043773, 33.227647039211355], [-117.15779486110803, 33.24357278684067], [-117.15799473305523, 33.24401410562044], [-117.15790780375453, 33.247094974400156], [-117.15797449654387, 33.24925781421984], [-117.15653730265132, 33.249250890453204], [-117.15652630125915, 33.250844650615136], [-117.15808322297708, 33.252393399331346], [-117.16151109815475, 33.25298592722063], [-117.16833830629061, 33.25157586677256], [-117.17088407552927, 33.25122098084426], [-117.17123880003388, 33.25102188020557], [-117.17150800564215, 33.25097217160676], [-117.17232834787104, 33.251019622604204], [-117.17421464713775, 33.2509911095603], [-117.17606708581873, 33.249477460628675], [-117.18065574951716, 33.24944002488586], [-117.1825052987716, 33.25092846557669], [-117.1831639620726, 33.25231630812941], [-117.18584637187188, 33.25254598396324], [-117.18770763226165, 33.25305079364226], [-117.18762158005768, 33.25651117498927], [-117.19975976071697, 33.2564766099149], [-117.20485992255396, 33.2564517949158], [-117.20482183770362, 33.260158949451835], [-117.20816295102266, 33.26013171296616], [-117.21020876882174, 33.26012502043062], [-117.21025177683289, 33.26014429268595], [-117.21171072989112, 33.26169438613791], [-117.2135979227258, 33.262390264671915], [-117.2131703105004, 33.26763853839561], [-117.22181296115055, 33.26751856949069], [-117.22233852114714, 33.271506724892156], [-117.22678766692167, 33.27112255867439], [-117.22869482850066, 33.26951680467165], [-117.23496974350518, 33.26740433847934], [-117.23545273053767, 33.261159696154095], [-117.24460052037725, 33.25464050229027], [-117.24584784625131, 33.25504089324316], [-117.24989786342107, 33.25603197200112], [-117.25009427124503, 33.2564842592724], [-117.251020649211, 33.25710974476507], [-117.25230536295189, 33.25758978998823], [-117.25484428549134, 33.25855687154679], [-117.26170259364464, 33.258647157361736], [-117.2607774347631, 33.25981046467896], [-117.26014364185292, 33.266771560659286], [-117.26091126014708, 33.269505588970944], [-117.25421326686147, 33.26977463404906], [-117.2547020649606, 33.27299921523927], [-117.2561115864956, 33.27512427180548], [-117.25773257986636, 33.278458317627255], [-117.26211748527757, 33.28127131894822], [-117.2662370252616, 33.283113041061114], [-117.27063236517064, 33.28061623917707], [-117.2719015051253, 33.28566668635856], [-117.2819763269588, 33.29094596148801], [-117.27002295306896, 33.29984316444302], [-117.26899072679844, 33.305296729740625], [-117.26878671120026, 33.30788312769062], [-117.26764705256583, 33.31465180335264], [-117.26718024707844, 33.31946478657912], [-117.2662292134622, 33.32999058617576], [-117.25449591705464, 33.330110734914435], [-117.25467734047078, 33.34535293740143], [-117.25460556370368, 33.34621226744797], [-117.25414597041541, 33.35807048863961], [-117.25611749599915, 33.35804135309177], [-117.26221027197877, 33.35793880567157], [-117.26098825302033, 33.367099466567275], [-117.26132162904473, 33.36893498090145], [-117.26049762737415, 33.37101624427948], [-117.26060511326317, 33.37113936457144], [-117.26049801932359, 33.37183807328282], [-117.26032863897007, 33.37217775494365], [-117.25945026495084, 33.378214603717396], [-117.2592850366699, 33.38082997278938], [-117.25908515852366, 33.38187722832406], [-117.25852701450968, 33.38505095495148], [-117.25754527144723, 33.39110125755825], [-117.25606407122982, 33.40206518388426], [-117.25547614436343, 33.40597511809926], [-117.26450310606825, 33.406588956428685], [-117.27401193668123, 33.40716778651457], [-117.28267840209716, 33.411498301572024], [-117.29537767468885, 33.41751418818884], [-117.30434129445261, 33.41372614316573], [-117.30434370591519, 33.412995327219505], [-117.30842951204019, 33.411744023085156], [-117.32227862323136, 33.40544990513929], [-117.33650232986547, 33.40575171488407], [-117.33613720267128, 33.413084908784], [-117.32658555323295, 33.413295592449636], [-117.32658941923054, 33.419984556247854], [-117.33937816976996, 33.4198750847387], [-117.33974672372841, 33.42732369740713], [-117.33515478108856, 33.427718167972905], [-117.33529910734984, 33.43090657499746], [-117.38842070117062, 33.4289884818384], [-117.40054609754577, 33.45551198691129], [-117.4084188817652, 33.46043545538019], [-117.4665066290211, 33.4770141765726], [-117.46969396132856, 33.470749412237325], [-117.47620823424224, 33.47049714262105], [-117.47228505852742, 33.48789552544277], [-117.4889145252881, 33.50505964444172], [-117.3643207743364, 33.50486555304905]]]]}, "properties": {"AdminID": "Northeast", "UtilityID": "SDGE", "AreaType": "District", "SubareaType": "Operational", "Name": "Northeast District", "Shape_Area": 18879078669.70049}}, {"type": "Feature", "geometry": {"type": "MultiPolygon", "coordinates": [[[[-116.55951169570292, 33.01042815621374], [-116.53521184374772, 32.99320600407797], [-116.52387054926903, 32.985164107480244], [-116.4824045071355, 32.98513995712487], [-116.45559689905416, 32.96391870757507], [-116.42805540253653, 32.942251220438116], [-116.37190483741134, 32.89986597073387], [-116.27153998830022, 32.83287491753464], [-116.19829937111517, 32.78347773470537], [-116.10582509354977, 32.7258421067979], [-116.10571453844682, 32.648989801848565], [-116.10549471773167, 32.648961902329305], [-116.10549430018276, 32.64587890400466], [-116.10588632190674, 32.61882479725577], [-116.18500888574489, 32.61264990105226], [-116.19893373946447, 32.61155834527304], [-116.20110838098796, 32.611387733827414], [-116.2597727162508, 32.606770779838094], [-116.29465165319823, 32.603923893319426], [-116.34186905949039, 32.6001908886166], [-116.37946809345914, 32.597299249634034], [-116.45482257638052, 32.59115250465346], [-116.5325732812364, 32.584761348654155], [-116.60491677959675, 32.57868562205803], [-116.63067114193183, 32.57616713459935], [-116.7928367256175, 32.56233535255246], [-116.79315739516255, 32.59813278109648], [-116.79352389216457, 32.634338940333386], [-116.79368482965802, 32.65600404012437], [-116.8037774228485, 32.66111606213321], [-116.82445183248706, 32.671444212306675], [-116.79884634336541, 32.682212151309756], [-116.77632516941632, 32.69165583248078], [-116.74882646589607, 32.71313843690865], [-116.74705103122642, 32.71496851160795], [-116.74633968097014, 32.71569111500619], [-116.73728747406989, 32.72479092199067], [-116.71342765854133, 32.7487811539158], [-116.7132844983065, 32.74892031574955], [-116.71031995443678, 32.751863452753625], [-116.7050413277111, 32.76123070368344], [-116.70140287292055, 32.767706419557996], [-116.69941914868072, 32.771230723441434], [-116.69464689543669, 32.77331039939935], [-116.68693924016435, 32.78296657829489], [-116.6963159565273, 32.79670024005052], [-116.6989725295978, 32.80042085648683], [-116.71189054444423, 32.819321384554875], [-116.7296949153898, 32.819526039381664], [-116.73242069572231, 32.81955079100487], [-116.73232207986425, 32.82748030788409], [-116.73198394515181, 32.83164582255423], [-116.73164660141951, 32.833385783396515], [-116.73150239801619, 32.834091756648206], [-116.73111716926633, 32.83629896117692], [-116.73131514387559, 32.84310118296914], [-116.73146801594197, 32.84839975387259], [-116.73421027889752, 32.85557291502067], [-116.73741272891847, 32.86394982823199], [-116.74473529869888, 32.88315161086973], [-116.75414923627987, 32.887674444259666], [-116.7630295822871, 32.89193208281614], [-116.76532926662989, 32.893035603089196], [-116.77976397942585, 32.89353269548748], [-116.78147509279219, 32.90667571158692], [-116.77924131001932, 32.92631617625077], [-116.76894782437125, 32.946659251268315], [-116.75695164936438, 32.96072203022602], [-116.76118724499761, 32.984112996545406], [-116.73205558525237, 32.984458750397536], [-116.69972996930078, 33.00358530280814], [-116.69471689635849, 33.006549955780294], [-116.65615750250096, 33.00831734372765], [-116.61590439674197, 33.0101495501836], [-116.60025228144617, 33.01085843913254], [-116.59274620091166, 33.01175071409281], [-116.57539645544527, 33.01236643592801], [-116.56402638203755, 33.01189287148209], [-116.55951169570292, 33.01042815621374]]]]}, "properties": {"AdminID": "Mountain Empire ", "UtilityID": "SDGE", "AreaType": "Sub District", "SubareaType": "Operational", "Name": "Mountain Empire Sub District", "Shape_Area": 23354033251.663334}}, {"type": "Feature", "geometry": {"type": "MultiPolygon", "coordinates": [[[[-117.68611233224291, 33.6025164708607], [-117.68570613086547, 33.60234558047827], [-117.6853449133341, 33.60234972818184], [-117.68447971232719, 33.60187043583708], [-117.68362386289347, 33.60154196478218], [-117.68039491153175, 33.60031302123582], [-117.67739896796515, 33.59918775617229], [-117.6762606985476, 33.598762935673214], [-117.67584870886381, 33.598756107556746], [-117.67545983254769, 33.59920628357713], [-117.67490424775455, 33.59965117228685], [-117.67446425394294, 33.599902303755705], [-117.67387172310852, 33.600122116894745], [-117.67280429980825, 33.600305713162705], [-117.66642948901881, 33.59889372394553], [-117.66560528927252, 33.59871114048738], [-117.66481945920646, 33.598656855899186], [-117.66363963593844, 33.59881313564546], [-117.66320966549019, 33.59883175444452], [-117.66258734485488, 33.59873436549671], [-117.66203904941624, 33.598542699351626], [-117.66080352808164, 33.59796009612793], [-117.6602916187633, 33.59771870345905], [-117.6599147124187, 33.598173706937686], [-117.65916331018914, 33.59828668822574], [-117.65861695346096, 33.59863569677798], [-117.65833792801463, 33.598519302167404], [-117.65790356919867, 33.59840370386624], [-117.65678991801684, 33.599921231458495], [-117.65578227614866, 33.59990180047073], [-117.6534005583628, 33.59986249396247], [-117.65103480486384, 33.601134244233144], [-117.64977489754378, 33.59979956939312], [-117.64948792873965, 33.59979989598027], [-117.64959977104931, 33.60029070800175], [-117.64922160863314, 33.60036214658561], [-117.64904907286164, 33.60044603568647], [-117.64851585998643, 33.60090327980046], [-117.64837305921205, 33.600804690413085], [-117.64814487152974, 33.6005021844054], [-117.64769885142812, 33.60013340229746], [-117.64707849476534, 33.59974733975859], [-117.64699836314524, 33.59966180634925], [-117.64616628950341, 33.598773643552704], [-117.64565151648037, 33.59923836646857], [-117.64464843593082, 33.60059356587296], [-117.64404740745853, 33.601210396004575], [-117.64325160277302, 33.601738433669695], [-117.64231754316793, 33.602109952857425], [-117.64154225362222, 33.602271396997125], [-117.64137166189059, 33.60230665606456], [-117.63951383239919, 33.602382336210084], [-117.6386752311751, 33.602520860994844], [-117.63714520865568, 33.60296936533659], [-117.63621136099562, 33.603108933153415], [-117.63522869569744, 33.60307036344798], [-117.63451351526182, 33.60291616041838], [-117.63224203871613, 33.602228994205845], [-117.6332707713445, 33.60095419072225], [-117.63321276100586, 33.59987330499529], [-117.6229571510581, 33.599784017539], [-117.62003890425547, 33.599771462312695], [-117.59644826584335, 33.599667826715496], [-117.59098670380077, 33.5996485068533], [-117.5911905284956, 33.59923405669678], [-117.59008983088758, 33.598778676587585], [-117.58999010984132, 33.5987792500152], [-117.58935730418867, 33.59877006369536], [-117.5890096863129, 33.598589658508686], [-117.58860456558828, 33.59851430865199], [-117.58765606417505, 33.59769995668387], [-117.58718908690669, 33.59771346157671], [-117.58742014037759, 33.598941356557], [-117.58652498510321, 33.6006723420931], [-117.58643655979499, 33.6010940382063], [-117.58600923056457, 33.601040383927426], [-117.58562224717636, 33.60086313974943], [-117.58516365555593, 33.60051351508202], [-117.58454681853743, 33.60034147951883], [-117.58411045084635, 33.6003708884953], [-117.58357990360135, 33.600469985456286], [-117.58333491228129, 33.60044470865021], [-117.58312594142969, 33.600422623913985], [-117.58232854344195, 33.60003813697136], [-117.58161710710507, 33.59990557569844], [-117.58106710724861, 33.599932974332205], [-117.58001027273707, 33.59963962985402], [-117.57218404930939, 33.59968123495189], [-117.55611086691117, 33.59969619202229], [-117.55606720161757, 33.59282576150842], [-117.48837421713411, 33.59292825954704], [-117.467632960923, 33.597700387917286], [-117.46130458542555, 33.597487215593645], [-117.51015949711163, 33.53414585009271], [-117.50991365623001, 33.519378489744284], [-117.50306100851351, 33.51975725903959], [-117.50321006619639, 33.50910912658407], [-117.50984317111902, 33.50903149582647], [-117.50981567188694, 33.50517899383229], [-117.4889145252881, 33.50505964444172], [-117.47228505852742, 33.48789552544277], [-117.47620823424224, 33.47049714262105], [-117.46969396132856, 33.470749412237325], [-117.4665066290211, 33.4770141765726], [-117.4084188817652, 33.46043545538019], [-117.40054609754577, 33.45551198691129], [-117.38842070117062, 33.4289884818384], [-117.33529910734984, 33.43090657499746], [-117.33515478108856, 33.427718167972905], [-117.33974672372841, 33.42732369740713], [-117.33937816976996, 33.4198750847387], [-117.32658941923054, 33.419984556247854], [-117.32658555323295, 33.413295592449636], [-117.33613720267128, 33.413084908784], [-117.33650232986547, 33.40575171488407], [-117.35688700114335, 33.39154536885889], [-117.36222711506369, 33.38518253005037], [-117.37453886834258, 33.38011880506048], [-117.38301098212867, 33.379055551293256], [-117.3872364757717, 33.36725644416471], [-117.39573331907293, 33.36051820222849], [-117.40707976869125, 33.34617205657699], [-117.42169359429683, 33.330291046700474], [-117.42584175104139, 33.327883821112756], [-117.43238735205493, 33.3260622760941], [-117.43812470992411, 33.31789172190266], [-117.44235451092918, 33.316338497810335], [-117.44416060255523, 33.311182152998946], [-117.4468010295704, 33.30735577158059], [-117.45012753058536, 33.305809838450536], [-117.44828238753618, 33.304392462009524], [-117.44875208102636, 33.3037377095771], [-117.4518162790076, 33.30520512983043], [-117.45380208833572, 33.3042518539768], [-117.4567790252745, 33.300274429224324], [-117.45974391444466, 33.29811819693892], [-117.45859544822785, 33.29672333018247], [-117.45955931532743, 33.29595934419585], [-117.46095167017299, 33.29781444931348], [-117.46230854389985, 33.29717863438019], [-117.46383028835204, 33.2990682994269], [-117.46979131293746, 33.295769595427316], [-117.49069734128624, 33.31836789524614], [-117.5125759902015, 33.338691331817266], [-117.52111805590002, 33.34531757319673], [-117.54097564355975, 33.359313586426346], [-117.54565657795021, 33.36265791318769], [-117.54933557247128, 33.364762197246286], [-117.5510550004887, 33.36553505543712], [-117.55412380313724, 33.36673728854322], [-117.55438904113535, 33.36635251867112], [-117.5580344879625, 33.368274446439365], [-117.55767045533904, 33.36873472700844], [-117.55841880400602, 33.36922976619255], [-117.56037089942558, 33.37020396578324], [-117.56251898187502, 33.37118691231878], [-117.56462526694332, 33.37200742116773], [-117.56544509742145, 33.372611266948994], [-117.56659429942101, 33.37367570473659], [-117.56763887180384, 33.3743298546319], [-117.56898859535387, 33.37485423480062], [-117.5705134460694, 33.37695187748123], [-117.5711699279951, 33.37777085404223], [-117.57253373737903, 33.37887703487445], [-117.57363003145346, 33.37962502676406], [-117.57494983772077, 33.38023505268294], [-117.57659009210631, 33.38043172428149], [-117.57780733447913, 33.38046139157381], [-117.58048089704087, 33.38072085136724], [-117.58266387506103, 33.3817654026067], [-117.5855288021347, 33.38199121123774], [-117.58854390473772, 33.382467891285], [-117.59029524616713, 33.38402145858155], [-117.59177505170511, 33.38474464241862], [-117.59341370865195, 33.38501731101202], [-117.59533624815758, 33.38572692531652], [-117.59625096661463, 33.386732305780676], [-117.59711663384033, 33.3880203093739], [-117.59955623875983, 33.394195534101854], [-117.60136391627856, 33.39744714636309], [-117.60350668035058, 33.400448936217025], [-117.60929675155451, 33.40706115009173], [-117.61158620311078, 33.409715501338546], [-117.61460397869045, 33.41308501701728], [-117.61666637409643, 33.41478596363064], [-117.61887798999902, 33.417205519840245], [-117.62038685323759, 33.419401429664916], [-117.62343171411237, 33.417761608559395], [-117.62339696620947, 33.41771846163261], [-117.6235770463251, 33.417616473142616], [-117.62369013161062, 33.41777836015567], [-117.62351430465586, 33.41787310693876], [-117.62347097347862, 33.417833612919246], [-117.62044766134854, 33.419476937579404], [-117.62097229093105, 33.420113317512595], [-117.62339732459385, 33.422631102773025], [-117.62619877771488, 33.42445909687524], [-117.6289341859844, 33.42683260432103], [-117.62997745956977, 33.4282135949978], [-117.63200977238853, 33.43046643894936], [-117.64062757572637, 33.437071062345815], [-117.64324577521587, 33.43908171553967], [-117.64490681496044, 33.44009996339926], [-117.6485366951568, 33.44233373794238], [-117.65229582445117, 33.44544598351383], [-117.6545943302888, 33.446931167094064], [-117.65881132992592, 33.449195401266046], [-117.66256968986812, 33.451083366915924], [-117.66533943012476, 33.452430632534934], [-117.66926592476793, 33.45508515088903], [-117.67184705204846, 33.45666704755841], [-117.67562880156018, 33.459074683066866], [-117.67844920579996, 33.46050020066874], [-117.68016174085162, 33.46104587172976], [-117.68173437833764, 33.46142230875422], [-117.68457598402505, 33.46152858985807], [-117.68573316168272, 33.46165055314908], [-117.68650689796202, 33.46169761440636], [-117.68743133675385, 33.46143577550982], [-117.68796619273944, 33.461291614504525], [-117.6895979086911, 33.46126553898213], [-117.68978128181234, 33.45791308585357], [-117.69212024749834, 33.45668706245177], [-117.6929814722159, 33.45502428938987], [-117.69134306611963, 33.454391643217996], [-117.69140316085938, 33.45424583496733], [-117.69462922284548, 33.455545616332444], [-117.69535564778967, 33.455746917731155], [-117.70037726842102, 33.45688243465481], [-117.70468330982148, 33.457884901232646], [-117.70716405424383, 33.46039515360551], [-117.70793256580316, 33.46074161362284], [-117.70850446960823, 33.460764018223635], [-117.70938915324531, 33.46033109811572], [-117.71168382321423, 33.460035559179666], [-117.71341874906214, 33.45995712944646], [-117.71480615382526, 33.45982933698632], [-117.71515781738799, 33.460383527032945], [-117.71570169482034, 33.460722676467086], [-117.71607392626422, 33.46129385971523], [-117.71594845594538, 33.46217597712594], [-117.71568822525045, 33.462810712359136], [-117.71568750943871, 33.46396593948032], [-117.71663527826175, 33.466236679167764], [-117.71817970734142, 33.4690430583892], [-117.72055982653184, 33.47287998050392], [-117.72141018221477, 33.47322587856227], [-117.72169812777189, 33.473472361243374], [-117.72189354213641, 33.47364236656333], [-117.72174336698227, 33.474002643056814], [-117.72307133204185, 33.47652782850337], [-117.72377739703192, 33.47793564205866], [-117.72504585598925, 33.48065796699415], [-117.72624241487789, 33.482097123008906], [-117.72774478591515, 33.48346601337953], [-117.72844117127615, 33.483701523778485], [-117.73015784792442, 33.483828335339496], [-117.73115559025022, 33.48392299993641], [-117.73192832395254, 33.48427997886246], [-117.73211982996614, 33.48473879485844], [-117.73253496717045, 33.48492246016713], [-117.73332478784802, 33.485033310426765], [-117.73348797753754, 33.484403393716384], [-117.73385278021784, 33.484067504486724], [-117.73445997944103, 33.48432062312624], [-117.73450112288634, 33.48556544552932], [-117.73395364269976, 33.48603719319198], [-117.73413808062531, 33.48701803499033], [-117.7348274721318, 33.48793170388313], [-117.73563035489016, 33.488677830707], [-117.73666600907697, 33.48887063260772], [-117.73729643542372, 33.48824434970927], [-117.73783318278629, 33.48854703536665], [-117.73785672717393, 33.488914852599386], [-117.73757165918951, 33.48901923574363], [-117.73750140756434, 33.4891651256894], [-117.73715477539686, 33.4892356451858], [-117.73727080707842, 33.48967136915468], [-117.73782168457772, 33.48959963309308], [-117.73810689785503, 33.48951236314105], [-117.73849663048921, 33.489706855645494], [-117.73825785646964, 33.490452750791455], [-117.73859565956411, 33.49054486648395], [-117.73896322884852, 33.49053411843421], [-117.73899448343349, 33.49180894648215], [-117.73880081008994, 33.49185288776576], [-117.73880291853168, 33.492101031863925], [-117.73922257288352, 33.49220977241017], [-117.73947116352012, 33.49261903207462], [-117.73920847405537, 33.492954327852125], [-117.73946371537691, 33.49294424815106], [-117.73956052234283, 33.493072163450286], [-117.7392846167781, 33.49350153116214], [-117.74059391670279, 33.49613786867701], [-117.74126709086349, 33.49722915688372], [-117.74229803515428, 33.49835252817507], [-117.74295262862195, 33.49845984627321], [-117.7436623869126, 33.499046030965914], [-117.74372776397105, 33.499524837847865], [-117.7452501377886, 33.50071270376705], [-117.74600407255858, 33.50055512353265], [-117.74617843638974, 33.50082576248157], [-117.7458347232701, 33.50094335288818], [-117.74577962372805, 33.50121804744514], [-117.74612693119703, 33.501519200101065], [-117.7467419066843, 33.50221343532967], [-117.74697745823065, 33.50221201574746], [-117.7473190513179, 33.50232693741539], [-117.7474399253131, 33.5024793107239], [-117.74725238979464, 33.50294252639609], [-117.74774706276705, 33.503452969663165], [-117.74827435389165, 33.503302175893715], [-117.74847573135315, 33.50355767327758], [-117.74821770957554, 33.503841616865934], [-117.7488354239982, 33.50529473511139], [-117.74997142292733, 33.50643665599929], [-117.75057060988956, 33.50662556250068], [-117.7509504809324, 33.50625744444272], [-117.75123525144652, 33.506409745792126], [-117.75098149924517, 33.50718784236122], [-117.75144302375242, 33.50740325048302], [-117.75214630859331, 33.50899702384169], [-117.75354665338774, 33.51057371872913], [-117.75584967671112, 33.512874999833706], [-117.74998886744412, 33.51286300403155], [-117.74889793464449, 33.51370158522242], [-117.74776421565196, 33.513695059974744], [-117.74537203434184, 33.51286174639203], [-117.73661280128508, 33.51284010732231], [-117.73557189664302, 33.51506745415217], [-117.73230251871829, 33.51507075524335], [-117.72905115627425, 33.515073954658384], [-117.72800712090903, 33.51451236153771], [-117.72469684315756, 33.51273164010038], [-117.71925535172363, 33.51269671358005], [-117.71884532255821, 33.51496084396721], [-117.71912675753215, 33.517483525460236], [-117.71902105719901, 33.51841922583125], [-117.71860114809209, 33.51940263742334], [-117.71778673605219, 33.52078490351098], [-117.71711952680964, 33.521884996371256], [-117.71680258028572, 33.52193045052275], [-117.71291891453834, 33.525321234970285], [-117.71224157145402, 33.5259089098117], [-117.71023697677936, 33.52717716012494], [-117.70838975480603, 33.52930102067882], [-117.70800678624931, 33.5332500698373], [-117.7060030171681, 33.53625690847791], [-117.70505089622692, 33.53765464441094], [-117.70494424514658, 33.53972547701379], [-117.70423828087036, 33.54126799301381], [-117.70279314971894, 33.54442402697562], [-117.7027209361936, 33.544583161735616], [-117.70446009635451, 33.546488985942446], [-117.70687297283372, 33.549145247174884], [-117.70832420178907, 33.55074007106011], [-117.71061244523408, 33.553251219918195], [-117.71022371062718, 33.55318318998435], [-117.70991656994556, 33.5532329060452], [-117.70946691328518, 33.55347251690632], [-117.70985782611041, 33.55407811747523], [-117.71024702969919, 33.55536329029579], [-117.71102793796466, 33.55536055386814], [-117.71104585330534, 33.555548483183806], [-117.7125701015438, 33.55556609354393], [-117.71254636681579, 33.556794665504476], [-117.71202461821866, 33.55690706721261], [-117.71146724969466, 33.55711651752747], [-117.71115146838032, 33.557268980300826], [-117.711067498057, 33.557513230074264], [-117.7102994567193, 33.558896433641394], [-117.71017415325552, 33.5594427861157], [-117.70972870865661, 33.56343411315131], [-117.7114164872974, 33.56290532492856], [-117.71154848484332, 33.56324164681883], [-117.71100385824116, 33.569794416856084], [-117.71436826422396, 33.57114320650704], [-117.71413312344689, 33.571896516682294], [-117.71187219772422, 33.575269944940615], [-117.71168965668082, 33.576650415833235], [-117.71051881349884, 33.57820306594731], [-117.70888620662016, 33.580553086041455], [-117.70823636718247, 33.58219844141798], [-117.70671646749037, 33.58362198135115], [-117.70785813972394, 33.58470543399873], [-117.70950091137455, 33.58610341990295], [-117.71183437836558, 33.58959254105776], [-117.71306950978332, 33.591490612124566], [-117.71254330733316, 33.5917190546547], [-117.71211425743165, 33.59191622908872], [-117.71208368590203, 33.59192774593192], [-117.71127778688215, 33.5921415876898], [-117.71097836740377, 33.59222103557277], [-117.71032898612712, 33.59229596518263], [-117.71022579639693, 33.59230787088806], [-117.70907867908353, 33.592440221476416], [-117.70856590023224, 33.59249938172689], [-117.708387202003, 33.59254372736084], [-117.70770270260226, 33.592714371186176], [-117.70766964706128, 33.59272928662862], [-117.70741089201717, 33.59286009938156], [-117.70730406719197, 33.59291342649546], [-117.70677738542065, 33.59317905379791], [-117.70581736122325, 33.59366119238261], [-117.70252149475614, 33.59534877708486], [-117.70219779850227, 33.59547598864498], [-117.70144635220404, 33.595685412356815], [-117.70130295179925, 33.59515938796909], [-117.70060558926188, 33.59380246523307], [-117.70031869478944, 33.59324421397599], [-117.69992130048881, 33.59274471066336], [-117.69898070569346, 33.59206373855466], [-117.69883462658628, 33.59195737159888], [-117.69663174570739, 33.59469970431979], [-117.6955267268617, 33.59579184514919], [-117.69312687520458, 33.59784051636552], [-117.69242887038735, 33.59859503602458], [-117.69169947750851, 33.59980344019317], [-117.6899055447097, 33.60584256691698], [-117.68940342903682, 33.60566972176699], [-117.68888966287346, 33.60519987439868], [-117.68878314860646, 33.60510246471508], [-117.68863718166578, 33.604417046538074], [-117.68836722338105, 33.6039804233965], [-117.68810280888712, 33.603681147502854], [-117.68773271954161, 33.60342349481065], [-117.68736268959894, 33.6031822262206], [-117.68723591530872, 33.60309915833631], [-117.68669172526583, 33.6027602212489], [-117.68611233224291, 33.6025164708607]]]]}, "properties": {"AdminID": "Orange County", "UtilityID": "SDGE", "AreaType": "District", "SubareaType": "Operational", "Name": "Orange County District", "Shape_Area": 6839463409.700094}}, {"type": "Feature", "geometry": {"type": "MultiPolygon", "coordinates": [[[[-117.26033089947913, 32.75845234620692], [-117.25391111482494, 32.75919485332109], [-117.25380484345841, 32.760235009258864], [-117.25336191007256, 32.762634649894636], [-117.2529447473279, 32.76797063700547], [-117.25323285055687, 32.77243318394201], [-117.25353702939454, 32.779325975000575], [-117.25375252041476, 32.78242922648978], [-117.25441786827687, 32.785989614595366], [-117.25535442719496, 32.789966984616946], [-117.25663411634612, 32.794292340583894], [-117.2573792747036, 32.796021671855705], [-117.25813207653962, 32.795852296526135], [-117.25817091359046, 32.79594990665412], [-117.25946019688935, 32.795674211553674], [-117.25948674963495, 32.79562656489698], [-117.25963495374347, 32.795598704317776], [-117.25968576346962, 32.79573386122874], [-117.25953459263651, 32.79576172781942], [-117.25948113892797, 32.795736789036276], [-117.25818299347027, 32.79602502707463], [-117.25821593490494, 32.79613517303938], [-117.25748110356655, 32.796301827775196], [-117.25967721280408, 32.80149898687544], [-117.26018064504767, 32.802366292871724], [-117.26244246111786, 32.80521599961433], [-117.26352997231938, 32.8065463010955], [-117.26427572275885, 32.80730954651439], [-117.26502046560373, 32.807728788766475], [-117.26568106283453, 32.807777485104864], [-117.2668035803922, 32.807561350711424], [-117.2673453946325, 32.80756353529926], [-117.26767787535435, 32.80765633885515], [-117.26804271752619, 32.80798953986018], [-117.26874074045055, 32.80864598612603], [-117.26939237201823, 32.80965320822497], [-117.27011737064247, 32.81137498793479], [-117.27145502652733, 32.81296518249228], [-117.2715860296035, 32.81312520916439], [-117.27168124419143, 32.8132218570212], [-117.27213785055987, 32.81358824377881], [-117.27267161852023, 32.813965594086106], [-117.27326763509768, 32.81400437231751], [-117.27355264394559, 32.81408390588741], [-117.27367779722616, 32.81426954723328], [-117.27364462600093, 32.81484518064428], [-117.27374113179778, 32.81536152677944], [-117.27406829247822, 32.81542760604021], [-117.27421662037605, 32.815645482362186], [-117.27414136430528, 32.815824883633745], [-117.27380080621957, 32.81590467114221], [-117.2733657497428, 32.81676951668087], [-117.27343538432228, 32.81712115744639], [-117.27376373849279, 32.81757465347663], [-117.27435658735627, 32.818290300139175], [-117.27482135437135, 32.81851193441122], [-117.27535339097646, 32.818314830678545], [-117.27620300020827, 32.81849108174424], [-117.27677372967985, 32.81886833323263], [-117.27704333739156, 32.81907703088654], [-117.27731881550416, 32.81947719685812], [-117.27794182200417, 32.81970292199659], [-117.27842230190915, 32.81988443073831], [-117.27881013552991, 32.82034752765851], [-117.27921124057949, 32.820659667685135], [-117.27986478436422, 32.82075846849837], [-117.28059511571605, 32.82156729275562], [-117.28101375546214, 32.822203142637065], [-117.28089406757282, 32.82271551353215], [-117.28045354997641, 32.823509147690274], [-117.28061286144997, 32.82385612935691], [-117.28065067370915, 32.82414104076002], [-117.28002215851275, 32.82525004567885], [-117.27994435620236, 32.82595056717365], [-117.28092679067687, 32.82943936864064], [-117.2811267252913, 32.829603882980756], [-117.2811908453508, 32.82986646941619], [-117.28109444459288, 32.83003471457207], [-117.28146934838983, 32.831365968102894], [-117.2816872422908, 32.83178128299307], [-117.28220822007655, 32.83234119512921], [-117.28236928104756, 32.83260885031533], [-117.28211872915489, 32.83406473168151], [-117.28177383515556, 32.83477437862897], [-117.28156049646898, 32.834865033384624], [-117.28137697146099, 32.835000707656164], [-117.28163091220229, 32.8374518692411], [-117.28163139919965, 32.83852971063148], [-117.28178002170372, 32.83895144198522], [-117.28226587723185, 32.839620429352934], [-117.2822108962888, 32.84035061715241], [-117.28182749510138, 32.84173800914712], [-117.28143991938343, 32.84281893170685], [-117.28116971877925, 32.84323962730711], [-117.2807379603079, 32.84361074013373], [-117.27974914400333, 32.84416485529537], [-117.27920788231964, 32.8444345671524], [-117.27902432847803, 32.84486031453841], [-117.27898035079727, 32.84525726098693], [-117.27895394937241, 32.84558626171227], [-117.27894431609025, 32.84584239091606], [-117.27906454877736, 32.84613686341402], [-117.27886898200467, 32.84642368250696], [-117.27874541001154, 32.846762110562544], [-117.27885262728981, 32.84688711367466], [-117.27903311265025, 32.84739474565508], [-117.27897073731663, 32.84764832207245], [-117.27867762956578, 32.84786188646072], [-117.27838113031608, 32.847940197354056], [-117.27830689813132, 32.8479253330697], [-117.2782381862335, 32.84777770052282], [-117.27804811649018, 32.847728025632364], [-117.27790884296503, 32.847790956560665], [-117.27766511796995, 32.84766375029834], [-117.2773925285843, 32.847797110736074], [-117.27697104928984, 32.848267515604796], [-117.27655489567374, 32.848490301551664], [-117.27617348527383, 32.848939509920804], [-117.27606819634585, 32.84929487507211], [-117.27601694162912, 32.849399255546054], [-117.27593728171937, 32.8495283073281], [-117.27587726485962, 32.84953859933931], [-117.27576500243303, 32.849573071289235], [-117.27564004282344, 32.84959195827532], [-117.27522003053326, 32.84961040296909], [-117.2750955048273, 32.84970014420024], [-117.2747645579636, 32.85015737167789], [-117.274409781073, 32.85053396384234], [-117.2740426494864, 32.850807795725636], [-117.27389327523595, 32.851124690571666], [-117.27383662358781, 32.851132965249555], [-117.27367198525717, 32.851178037522544], [-117.27363421153682, 32.85118352907085], [-117.27346589693713, 32.85120094107686], [-117.27313368122383, 32.85105144260068], [-117.27295052549208, 32.85079011222633], [-117.27293932937883, 32.85075748301614], [-117.2729650049579, 32.85066737520591], [-117.27303305083052, 32.850599596661745], [-117.27292393031509, 32.850419777799814], [-117.2728546524842, 32.850398696391984], [-117.27270796200622, 32.85032905567695], [-117.27260258141938, 32.85029321718063], [-117.27245599839586, 32.85028988709496], [-117.27234022801308, 32.85029840765902], [-117.27230587609958, 32.850361471491794], [-117.27219582410666, 32.850399753789915], [-117.27209946636505, 32.85036641336415], [-117.27209269022929, 32.8503124846733], [-117.27197525255643, 32.85027242747544], [-117.27178583507488, 32.85031926351966], [-117.27171513516738, 32.850390988770826], [-117.271701919917, 32.85046141271053], [-117.27161834417797, 32.850489183795844], [-117.27153878335605, 32.85049390512092], [-117.27150471365876, 32.85048521002219], [-117.27139803584005, 32.850433892972596], [-117.27132497654566, 32.85045893672516], [-117.27096848332815, 32.85024484930675], [-117.27066561394888, 32.8500057423219], [-117.27053279204448, 32.84969182858945], [-117.27044583167674, 32.84963847558052], [-117.27035238947279, 32.84964994888615], [-117.27034254570007, 32.849706329586866], [-117.27044398024243, 32.8501288016592], [-117.27040759922684, 32.850241598751836], [-117.27009404377148, 32.85021772355824], [-117.26995791644616, 32.850173099980665], [-117.26990621224581, 32.8500369711667], [-117.26978201411457, 32.849810541428255], [-117.26976900087743, 32.849772889019114], [-117.26975456837388, 32.849737768037855], [-117.26973397543308, 32.84970279675191], [-117.26971300795145, 32.84967779412328], [-117.26968614688923, 32.84964757899321], [-117.26964428122909, 32.84963542273146], [-117.26902334206315, 32.849423491389544], [-117.26885951921646, 32.84922095062864], [-117.26792034962125, 32.84891830057609], [-117.26786306618708, 32.84890864337437], [-117.26780789665614, 32.848881453930126], [-117.26767408938659, 32.84883208431986], [-117.26767132166964, 32.848651742381655], [-117.26755105007561, 32.84862194127449], [-117.2673572508168, 32.84867220361259], [-117.26676222790822, 32.84904443869127], [-117.2666710746209, 32.849076568917965], [-117.26659538765064, 32.84907109454081], [-117.26640170027366, 32.848997389051604], [-117.26623747186966, 32.84896767345296], [-117.26573287382371, 32.84885541915833], [-117.26533402388725, 32.84886071387107], [-117.26529781277502, 32.84886837687003], [-117.2650420531851, 32.84893878510499], [-117.26444833771248, 32.84929267311685], [-117.26391258818593, 32.849889808698094], [-117.26364651728045, 32.85058096833843], [-117.26303559521087, 32.851235515976846], [-117.26196384571927, 32.851780651185635], [-117.26185381727628, 32.851828787071014], [-117.26176888764411, 32.851898004123655], [-117.26121439242131, 32.85227792533046], [-117.26059773681692, 32.852986048951806], [-117.25969626975417, 32.85436392612294], [-117.2589055008413, 32.85533194995997], [-117.25602907997836, 32.859926656829096], [-117.25594815582798, 32.860133386830626], [-117.25571392649833, 32.86073182319505], [-117.25555520848647, 32.861505192806725], [-117.25550071753234, 32.8618225832216], [-117.25523314564734, 32.8634526340235], [-117.25495812668152, 32.86463490147223], [-117.25491809209569, 32.86480700120708], [-117.25489137826902, 32.86530579585004], [-117.25457945618761, 32.866246331695585], [-117.25705092839424, 32.866959330726225], [-117.25708239542307, 32.86689247084756], [-117.2574626825063, 32.867021939148806], [-117.25740758753538, 32.86712892675566], [-117.25456294357897, 32.8663102391091], [-117.25428703290198, 32.867191156780464], [-117.25406292045633, 32.86878283154002], [-117.25363150042963, 32.87046398689187], [-117.25347216367888, 32.87133710507833], [-117.2532061893361, 32.871824508369286], [-117.25283386634548, 32.872027133427], [-117.25258125072874, 32.87226513888776], [-117.25237100077831, 32.87255649448248], [-117.25213880457154, 32.87322630895751], [-117.2516521633356, 32.87463008796316], [-117.25143679688557, 32.87560425203992], [-117.25154689825898, 32.87721899717971], [-117.25222613350358, 32.88102942377402], [-117.25297092059735, 32.88312381287743], [-117.25349511171082, 32.88681579519783], [-117.25383392417406, 32.89705112268462], [-117.25394181160053, 32.89786432036642], [-117.25428695723906, 32.900428557132855], [-117.25482010008182, 32.90397767260072], [-117.2552795564531, 32.90625812723163], [-117.25540658377174, 32.90637476019295], [-117.25557322465673, 32.90649799035737], [-117.25569633230121, 32.90662798924016], [-117.25579582083854, 32.906804793206724], [-117.25600652951921, 32.90760352859701], [-117.25601742136448, 32.9076392092764], [-117.25623361047356, 32.90904672906228], [-117.25820030678877, 32.91371838797449], [-117.25833781218937, 32.913901267953115], [-117.25843157597882, 32.91397715836804], [-117.25850173701468, 32.913978421683275], [-117.2585483861505, 32.91393605665749], [-117.25860348428117, 32.913927489414554], [-117.25865547705462, 32.91399923783737], [-117.25862232248515, 32.91408666243877], [-117.25850066848197, 32.91418554120263], [-117.2584874564695, 32.91423769924698], [-117.25859221874063, 32.91457663884694], [-117.25906036561481, 32.917409759094625], [-117.25928075175548, 32.921773243398874], [-117.2595818625103, 32.926047497931734], [-117.26075438040537, 32.93455577046822], [-117.25990396749245, 32.93460955163756], [-117.25889121759096, 32.93537432376672], [-117.25754455051734, 32.93394901868185], [-117.25654805935886, 32.93449389634665], [-117.24652550379766, 32.92975971705017], [-117.2469505258002, 32.931871974013504], [-117.24372476073212, 32.93019382351766], [-117.24137907572884, 32.93163954784269], [-117.24102213524539, 32.931882847705836], [-117.23835318304894, 32.93353528657366], [-117.23330134764818, 32.9356839546826], [-117.2287672086096, 32.93726681272576], [-117.22489284233784, 32.93868904276636], [-117.22288623241452, 32.93968696102076], [-117.22217490822992, 32.94032381465221], [-117.22121135040254, 32.940755347370484], [-117.2143676648502, 32.94374776540704], [-117.20546657453926, 32.94807123871029], [-117.20431970693532, 32.948783174842205], [-117.20301290156264, 32.94950649601086], [-117.20154137499068, 32.94989373583479], [-117.1940708410683, 32.95143227821368], [-117.18303765778971, 32.953809040596376], [-117.16975030158542, 32.956323568835515], [-117.16959954964089, 32.94815465216174], [-117.1695226373048, 32.94655784492194], [-117.16856811757842, 32.93806592449216], [-117.16935081978589, 32.93814804612068], [-117.16910813647239, 32.930564401483856], [-117.1647489085579, 32.93431610226621], [-117.15811499669313, 32.936472733980416], [-117.14963540473777, 32.93917680381356], [-117.14621520485176, 32.93963729708824], [-117.14406582990789, 32.93992425253955], [-117.13850499868329, 32.9406372456878], [-117.1291699095818, 32.94194544124433], [-117.12901305168516, 32.94195933490677], [-117.11836303153251, 32.94309286106207], [-117.11580359011391, 32.94297896195301], [-117.10910273182951, 32.94336156233522], [-117.10730331955178, 32.94287730882252], [-117.10583202864127, 32.9424813353033], [-117.09734264710036, 32.94255865701059], [-117.09268539217572, 32.9426122367521], [-117.0880971505039, 32.9404806742145], [-117.0859598676721, 32.939494931165115], [-117.08424363065494, 32.938703338449905], [-117.08130955564245, 32.93867647747581], [-117.07667855773157, 32.93431070563141], [-117.07449568763381, 32.9343902225404], [-117.07388729430761, 32.934478153001635], [-117.07225555587576, 32.93471397222572], [-117.06882490954325, 32.93475293945702], [-117.06818201863706, 32.93468756387873], [-117.0665423325496, 32.93455661968475], [-117.06103313640035, 32.934933517446275], [-117.05817037459408, 32.931494139943005], [-117.05619993797039, 32.92865183889923], [-117.05549490421593, 32.92653101679919], [-117.04677953371423, 32.926219749925274], [-117.04566001731207, 32.926331833416725], [-117.03466475725065, 32.92743691810493], [-117.03343374273986, 32.92728729243424], [-117.03256102983119, 32.926542106788474], [-117.03156068385107, 32.92660159328227], [-117.03154028202862, 32.927591765768696], [-117.0315269037827, 32.929150109978885], [-117.02706512203773, 32.931635142748306], [-117.02627854763327, 32.93313244624087], [-117.02328061248029, 32.934602174930255], [-117.01522051139658, 32.93704151404808], [-117.0141581821233, 32.93738176962942], [-117.001661465176, 32.943161841100824], [-116.98407330106146, 32.9300918303122], [-116.98933781562312, 32.90501593433456], [-116.99323725555858, 32.90581164177157], [-117.00079315684084, 32.90375764060157], [-117.0131278514397, 32.9030443974552], [-117.03198357660176, 32.902574920360344], [-117.03606183229923, 32.89059028476707], [-117.03529384809265, 32.87668432041112], [-117.04473682912834, 32.8747210255359], [-117.04258177578197, 32.870427674691875], [-117.03585902566734, 32.87145928792054], [-117.0387526143656, 32.85952783407605], [-117.03600729915917, 32.84773615669079], [-117.05063009362605, 32.849734674061494], [-117.05102807099735, 32.847047324462096], [-117.03544957717276, 32.84439748510196], [-117.05065668636614, 32.831921736681466], [-117.05324848742028, 32.82676502814633], [-117.05419220214743, 32.82432487799191], [-117.05511904169947, 32.82394990740873], [-117.05828196573812, 32.82432558929945], [-117.06038641069202, 32.82243887466174], [-117.0634904312006, 32.81966655550913], [-117.06461530031255, 32.81866049622064], [-117.06883454872703, 32.81488851318319], [-117.07156392550367, 32.81218311616056], [-117.07300933325804, 32.811155468696896], [-117.07339154848711, 32.810931313875365], [-117.07705742992385, 32.809984439180646], [-117.0785362955469, 32.80925120940955], [-117.08022066452597, 32.80840939577054], [-117.08608285161077, 32.81418703508194], [-117.087266737911, 32.81505029327034], [-117.0886041100007, 32.81619309002524], [-117.08966111103226, 32.81528809331326], [-117.08279684704665, 32.80702655049212], [-117.08437149458669, 32.8064703270931], [-117.08793015387946, 32.80605395178311], [-117.08969883657427, 32.80620409649906], [-117.09207888589688, 32.80703531254438], [-117.09470787064271, 32.80617352148979], [-117.09511258738301, 32.803619182270126], [-117.09763308474508, 32.80354915530029], [-117.09752491008595, 32.79954977133668], [-117.09578623458249, 32.79949681591757], [-117.09745119215681, 32.795696619166556], [-117.09803224173255, 32.794540631830934], [-117.09919137964057, 32.79370114539242], [-117.10213915649368, 32.79579673505991], [-117.10472829326385, 32.79524865740856], [-117.10473562444442, 32.79220774863225], [-117.1025960240008, 32.79090357104506], [-117.1028359307675, 32.79024643556487], [-117.10353581086521, 32.78949167203119], [-117.10356073323342, 32.788215075265626], [-117.10359868034047, 32.785337336646805], [-117.10359956704768, 32.784703763216555], [-117.10359599374158, 32.78434834427066], [-117.10406778348819, 32.78400173607447], [-117.10616389301134, 32.78395976785968], [-117.1062176744637, 32.78325891377076], [-117.105868734529, 32.78325792463169], [-117.10583013366924, 32.783228683200065], [-117.10372082288349, 32.78325248545733], [-117.10449822938862, 32.781462952605814], [-117.10570005380683, 32.78047026580258], [-117.11070176559294, 32.78024558881399], [-117.11222137342484, 32.78106458175222], [-117.11258273551014, 32.7810323803636], [-117.11305117718933, 32.78098766319376], [-117.11243696810055, 32.77901505496774], [-117.1165946250493, 32.77849857948827], [-117.11965081686405, 32.77748329630584], [-117.124350678502, 32.77508707903641], [-117.12739707871505, 32.77339810729276], [-117.13079246455328, 32.772072383392924], [-117.13772907998525, 32.77047515719245], [-117.14236634401257, 32.769117470206545], [-117.14290909413309, 32.76887633752185], [-117.14717807001485, 32.76706703877678], [-117.15346376629553, 32.76554923026661], [-117.15438653973565, 32.765326322707594], [-117.15726816067213, 32.764630179637244], [-117.15805185925949, 32.763826042106245], [-117.15952670407232, 32.763557795420525], [-117.16136413797076, 32.763484702250096], [-117.16334950512521, 32.762618462868225], [-117.16477691625785, 32.76203811854574], [-117.1659774723426, 32.76143207208961], [-117.17320705570515, 32.75978352100124], [-117.17593280614096, 32.759160544813895], [-117.18684786401622, 32.75969490294246], [-117.19470662778747, 32.76066899614203], [-117.19559875274881, 32.75918584118439], [-117.19621812900138, 32.758850174624406], [-117.19817274961454, 32.75536270486416], [-117.19830217734919, 32.753015096481946], [-117.19832666858079, 32.75240742262338], [-117.19722426554756, 32.75123553441596], [-117.19622059986706, 32.74988424120248], [-117.1953250600305, 32.74918267618881], [-117.19434384220445, 32.74835608720478], [-117.19364516212144, 32.747868247307395], [-117.19264864314759, 32.747306192686736], [-117.18454364746894, 32.74349474077967], [-117.18359092054091, 32.74303313849899], [-117.18255219758171, 32.74254952661521], [-117.18161079610212, 32.74214998519434], [-117.18031697438765, 32.741429473591445], [-117.17930449362416, 32.740566839203126], [-117.17857421389029, 32.73970631924362], [-117.17675222542651, 32.73760760350516], [-117.17057030639431, 32.73047817888381], [-117.1746448595605, 32.729185895140304], [-117.17936110207464, 32.72768768617664], [-117.17911072065463, 32.727149379136485], [-117.1792579648873, 32.72615193094532], [-117.18625162192777, 32.717397470424146], [-117.20620570144932, 32.71980001884345], [-117.20935852287239, 32.718200229662614], [-117.21007617123588, 32.71782451248393], [-117.23130956200377, 32.703726487118615], [-117.23042945660178, 32.6805046554619], [-117.225556122085, 32.671432111270875], [-117.23635053091196, 32.671269598458075], [-117.2364341708739, 32.67119305155516], [-117.23648762315851, 32.6710915788057], [-117.23654379091467, 32.67102183921243], [-117.23682553622464, 32.670794231338334], [-117.2372157787555, 32.67038473735946], [-117.23732189959274, 32.670218425560606], [-117.23739675498281, 32.66980497038908], [-117.23738609509842, 32.66960757393314], [-117.23733131995479, 32.66941998585214], [-117.2372519261444, 32.669021673216065], [-117.23718338860634, 32.6688528580727], [-117.23708391873622, 32.668629126546534], [-117.23706286936897, 32.66834243172464], [-117.23713643408287, 32.66810107028202], [-117.23727159191627, 32.66793078988872], [-117.23750923912714, 32.66776936141492], [-117.23768248712992, 32.667599735003115], [-117.23797033277296, 32.667066660803286], [-117.23810765734137, 32.666913154900506], [-117.23860371206376, 32.66654733235092], [-117.23871871445672, 32.666420198762765], [-117.23895305472723, 32.666227673190434], [-117.23898728926282, 32.66611389202766], [-117.23905068695721, 32.66604159110356], [-117.23919673969421, 32.665959585956045], [-117.23947751530339, 32.665878008607585], [-117.24024774635885, 32.665763941227375], [-117.24076603219132, 32.665625561798734], [-117.24157399276518, 32.66531473402362], [-117.24210900803516, 32.66525134201583], [-117.2422506704347, 32.66520906254402], [-117.24233819333047, 32.66515730636082], [-117.24240188553244, 32.66508754680747], [-117.24243868201695, 32.66500143748559], [-117.24246545641391, 32.664963158359036], [-117.2424935427791, 32.66494040503225], [-117.242624558597, 32.66489582861194], [-117.2426539603527, 32.664878625136716], [-117.24273023886995, 32.66484384266845], [-117.24280781604267, 32.66485826839819], [-117.2428637927168, 32.66490142764952], [-117.24300092894683, 32.66508993258885], [-117.24303103877692, 32.665123949129196], [-117.24318426875362, 32.66524721916053], [-117.24320707408857, 32.665273452788384], [-117.24337614604828, 32.66532145691012], [-117.2434147783736, 32.66531649248858], [-117.2434568101195, 32.66534168445353], [-117.24359200021301, 32.665512621515425], [-117.2436727767062, 32.665580340139755], [-117.24372140166906, 32.6656406648107], [-117.24377731863754, 32.665697028806086], [-117.24391184527504, 32.66589963235219], [-117.2440259851021, 32.66594764897316], [-117.24406357342357, 32.665972469961474], [-117.24411138405902, 32.66597795794596], [-117.24415129252651, 32.666003223718825], [-117.24431174415587, 32.6661660725843], [-117.24439256301955, 32.666193187562676], [-117.24446908131758, 32.666272027742444], [-117.2446391690296, 32.66635958743101], [-117.24468128257897, 32.666421826235776], [-117.24470489270352, 32.666575950082745], [-117.24486385454993, 32.666680431368285], [-117.24495386598441, 32.66686728954568], [-117.24522448486073, 32.66764161440996], [-117.24522521481546, 32.66790880389252], [-117.24499475399612, 32.66834566566602], [-117.24506416888944, 32.6687017851692], [-117.24545462104123, 32.6690127448233], [-117.24579794790395, 32.669417312471786], [-117.2455536633975, 32.67057561742703], [-117.24566477638143, 32.67077579413804], [-117.2457407780758, 32.67161284242925], [-117.24570116795167, 32.672530275298385], [-117.24567112643827, 32.673095887395995], [-117.24577851300444, 32.6738571709658], [-117.24606332050742, 32.67403474019111], [-117.24653316857994, 32.674488041677435], [-117.2470839973909, 32.67566705013957], [-117.24735547238943, 32.67673527784339], [-117.24708232476989, 32.67697183469873], [-117.24720893840662, 32.67706064826899], [-117.24748248275759, 32.67713868579575], [-117.24772041417351, 32.67732683053552], [-117.24774531435602, 32.677705062490816], [-117.24768020873033, 32.67802160466563], [-117.2479968458527, 32.678247080307486], [-117.24813977741074, 32.678555077844074], [-117.24827794773391, 32.67901348162427], [-117.2483739576836, 32.67945860961986], [-117.2486171330093, 32.67980547479554], [-117.24878159790904, 32.680250466047895], [-117.24884594595497, 32.6806689369415], [-117.24857787164463, 32.68083868921251], [-117.24843631606964, 32.68106162836035], [-117.2485836294632, 32.681016804398915], [-117.24883119819285, 32.68104748604114], [-117.24896837594197, 32.681145183892475], [-117.24895924123079, 32.68164841044016], [-117.24876008604654, 32.68198724637672], [-117.24861822128497, 32.68209885653931], [-117.24857030835419, 32.68233629929792], [-117.24889324605067, 32.68253472232709], [-117.24902498630017, 32.68257008722016], [-117.24920907433739, 32.682494017269796], [-117.24944086369332, 32.682529181165044], [-117.24976271362706, 32.68276010653425], [-117.2501492066545, 32.68351192224036], [-117.25006716495521, 32.68430475037262], [-117.24986328675996, 32.684839537073], [-117.25014354091238, 32.68525757608657], [-117.25065388873847, 32.68698438664447], [-117.25046077653097, 32.68760376321129], [-117.25030570557458, 32.68864611420747], [-117.25051813726144, 32.68928694589656], [-117.25186276989702, 32.691036552977934], [-117.2522770101473, 32.69115820437365], [-117.25254123429745, 32.69148275362427], [-117.25267905873112, 32.69180310449287], [-117.25301096826003, 32.691851420167204], [-117.25325925960122, 32.692127014980315], [-117.2532023240917, 32.6924789298727], [-117.25316664181793, 32.69289759843523], [-117.2530621205989, 32.69318281201251], [-117.2531056214785, 32.693668119225734], [-117.25322780167124, 32.694041938325036], [-117.25344435077832, 32.69426415908054], [-117.25382894656593, 32.69431682017525], [-117.25402414248953, 32.694436660093686], [-117.25413603642214, 32.69489510997833], [-117.25407915261427, 32.69526483688865], [-117.25408155700852, 32.695696479518574], [-117.25453709528092, 32.697036266599625], [-117.25482014274043, 32.69841617180135], [-117.25534260196306, 32.6987891747949], [-117.25558080539808, 32.69921173940932], [-117.25551845594299, 32.699510227537], [-117.25530837310436, 32.69971550119569], [-117.2552720134949, 32.69989370217207], [-117.25538330988128, 32.7001383990116], [-117.25544838795184, 32.700797333804125], [-117.25539750992478, 32.70142533284518], [-117.2553144839514, 32.70186191123217], [-117.25537402933332, 32.70242734057289], [-117.25573000643537, 32.70351318546836], [-117.25586425898516, 32.70441690290616], [-117.25583925178087, 32.7067281410006], [-117.25572479906315, 32.70722712784685], [-117.2556844016067, 32.70783729156043], [-117.25552346902876, 32.70866145303186], [-117.25558387122487, 32.709525241006745], [-117.25619381810795, 32.71099798891926], [-117.25623725536136, 32.711452122070035], [-117.25639676639463, 32.71197281461198], [-117.2563451237254, 32.71233362557249], [-117.25645210349016, 32.712903410275764], [-117.25653964584052, 32.71404323715171], [-117.25666764733022, 32.71459516467583], [-117.25663758525253, 32.71513405802543], [-117.25650695299879, 32.71550393599765], [-117.25620710682593, 32.71564704952129], [-117.25603453617552, 32.716088263411216], [-117.2560469535796, 32.71674730352757], [-117.25647647751705, 32.717739477781535], [-117.25665760858664, 32.71844715781244], [-117.25689525852174, 32.718655968735035], [-117.25696950576655, 32.718829489546664], [-117.2568804007511, 32.7189855311905], [-117.25693352493042, 32.719141282643825], [-117.25716054010162, 32.71931449051262], [-117.2573514734834, 32.71976386606217], [-117.25740100728567, 32.72050298609609], [-117.25733596504446, 32.72170101563484], [-117.25735463515393, 32.72269848120764], [-117.25760835844575, 32.72299632012491], [-117.25760975426711, 32.7234817100452], [-117.25795374284654, 32.724024285240766], [-117.2578967551792, 32.724358388547614], [-117.25799301738452, 32.72485694267518], [-117.25841049836247, 32.725305849566176], [-117.25840064316048, 32.725541886780825], [-117.25827987290548, 32.7256801827174], [-117.25726411961327, 32.726034069252805], [-117.25661781166885, 32.726623207695965], [-117.25592994684034, 32.72742172624672], [-117.25603666264723, 32.727893541104656], [-117.25634907375273, 32.728445090971334], [-117.25637806716509, 32.72937128429357], [-117.25653702532554, 32.72968713200642], [-117.25701743789891, 32.73002904010468], [-117.25737690845679, 32.730451350662825], [-117.25742508040639, 32.73071398625102], [-117.25723046547809, 32.7308257140562], [-117.25707234618073, 32.73080377359029], [-117.25696129860582, 32.730661500689294], [-117.25685060884483, 32.730643914066825], [-117.25700513336547, 32.731249223843044], [-117.25726951924015, 32.731582666872455], [-117.2571590970263, 32.731658597522085], [-117.25689536269569, 32.731552262622415], [-117.2568217309144, 32.73159694457303], [-117.25698570809044, 32.73182371958311], [-117.25703901975888, 32.732041812992875], [-117.25690823753469, 32.732367160536384], [-117.25673996173576, 32.732478833339506], [-117.25674563793639, 32.73262132245884], [-117.2569301803144, 32.732669928379124], [-117.25715719201007, 32.7328297755836], [-117.2572215152066, 32.733212613630144], [-117.25722251332658, 32.73355995607844], [-117.25695443634187, 32.73377870880307], [-117.25668593718265, 32.7338505090978], [-117.25660748130741, 32.734051061062694], [-117.2567028923639, 32.73425125671444], [-117.25667219937709, 32.73457194529199], [-117.25666735133568, 32.734718908530745], [-117.25646024452504, 32.73476573130059], [-117.25629846330118, 32.73469294468231], [-117.25618829167526, 32.73485793576591], [-117.25614167544434, 32.73513857831672], [-117.25615800405217, 32.735321124192915], [-117.2563798908718, 32.73552996685451], [-117.25621233571042, 32.73589546689832], [-117.25590547008481, 32.73601177212318], [-117.25585091275244, 32.73663987821594], [-117.2554255080477, 32.73712168311976], [-117.25546988189274, 32.737900891144896], [-117.25537073862309, 32.738239531573186], [-117.25536284092017, 32.73916579880356], [-117.25532802919402, 32.73989172969026], [-117.25557536115144, 32.74162794620612], [-117.2552835153633, 32.74275963555899], [-117.25535410976312, 32.743494257997796], [-117.25550820167797, 32.74394370947421], [-117.25560033554011, 32.744838600444], [-117.25539126543734, 32.74543574599318], [-117.25525720776058, 32.746469143431426], [-117.2549263493222, 32.746861691395885], [-117.25436829488714, 32.747040951510236], [-117.25395147508735, 32.746854764152765], [-117.25363917037761, 32.74713274401433], [-117.25861851463198, 32.75015809273989], [-117.25902689016634, 32.749921791656746], [-117.25913328737609, 32.749813861261856], [-117.25924482373661, 32.74943288898546], [-117.25932492763364, 32.74945777146909], [-117.25918379461417, 32.74985383521086], [-117.25905372681471, 32.74997684325033], [-117.25864574425835, 32.75021574212873], [-117.25845053602393, 32.75074458238082], [-117.25838018869928, 32.750715039658225], [-117.2585684384426, 32.75020996394027], [-117.25768939421968, 32.74969660407131], [-117.25764803271618, 32.749744282050955], [-117.25731546372111, 32.749542069282754], [-117.25735975297601, 32.74948186153913], [-117.25360345058496, 32.747178814864746], [-117.25346828985892, 32.74731602355748], [-117.25300468465772, 32.74788855093969], [-117.2528217360155, 32.74841438868828], [-117.25271198074763, 32.748735234852745], [-117.25260780845821, 32.749167397317095], [-117.252545804309, 32.74960392860759], [-117.25239902413983, 32.75022789719031], [-117.25280855055475, 32.75138167991482], [-117.25339178350531, 32.75139831381719], [-117.25337798369911, 32.751487404151945], [-117.25280402930761, 32.75147371985923], [-117.25271868441396, 32.751904359475695], [-117.25275611360001, 32.75271772156635], [-117.25302010256715, 32.754136249888006], [-117.25361018518302, 32.75656349125698], [-117.25920145616826, 32.75586923983884], [-117.25923002664253, 32.756029494308564], [-117.25363165339334, 32.756700010259046], [-117.2539521764022, 32.75904730903267], [-117.26030241129074, 32.75832177998332], [-117.26033089947913, 32.75845234620692]]]]}, "properties": {"AdminID": "Beach Cities", "UtilityID": "SDGE", "AreaType": "District", "SubareaType": "Operational", "Name": "Beach Cities District", "Shape_Area": 4643260861.516677}}, {"type": "Feature", "geometry": {"type": "MultiPolygon", "coordinates": [[[[-117.06932703782711, 32.77926629020763], [-117.06645982142412, 32.77933750677763], [-117.06700305194141, 32.77874057427794], [-117.06775831341105, 32.77723943908282], [-117.06790610067446, 32.77633695279228], [-117.06776994107021, 32.77509993524637], [-117.06795266159043, 32.77434395560288], [-117.06991524689388, 32.77267908616033], [-117.06984584554428, 32.770687053000444], [-117.06764364309687, 32.766915258284904], [-117.06754511811947, 32.76688273784398], [-117.06682686272596, 32.76555891692176], [-117.06680084169396, 32.76275534821161], [-117.06679512935055, 32.762139970546585], [-117.06701756697922, 32.76140838640665], [-117.06702438948444, 32.761288443237774], [-117.06707175615708, 32.76074739982192], [-117.06681039835502, 32.76037227307213], [-117.06640472336325, 32.759790000486284], [-117.06636948786115, 32.759632403961504], [-117.06630409032384, 32.75942055574326], [-117.06630578708481, 32.75865827616547], [-117.0662013542869, 32.75865674864356], [-117.06623267714987, 32.75809937488221], [-117.06618329327543, 32.756830466605365], [-117.06590673504508, 32.755940216924444], [-117.06454852563357, 32.75311442713798], [-117.06412400189761, 32.75223549819996], [-117.0628879221934, 32.75081717883251], [-117.06176633639083, 32.74734769100669], [-117.06124160125685, 32.74674922296905], [-117.06044450859109, 32.746224408587906], [-117.05915063618767, 32.74578504154276], [-117.05875429309764, 32.745683565441766], [-117.05827349033486, 32.7455670479265], [-117.05810514357498, 32.745520962739434], [-117.05305442835312, 32.74412333400893], [-117.05066511043047, 32.74190672913597], [-117.05282491466969, 32.74015839497644], [-117.05744657335775, 32.735151005211954], [-117.05898868161812, 32.73347029568359], [-117.06120486899603, 32.73172980218088], [-117.06081354560953, 32.731343651536854], [-117.06050663796387, 32.730994112710505], [-117.05976118576092, 32.73053151677632], [-117.05851141082728, 32.73049621352576], [-117.05825750638418, 32.730698640931756], [-117.05824569283855, 32.73072422232504], [-117.05820530082454, 32.730734356712595], [-117.05818639278685, 32.73064229881444], [-117.0581536294835, 32.73028943926871], [-117.05752772211297, 32.729892258522774], [-117.05754462445739, 32.729673761255995], [-117.04963550564199, 32.72972708915956], [-117.04963676849489, 32.72994998146146], [-117.04912929763202, 32.729946497085514], [-117.0491325285446, 32.72904228822118], [-117.04913273316502, 32.72688025781874], [-117.04903557503728, 32.72678828254366], [-117.04905045354467, 32.72279783082333], [-117.04923973141806, 32.72273866151853], [-117.0492080515634, 32.720201845207626], [-117.04902482492177, 32.72003287067189], [-117.04919257810056, 32.71983020042872], [-117.04914947960626, 32.71808551413579], [-117.04918442287433, 32.718089459383044], [-117.04916535100469, 32.7156838133348], [-117.0491490913257, 32.71512696901455], [-117.04890053099831, 32.715127475420445], [-117.04890061410623, 32.71497209878622], [-117.04868173996202, 32.71497345972641], [-117.0486785724778, 32.71515233767943], [-117.04644506177799, 32.715159866677546], [-117.045740578342, 32.71600235495107], [-117.04187264962798, 32.72063430834923], [-117.04072808488549, 32.71984823415972], [-117.04039527746775, 32.72018725264672], [-117.03870474647877, 32.71950461814605], [-117.03825836800328, 32.7204486007294], [-117.0377534483469, 32.72071492568091], [-117.03757487134763, 32.72070497837992], [-117.03752888563639, 32.72048017878716], [-117.03715110033343, 32.720231464515635], [-117.03668282757052, 32.720340804703184], [-117.03643650891964, 32.720645161275215], [-117.0365116621634, 32.721100767015216], [-117.0352897132992, 32.721248889449384], [-117.03534419744251, 32.72033434040392], [-117.03460024812222, 32.720300322119435], [-117.03443229327499, 32.71867555417066], [-117.03468402667704, 32.71866436306491], [-117.03468541423496, 32.7179120524391], [-117.03468785312737, 32.717023746221976], [-117.03469059393703, 32.71666490305235], [-117.03258582472074, 32.715333836943536], [-117.03194840837716, 32.71550383280528], [-117.03194601747039, 32.72038062637344], [-117.03020927055367, 32.72032740721134], [-117.03023025529767, 32.72179741403348], [-117.02842237303547, 32.721797239606076], [-117.02840701885536, 32.71891476389881], [-117.02668074793857, 32.71890182549007], [-117.02633761824718, 32.719239624288505], [-117.02547618958383, 32.719263634241145], [-117.02507085843501, 32.718676027967255], [-117.02326845077219, 32.71842320213716], [-117.02299668410542, 32.718139053716754], [-117.02307915408392, 32.71481039762419], [-117.02047521794191, 32.7148122480956], [-117.020273463776, 32.71459479370167], [-117.02012590176014, 32.71373172593235], [-117.01816934684733, 32.70833422445979], [-117.0206474836894, 32.707535906740226], [-117.01997343203517, 32.70585542668423], [-117.02076365098462, 32.705658749042456], [-117.0211647379556, 32.704841527397754], [-117.0210278572284, 32.70443011031472], [-117.02127123090388, 32.7038269606995], [-117.01996430321822, 32.701608567008826], [-117.01950679322029, 32.700341804928634], [-117.0198297319342, 32.700233453849854], [-117.02517870291395, 32.69872250234571], [-117.0248577390092, 32.697825007547706], [-117.02457716665927, 32.69708057014082], [-117.02280263609657, 32.69645753215879], [-117.02234332445425, 32.695566045922405], [-117.0219477988174, 32.69460267817422], [-117.02212904713306, 32.6935803992946], [-117.02205848325009, 32.693316985274905], [-117.02232918917478, 32.692903199204245], [-117.02293519679664, 32.69278566621616], [-117.0214565006214, 32.68828722480622], [-117.0191002792682, 32.68875859864776], [-117.0185255463312, 32.68887531718736], [-117.01685490117103, 32.68936704001684], [-117.01518295905986, 32.68994265954548], [-117.01417521213983, 32.6897520366757], [-117.01183762736157, 32.69021066504758], [-117.00823674841739, 32.69090447966619], [-116.99915295683257, 32.691924868472164], [-116.9906912974234, 32.693751233654275], [-116.98468079101762, 32.696520997743875], [-116.98009498570457, 32.70349302364383], [-116.97807920550555, 32.706550523957475], [-116.97262099366777, 32.708757713427076], [-116.96991364480712, 32.708597913007594], [-116.97006200026344, 32.685335222830034], [-116.95543517689919, 32.67974936825188], [-116.94806511568528, 32.67693133975549], [-116.94554949518792, 32.67708520367525], [-116.94332142083731, 32.67595214374237], [-116.94031434624002, 32.67838211140223], [-116.93361130362514, 32.67995506755684], [-116.93164702015702, 32.6793809514296], [-116.93187170142278, 32.671165445462265], [-116.92277900237654, 32.66635094720787], [-116.89895537623931, 32.644612112760136], [-116.89134401930798, 32.63759853798005], [-116.88599074647009, 32.6326662365255], [-116.88102859891974, 32.62809352651155], [-116.84495349977354, 32.59484296425056], [-116.84673321434897, 32.593961136731856], [-116.84505145829667, 32.59373275434107], [-116.84388836197436, 32.59385396998846], [-116.82386919496012, 32.57530144947206], [-116.82407595320103, 32.559549059557646], [-117.0089095551486, 32.54420734210451], [-117.02193128896354, 32.54309429642387], [-117.02192851411795, 32.54277683094642], [-117.02724953572928, 32.542342431387944], [-117.02727670290646, 32.54263617512236], [-117.03002437850701, 32.54240128667856], [-117.03938828602737, 32.54159854573895], [-117.03990901928897, 32.540951406556424], [-117.0624935596104, 32.53911111979479], [-117.06833600573954, 32.54004000763441], [-117.06941705512752, 32.53902973285812], [-117.12473412365509, 32.53427325082885], [-117.1255183826223, 32.54458611935262], [-117.12571133824316, 32.54667167361471], [-117.1270550403014, 32.55103297644849], [-117.1283382647672, 32.55403285893216], [-117.12985611706739, 32.55693310868868], [-117.13065570537307, 32.55807511478261], [-117.13302054535987, 32.56665812254873], [-117.13246301764975, 32.57358464772598], [-117.13239339613988, 32.57562504820069], [-117.1324693557856, 32.57699574319358], [-117.1328405233782, 32.577988555871286], [-117.13284301454405, 32.579516047717995], [-117.13718993300793, 32.57952395519738], [-117.13718697089847, 32.579408404242265], [-117.13734063042047, 32.57941059438931], [-117.1375265043414, 32.579533019963], [-117.13739671951528, 32.57966207994373], [-117.13722589751814, 32.579668555168034], [-117.13722577274284, 32.5795868030829], [-117.132843132551, 32.57958836613706], [-117.13285016521169, 32.58389986455839], [-117.13372536347708, 32.58390837037308], [-117.13372917046821, 32.58397125281488], [-117.13285029824188, 32.583981618261], [-117.13285306895, 32.58568030076044], [-117.13277029842588, 32.58756876670326], [-117.13377558340711, 32.58757608539445], [-117.13377568345645, 32.587643164343916], [-117.13278035704064, 32.58767356720475], [-117.132928592838, 32.59543585410784], [-117.13396260476551, 32.60572356735139], [-117.1361408572881, 32.61649952587108], [-117.13671776802342, 32.61685916636615], [-117.13669367743748, 32.61701359272041], [-117.13656009293841, 32.61714755170967], [-117.13787607734014, 32.622408306136634], [-117.1419283241868, 32.63245619178195], [-117.14727921765696, 32.64252681229278], [-117.1527448514205, 32.65152349353254], [-117.15560839895316, 32.65632656294761], [-117.16072616534376, 32.66342019350631], [-117.16503228057684, 32.667928395860045], [-117.17149410555247, 32.67339697636527], [-117.17714343048331, 32.67767625758832], [-117.17863865407573, 32.6787194013075], [-117.17904919871657, 32.678608807079804], [-117.1794393439738, 32.67856771993014], [-117.17985712730707, 32.678653970446454], [-117.18002852309415, 32.67877531393939], [-117.1800018009805, 32.67910537943682], [-117.18018722691707, 32.67939461119412], [-117.18447860181597, 32.6819751963263], [-117.18805271443064, 32.683822672228715], [-117.19108992909459, 32.68497092642771], [-117.19415325629866, 32.68575483363106], [-117.2036176266119, 32.6714884420457], [-117.225556122085, 32.671432111270875], [-117.23042945660178, 32.6805046554619], [-117.23130956200377, 32.703726487118615], [-117.21007617123588, 32.71782451248393], [-117.20935852287239, 32.718200229662614], [-117.20620570144932, 32.71980001884345], [-117.18625162192777, 32.717397470424146], [-117.1792579648873, 32.72615193094532], [-117.17911072065463, 32.727149379136485], [-117.17936110207464, 32.72768768617664], [-117.1746448595605, 32.729185895140304], [-117.17057030639431, 32.73047817888381], [-117.17675222542651, 32.73760760350516], [-117.17857421389029, 32.73970631924362], [-117.17930449362416, 32.740566839203126], [-117.18031697438765, 32.741429473591445], [-117.18161079610212, 32.74214998519434], [-117.18255219758171, 32.74254952661521], [-117.18359092054091, 32.74303313849899], [-117.18454364746894, 32.74349474077967], [-117.19264864314759, 32.747306192686736], [-117.19364516212144, 32.747868247307395], [-117.19434384220445, 32.74835608720478], [-117.1953250600305, 32.74918267618881], [-117.19622059986706, 32.74988424120248], [-117.19722426554756, 32.75123553441596], [-117.19832666858079, 32.75240742262338], [-117.19830217734919, 32.753015096481946], [-117.19817274961454, 32.75536270486416], [-117.19621812900138, 32.758850174624406], [-117.19559875274881, 32.75918584118439], [-117.19470662778747, 32.76066899614203], [-117.18684786401622, 32.75969490294246], [-117.17593280614096, 32.759160544813895], [-117.17320705570515, 32.75978352100124], [-117.1659774723426, 32.76143207208961], [-117.16477691625785, 32.76203811854574], [-117.16334950512521, 32.762618462868225], [-117.16136413797076, 32.763484702250096], [-117.15952670407232, 32.763557795420525], [-117.15805185925949, 32.763826042106245], [-117.15726816067213, 32.764630179637244], [-117.15438653973565, 32.765326322707594], [-117.15346376629553, 32.76554923026661], [-117.14717807001485, 32.76706703877678], [-117.14290909413309, 32.76887633752185], [-117.14236634401257, 32.769117470206545], [-117.13772907998525, 32.77047515719245], [-117.13079246455328, 32.772072383392924], [-117.12739707871505, 32.77339810729276], [-117.124350678502, 32.77508707903641], [-117.11965081686405, 32.77748329630584], [-117.1165946250493, 32.77849857948827], [-117.11243696810055, 32.77901505496774], [-117.1019565157957, 32.77894530059763], [-117.08953341359326, 32.7807550953875], [-117.08778874267547, 32.78100504352563], [-117.07689005545184, 32.77974923567792], [-117.06932703782711, 32.77926629020763]]]]}, "properties": {"AdminID": "Metro", "UtilityID": "SDGE", "AreaType": "District", "SubareaType": "Operational", "Name": "Metro District", "Shape_Area": 5824860521.145771}}, {"type": "Feature", "geometry": {"type": "MultiPolygon", "coordinates": [[[[-116.7264626908864, 33.42762881614443], [-116.68929081852687, 33.42658478374612], [-116.65453111097736, 33.426433268217785], [-116.53738293088169, 33.426141819075276], [-116.46796488797038, 33.42622416937741], [-116.36760026254231, 33.426407687814326], [-116.20964299527607, 33.42653243869537], [-116.21154955650884, 33.326350858732894], [-116.21056597015604, 33.30091274103401], [-116.20927224006726, 33.26743449707346], [-116.20709015527937, 33.21091906503785], [-116.23263900498594, 33.17374906746693], [-116.24446509697543, 33.156531135944526], [-116.27742188352758, 33.077961077579126], [-116.2777592488007, 33.02568880387364], [-116.27524846279384, 33.02411570695778], [-116.24622449986192, 32.99773466347679], [-116.21915965973325, 32.9731142483304], [-116.1942797685989, 32.95046433133489], [-116.16948511259874, 32.92949221920287], [-116.14909740363345, 32.91223662428255], [-116.13812580365486, 32.9029464489291], [-116.13839167901186, 32.88409686777712], [-116.13917268505352, 32.8286415405165], [-116.13936644930682, 32.81486374335102], [-116.10388205397115, 32.814027308773255], [-116.10328706150722, 32.72587445882237], [-116.10582509354977, 32.7258421067979], [-116.19829937111517, 32.78347773470537], [-116.27153998830022, 32.83287491753464], [-116.37190483741134, 32.89986597073387], [-116.42805540253653, 32.942251220438116], [-116.45559689905416, 32.96391870757507], [-116.4824045071355, 32.98513995712487], [-116.52387054926903, 32.985164107480244], [-116.53521184374772, 32.99320600407797], [-116.55951169570292, 33.01042815621374], [-116.56402638203755, 33.01189287148209], [-116.57539645544527, 33.01236643592801], [-116.59274620091166, 33.01175071409281], [-116.60025228144617, 33.01085843913254], [-116.61590439674197, 33.0101495501836], [-116.65615750250096, 33.00831734372765], [-116.69471689635849, 33.006549955780294], [-116.69972996930078, 33.00358530280814], [-116.73205558525237, 32.984458750397536], [-116.76118724499761, 32.984112996545406], [-116.76731077264847, 32.975449040480456], [-116.77656592788018, 32.97521082661431], [-116.80254489790399, 32.9594766768016], [-116.80838053694823, 32.9620054845121], [-116.80798902958902, 32.9841908571362], [-116.82481680344897, 32.984427826013224], [-116.82485209436798, 32.98382991692781], [-116.85082584401773, 32.96173105442967], [-116.85658257276893, 32.95684498697066], [-116.86227023415351, 32.95199527613167], [-116.86273689290091, 32.95223061645323], [-116.86463296246045, 32.95084173188291], [-116.86636437483473, 32.95062308520747], [-116.86610473960829, 32.94871971786072], [-116.88310540993741, 32.935912720732745], [-116.88386896596342, 32.935349954641595], [-116.90170277886519, 32.929271735707424], [-116.915190809348, 32.924377197548004], [-116.93617800758459, 32.925153847968915], [-116.94978693483537, 32.94226214992631], [-116.95956289740559, 32.93803557796992], [-116.97554591184591, 32.95066889574492], [-116.97809718137007, 32.95767036508902], [-116.98119648518654, 32.96709934960401], [-116.9741642132998, 32.97468401136838], [-116.97296051559145, 32.9754039824672], [-116.97552313886384, 32.98276850762656], [-116.9864903318298, 32.98252617312204], [-116.99048178641989, 32.993912049928625], [-116.98675384393727, 32.99426388665014], [-116.9875374246027, 32.99993019112676], [-116.99327163675909, 32.99970206487423], [-116.99693115503581, 33.00710341395558], [-116.99697273107819, 33.011577418585], [-116.99727291119139, 33.02217327750856], [-116.9967949343499, 33.0291114151962], [-116.99646737772728, 33.030119228029754], [-116.99654118717082, 33.03527030435553], [-116.99662609316417, 33.05083310154619], [-116.99662868717256, 33.052428621268554], [-116.99337002655426, 33.062824019734606], [-116.99218862597807, 33.06658033209613], [-116.99319696559428, 33.06806028893101], [-116.99338935785481, 33.073095307537386], [-116.98014401785363, 33.07206381331563], [-116.97707848540132, 33.07308684766405], [-116.97530173137048, 33.067753670648536], [-116.97403484397377, 33.06916266618747], [-116.97341092612625, 33.0743013553074], [-116.9651111861094, 33.07715663676245], [-116.96465033929758, 33.073557039055544], [-116.95395924110701, 33.076463559781374], [-116.95496763288634, 33.08042752520529], [-116.94935074270374, 33.08261904535839], [-116.93891523633296, 33.08461613506287], [-116.9218373133714, 33.08579025192959], [-116.90495660724174, 33.08694834422412], [-116.8935831764955, 33.116084975322515], [-116.88241951063445, 33.143559830007554], [-116.86917115869453, 33.17120932551463], [-116.86386741939071, 33.181603855459606], [-116.86230337689324, 33.18471890504602], [-116.85655548658148, 33.19552906964267], [-116.84427025198899, 33.219925044922306], [-116.8187192964043, 33.265130555926156], [-116.82398673255413, 33.26138609486817], [-116.82751740788868, 33.2637079458214], [-116.81892856397317, 33.2720655446456], [-116.81796087556461, 33.27170911585617], [-116.82127324019206, 33.293184451817], [-116.82310705917631, 33.30460014106791], [-116.82574455804186, 33.32289233511551], [-116.82715249582354, 33.33236230687512], [-116.8278947804964, 33.33715341953563], [-116.83747070517524, 33.41032658920937], [-116.8682229638624, 33.42011203438594], [-116.86799020746321, 33.42673749281488], [-116.86775505685173, 33.433461584915776], [-116.86774993639365, 33.43360764158884], [-116.81827494489848, 33.430831349629166], [-116.7809808923895, 33.42944619287937], [-116.76038657259224, 33.42876249459172], [-116.7264626908864, 33.42762881614443]]]]}, "properties": {"AdminID": "Ramona", "UtilityID": "SDGE", "AreaType": "Sub District", "SubareaType": "Operational", "Name": "Ramona Sub District", "Shape_Area": 36877450566.491425}}, {"type": "Feature", "geometry": {"type": "MultiPolygon", "coordinates": [[[[-116.77924131001932, 32.92631617625077], [-116.78147509279219, 32.90667571158692], [-116.77976397942585, 32.89353269548748], [-116.76532926662989, 32.893035603089196], [-116.7630295822871, 32.89193208281614], [-116.75414923627987, 32.887674444259666], [-116.74473529869888, 32.88315161086973], [-116.73741272891847, 32.86394982823199], [-116.73421027889752, 32.85557291502067], [-116.73146801594197, 32.84839975387259], [-116.73131514387559, 32.84310118296914], [-116.73111716926633, 32.83629896117692], [-116.73150239801619, 32.834091756648206], [-116.73164660141951, 32.833385783396515], [-116.73198394515181, 32.83164582255423], [-116.73232207986425, 32.82748030788409], [-116.73242069572231, 32.81955079100487], [-116.7296949153898, 32.819526039381664], [-116.71189054444423, 32.819321384554875], [-116.6989725295978, 32.80042085648683], [-116.6963159565273, 32.79670024005052], [-116.68693924016435, 32.78296657829489], [-116.69464689543669, 32.77331039939935], [-116.69941914868072, 32.771230723441434], [-116.70140287292055, 32.767706419557996], [-116.7050413277111, 32.76123070368344], [-116.71031995443678, 32.751863452753625], [-116.7132844983065, 32.74892031574955], [-116.71342765854133, 32.7487811539158], [-116.73728747406989, 32.72479092199067], [-116.74633968097014, 32.71569111500619], [-116.74705103122642, 32.71496851160795], [-116.74882646589607, 32.71313843690865], [-116.77632516941632, 32.69165583248078], [-116.79884634336541, 32.682212151309756], [-116.82445183248706, 32.671444212306675], [-116.8037774228485, 32.66111606213321], [-116.79368482965802, 32.65600404012437], [-116.79352389216457, 32.634338940333386], [-116.79315739516255, 32.59813278109648], [-116.7928367256175, 32.56233535255246], [-116.82407595320103, 32.559549059557646], [-116.82386919496012, 32.57530144947206], [-116.84388836197436, 32.59385396998846], [-116.84505145829667, 32.59373275434107], [-116.84673321434897, 32.593961136731856], [-116.84495349977354, 32.59484296425056], [-116.88102859891974, 32.62809352651155], [-116.88599074647009, 32.6326662365255], [-116.89134401930798, 32.63759853798005], [-116.89895537623931, 32.644612112760136], [-116.92277900237654, 32.66635094720787], [-116.93187170142278, 32.671165445462265], [-116.93164702015702, 32.6793809514296], [-116.93361130362514, 32.67995506755684], [-116.94031434624002, 32.67838211140223], [-116.94332142083731, 32.67595214374237], [-116.94554949518792, 32.67708520367525], [-116.94806511568528, 32.67693133975549], [-116.95543517689919, 32.67974936825188], [-116.97006200026344, 32.685335222830034], [-116.96991364480712, 32.708597913007594], [-116.97262099366777, 32.708757713427076], [-116.97807920550555, 32.706550523957475], [-116.98009498570457, 32.70349302364383], [-116.98468079101762, 32.696520997743875], [-116.9906912974234, 32.693751233654275], [-116.99915295683257, 32.691924868472164], [-117.00823674841739, 32.69090447966619], [-117.01183762736157, 32.69021066504758], [-117.01417521213983, 32.6897520366757], [-117.01518295905986, 32.68994265954548], [-117.01685490117103, 32.68936704001684], [-117.0185255463312, 32.68887531718736], [-117.0191002792682, 32.68875859864776], [-117.0214565006214, 32.68828722480622], [-117.02293519679664, 32.69278566621616], [-117.02232918917478, 32.692903199204245], [-117.02205848325009, 32.693316985274905], [-117.02212904713306, 32.6935803992946], [-117.0219477988174, 32.69460267817422], [-117.02234332445425, 32.695566045922405], [-117.02280263609657, 32.69645753215879], [-117.02457716665927, 32.69708057014082], [-117.0248577390092, 32.697825007547706], [-117.02517870291395, 32.69872250234571], [-117.0198297319342, 32.700233453849854], [-117.01950679322029, 32.700341804928634], [-117.01996430321822, 32.701608567008826], [-117.02127123090388, 32.7038269606995], [-117.0210278572284, 32.70443011031472], [-117.0211647379556, 32.704841527397754], [-117.02076365098462, 32.705658749042456], [-117.01997343203517, 32.70585542668423], [-117.0206474836894, 32.707535906740226], [-117.01816934684733, 32.70833422445979], [-117.02012590176014, 32.71373172593235], [-117.020273463776, 32.71459479370167], [-117.02047521794191, 32.7148122480956], [-117.02307915408392, 32.71481039762419], [-117.02299668410542, 32.718139053716754], [-117.02326845077219, 32.71842320213716], [-117.02507085843501, 32.718676027967255], [-117.02547618958383, 32.719263634241145], [-117.02633761824718, 32.719239624288505], [-117.02668074793857, 32.71890182549007], [-117.02840701885536, 32.71891476389881], [-117.02842237303547, 32.721797239606076], [-117.03023025529767, 32.72179741403348], [-117.03020927055367, 32.72032740721134], [-117.03194601747039, 32.72038062637344], [-117.03194840837716, 32.71550383280528], [-117.03258582472074, 32.715333836943536], [-117.03469059393703, 32.71666490305235], [-117.03468785312737, 32.717023746221976], [-117.03468541423496, 32.7179120524391], [-117.03468402667704, 32.71866436306491], [-117.03443229327499, 32.71867555417066], [-117.03460024812222, 32.720300322119435], [-117.03534419744251, 32.72033434040392], [-117.0352897132992, 32.721248889449384], [-117.0365116621634, 32.721100767015216], [-117.03643650891964, 32.720645161275215], [-117.03668282757052, 32.720340804703184], [-117.03715110033343, 32.720231464515635], [-117.03752888563639, 32.72048017878716], [-117.03757487134763, 32.72070497837992], [-117.0377534483469, 32.72071492568091], [-117.03825836800328, 32.7204486007294], [-117.03870474647877, 32.71950461814605], [-117.04039527746775, 32.72018725264672], [-117.04072808488549, 32.71984823415972], [-117.04187264962798, 32.72063430834923], [-117.045740578342, 32.71600235495107], [-117.04644506177799, 32.715159866677546], [-117.0486785724778, 32.71515233767943], [-117.04868173996202, 32.71497345972641], [-117.04890061410623, 32.71497209878622], [-117.04890053099831, 32.715127475420445], [-117.0491490913257, 32.71512696901455], [-117.04916535100469, 32.7156838133348], [-117.04918442287433, 32.718089459383044], [-117.04914947960626, 32.71808551413579], [-117.04919257810056, 32.71983020042872], [-117.04902482492177, 32.72003287067189], [-117.0492080515634, 32.720201845207626], [-117.04923973141806, 32.72273866151853], [-117.04905045354467, 32.72279783082333], [-117.04903557503728, 32.72678828254366], [-117.04913273316502, 32.72688025781874], [-117.0491325285446, 32.72904228822118], [-117.04912929763202, 32.729946497085514], [-117.04963676849489, 32.72994998146146], [-117.04963550564199, 32.72972708915956], [-117.05754462445739, 32.729673761255995], [-117.05752772211297, 32.729892258522774], [-117.0581536294835, 32.73028943926871], [-117.05818639278685, 32.73064229881444], [-117.05820530082454, 32.730734356712595], [-117.05824569283855, 32.73072422232504], [-117.05825750638418, 32.730698640931756], [-117.05851141082728, 32.73049621352576], [-117.05976118576092, 32.73053151677632], [-117.06050663796387, 32.730994112710505], [-117.06081354560953, 32.731343651536854], [-117.06120486899603, 32.73172980218088], [-117.05898868161812, 32.73347029568359], [-117.05744657335775, 32.735151005211954], [-117.05282491466969, 32.74015839497644], [-117.05066511043047, 32.74190672913597], [-117.05305442835312, 32.74412333400893], [-117.05810514357498, 32.745520962739434], [-117.05827349033486, 32.7455670479265], [-117.05875429309764, 32.745683565441766], [-117.05915063618767, 32.74578504154276], [-117.06044450859109, 32.746224408587906], [-117.06124160125685, 32.74674922296905], [-117.06176633639083, 32.74734769100669], [-117.0628879221934, 32.75081717883251], [-117.06412400189761, 32.75223549819996], [-117.06454852563357, 32.75311442713798], [-117.06590673504508, 32.755940216924444], [-117.06618329327543, 32.756830466605365], [-117.06623267714987, 32.75809937488221], [-117.0662013542869, 32.75865674864356], [-117.06630578708481, 32.75865827616547], [-117.06630409032384, 32.75942055574326], [-117.06636948786115, 32.759632403961504], [-117.06640472336325, 32.759790000486284], [-117.06681039835502, 32.76037227307213], [-117.06707175615708, 32.76074739982192], [-117.06702438948444, 32.761288443237774], [-117.06701756697922, 32.76140838640665], [-117.06679512935055, 32.762139970546585], [-117.06680084169396, 32.76275534821161], [-117.06682686272596, 32.76555891692176], [-117.06754511811947, 32.76688273784398], [-117.06764364309687, 32.766915258284904], [-117.06984584554428, 32.770687053000444], [-117.06991524689388, 32.77267908616033], [-117.06795266159043, 32.77434395560288], [-117.06776994107021, 32.77509993524637], [-117.06790610067446, 32.77633695279228], [-117.06775831341105, 32.77723943908282], [-117.06700305194141, 32.77874057427794], [-117.06645982142412, 32.77933750677763], [-117.06932703782711, 32.77926629020763], [-117.07689005545184, 32.77974923567792], [-117.08778874267547, 32.78100504352563], [-117.08953341359326, 32.7807550953875], [-117.1019565157957, 32.77894530059763], [-117.11243696810055, 32.77901505496774], [-117.11305117718933, 32.78098766319376], [-117.11258273551014, 32.7810323803636], [-117.11222137342484, 32.78106458175222], [-117.11070176559294, 32.78024558881399], [-117.10570005380683, 32.78047026580258], [-117.10449822938862, 32.781462952605814], [-117.10372082288349, 32.78325248545733], [-117.10583013366924, 32.783228683200065], [-117.105868734529, 32.78325792463169], [-117.1062176744637, 32.78325891377076], [-117.10616389301134, 32.78395976785968], [-117.10406778348819, 32.78400173607447], [-117.10359599374158, 32.78434834427066], [-117.10359956704768, 32.784703763216555], [-117.10359868034047, 32.785337336646805], [-117.10356073323342, 32.788215075265626], [-117.10353581086521, 32.78949167203119], [-117.1028359307675, 32.79024643556487], [-117.1025960240008, 32.79090357104506], [-117.10473562444442, 32.79220774863225], [-117.10472829326385, 32.79524865740856], [-117.10213915649368, 32.79579673505991], [-117.09919137964057, 32.79370114539242], [-117.09803224173255, 32.794540631830934], [-117.09745119215681, 32.795696619166556], [-117.09578623458249, 32.79949681591757], [-117.09752491008595, 32.79954977133668], [-117.09763308474508, 32.80354915530029], [-117.09511258738301, 32.803619182270126], [-117.09470787064271, 32.80617352148979], [-117.09207888589688, 32.80703531254438], [-117.08969883657427, 32.80620409649906], [-117.08793015387946, 32.80605395178311], [-117.08437149458669, 32.8064703270931], [-117.08279684704665, 32.80702655049212], [-117.08966111103226, 32.81528809331326], [-117.0886041100007, 32.81619309002524], [-117.087266737911, 32.81505029327034], [-117.08608285161077, 32.81418703508194], [-117.08022066452597, 32.80840939577054], [-117.0785362955469, 32.80925120940955], [-117.07705742992385, 32.809984439180646], [-117.07339154848711, 32.810931313875365], [-117.07300933325804, 32.811155468696896], [-117.07156392550367, 32.81218311616056], [-117.06883454872703, 32.81488851318319], [-117.06461530031255, 32.81866049622064], [-117.0634904312006, 32.81966655550913], [-117.06038641069202, 32.82243887466174], [-117.05828196573812, 32.82432558929945], [-117.05511904169947, 32.82394990740873], [-117.05419220214743, 32.82432487799191], [-117.05324848742028, 32.82676502814633], [-117.05065668636614, 32.831921736681466], [-117.03544957717276, 32.84439748510196], [-117.05102807099735, 32.847047324462096], [-117.05063009362605, 32.849734674061494], [-117.03600729915917, 32.84773615669079], [-117.0387526143656, 32.85952783407605], [-117.03585902566734, 32.87145928792054], [-117.04258177578197, 32.870427674691875], [-117.04473682912834, 32.8747210255359], [-117.03529384809265, 32.87668432041112], [-117.03606183229923, 32.89059028476707], [-117.03198357660176, 32.902574920360344], [-117.0131278514397, 32.9030443974552], [-117.00079315684084, 32.90375764060157], [-116.99323725555858, 32.90581164177157], [-116.98933781562312, 32.90501593433456], [-116.98407330106146, 32.9300918303122], [-116.98184921296843, 32.934635503751636], [-116.97958362542512, 32.93856729101855], [-116.97554591184591, 32.95066889574492], [-116.95956289740559, 32.93803557796992], [-116.94978693483537, 32.94226214992631], [-116.93617800758459, 32.925153847968915], [-116.915190809348, 32.924377197548004], [-116.90170277886519, 32.929271735707424], [-116.88386896596342, 32.935349954641595], [-116.88310540993741, 32.935912720732745], [-116.86610473960829, 32.94871971786072], [-116.86636437483473, 32.95062308520747], [-116.86463296246045, 32.95084173188291], [-116.86273689290091, 32.95223061645323], [-116.86227023415351, 32.95199527613167], [-116.85658257276893, 32.95684498697066], [-116.85082584401773, 32.96173105442967], [-116.82485209436798, 32.98382991692781], [-116.82481680344897, 32.984427826013224], [-116.80798902958902, 32.9841908571362], [-116.80838053694823, 32.9620054845121], [-116.80254489790399, 32.9594766768016], [-116.77656592788018, 32.97521082661431], [-116.76731077264847, 32.975449040480456], [-116.76118724499761, 32.984112996545406], [-116.75695164936438, 32.96072203022602], [-116.76894782437125, 32.946659251268315], [-116.77924131001932, 32.92631617625077]]]]}, "properties": {"AdminID": "Eastern", "UtilityID": "SDGE", "AreaType": "District", "SubareaType": "Operational", "Name": "Eastern District", "Shape_Area": 10067568318.538528}}, {"type": "Feature", "geometry": {"type": "MultiPolygon", "coordinates": [[[[-117.34131809899824, 33.14139702126052], [-117.3421463931197, 33.14282764295348], [-117.34395490272814, 33.145001636792166], [-117.34481884394538, 33.14459221668938], [-117.34490524958844, 33.14469147395083], [-117.34375190161346, 33.145332344800764], [-117.34405976462178, 33.14569782369692], [-117.34520276922946, 33.145160997631585], [-117.3453000680517, 33.14529640530115], [-117.34487349556453, 33.14550713267029], [-117.34615487646768, 33.14715369580298], [-117.34794248575486, 33.14941903027579], [-117.35088890413583, 33.15365924422109], [-117.35328560515902, 33.157050059094644], [-117.3537209384913, 33.15718704957949], [-117.35415805623829, 33.15820564646616], [-117.35616755824728, 33.16035477598765], [-117.3583118967085, 33.16334836749341], [-117.35889432386855, 33.164366420391644], [-117.36173364224247, 33.16785092170077], [-117.36658847921208, 33.17355317789074], [-117.36847366652644, 33.17531436876605], [-117.37160915939997, 33.17909861197928], [-117.37625065465795, 33.18411286264302], [-117.37905981851249, 33.18771346906298], [-117.3839277034807, 33.193045649033806], [-117.38476082450045, 33.1940385015191], [-117.38866499319286, 33.191695068914264], [-117.38861802011104, 33.19162237026401], [-117.38887718962145, 33.19145345687639], [-117.38905924466697, 33.191684206578074], [-117.38877903076539, 33.19186281699346], [-117.38871201568563, 33.19177897373313], [-117.38481088431905, 33.19409815896067], [-117.3872507328173, 33.197005622031405], [-117.3884231646296, 33.19827466230352], [-117.39123677920358, 33.201203032850295], [-117.39250960313667, 33.202502729732075], [-117.39397128344416, 33.20162279852624], [-117.39403076116488, 33.201690448019676], [-117.39258487054865, 33.20257958538972], [-117.39651383408892, 33.20659116527069], [-117.39741754567015, 33.20735733605741], [-117.3993156059315, 33.20683569302703], [-117.39937979355552, 33.206754081600046], [-117.39954146013092, 33.20592594137088], [-117.39967065012077, 33.20594248593214], [-117.39951309511702, 33.20678757361294], [-117.40279931904226, 33.206359651855166], [-117.40261776297534, 33.205590845465004], [-117.40282041530571, 33.20556983945962], [-117.4029838152855, 33.20622818459886], [-117.40586271103885, 33.20925349038275], [-117.4056531499196, 33.21393702650847], [-117.40436133169726, 33.215317198172656], [-117.40603811841002, 33.218027748115794], [-117.42536208945577, 33.24189518109855], [-117.46979131293746, 33.295769595427316], [-117.46383028835204, 33.2990682994269], [-117.46230854389985, 33.29717863438019], [-117.46095167017299, 33.29781444931348], [-117.45955931532743, 33.29595934419585], [-117.45859544822785, 33.29672333018247], [-117.45974391444466, 33.29811819693892], [-117.4567790252745, 33.300274429224324], [-117.45380208833572, 33.3042518539768], [-117.4518162790076, 33.30520512983043], [-117.44875208102636, 33.3037377095771], [-117.44828238753618, 33.304392462009524], [-117.45012753058536, 33.305809838450536], [-117.4468010295704, 33.30735577158059], [-117.44416060255523, 33.311182152998946], [-117.44235451092918, 33.316338497810335], [-117.43812470992411, 33.31789172190266], [-117.43238735205493, 33.3260622760941], [-117.42584175104139, 33.327883821112756], [-117.42169359429683, 33.330291046700474], [-117.40707976869125, 33.34617205657699], [-117.39573331907293, 33.36051820222849], [-117.3872364757717, 33.36725644416471], [-117.38301098212867, 33.379055551293256], [-117.37453886834258, 33.38011880506048], [-117.36222711506369, 33.38518253005037], [-117.35688700114335, 33.39154536885889], [-117.33650232986547, 33.40575171488407], [-117.32227862323136, 33.40544990513929], [-117.30842951204019, 33.411744023085156], [-117.30434370591519, 33.412995327219505], [-117.30434129445261, 33.41372614316573], [-117.29537767468885, 33.41751418818884], [-117.28267840209716, 33.411498301572024], [-117.27401193668123, 33.40716778651457], [-117.26450310606825, 33.406588956428685], [-117.25547614436343, 33.40597511809926], [-117.25606407122982, 33.40206518388426], [-117.25754527144723, 33.39110125755825], [-117.25852701450968, 33.38505095495148], [-117.25908515852366, 33.38187722832406], [-117.2592850366699, 33.38082997278938], [-117.25945026495084, 33.378214603717396], [-117.26032863897007, 33.37217775494365], [-117.26049801932359, 33.37183807328282], [-117.26060511326317, 33.37113936457144], [-117.26049762737415, 33.37101624427948], [-117.26132162904473, 33.36893498090145], [-117.26098825302033, 33.367099466567275], [-117.26221027197877, 33.35793880567157], [-117.25611749599915, 33.35804135309177], [-117.25414597041541, 33.35807048863961], [-117.25460556370368, 33.34621226744797], [-117.25467734047078, 33.34535293740143], [-117.25449591705464, 33.330110734914435], [-117.2662292134622, 33.32999058617576], [-117.26718024707844, 33.31946478657912], [-117.26764705256583, 33.31465180335264], [-117.26878671120026, 33.30788312769062], [-117.26899072679844, 33.305296729740625], [-117.27002295306896, 33.29984316444302], [-117.2819763269588, 33.29094596148801], [-117.2719015051253, 33.28566668635856], [-117.27063236517064, 33.28061623917707], [-117.2662370252616, 33.283113041061114], [-117.26211748527757, 33.28127131894822], [-117.25773257986636, 33.278458317627255], [-117.2561115864956, 33.27512427180548], [-117.2547020649606, 33.27299921523927], [-117.25421326686147, 33.26977463404906], [-117.26091126014708, 33.269505588970944], [-117.26014364185292, 33.266771560659286], [-117.2607774347631, 33.25981046467896], [-117.26170259364464, 33.258647157361736], [-117.25484428549134, 33.25855687154679], [-117.25230536295189, 33.25758978998823], [-117.251020649211, 33.25710974476507], [-117.25009427124503, 33.2564842592724], [-117.24989786342107, 33.25603197200112], [-117.24584784625131, 33.25504089324316], [-117.24460052037725, 33.25464050229027], [-117.23545273053767, 33.261159696154095], [-117.23496974350518, 33.26740433847934], [-117.22869482850066, 33.26951680467165], [-117.22678766692167, 33.27112255867439], [-117.22233852114714, 33.271506724892156], [-117.22181296115055, 33.26751856949069], [-117.2131703105004, 33.26763853839561], [-117.2135979227258, 33.262390264671915], [-117.21171072989112, 33.26169438613791], [-117.21025177683289, 33.26014429268595], [-117.21020876882174, 33.26012502043062], [-117.20816295102266, 33.26013171296616], [-117.20482183770362, 33.260158949451835], [-117.20485992255396, 33.2564517949158], [-117.19975976071697, 33.2564766099149], [-117.18762158005768, 33.25651117498927], [-117.18770763226165, 33.25305079364226], [-117.18584637187188, 33.25254598396324], [-117.1831639620726, 33.25231630812941], [-117.1825052987716, 33.25092846557669], [-117.18065574951716, 33.24944002488586], [-117.17606708581873, 33.249477460628675], [-117.17421464713775, 33.2509911095603], [-117.17232834787104, 33.251019622604204], [-117.17150800564215, 33.25097217160676], [-117.17123880003388, 33.25102188020557], [-117.17088407552927, 33.25122098084426], [-117.16833830629061, 33.25157586677256], [-117.16151109815475, 33.25298592722063], [-117.15808322297708, 33.252393399331346], [-117.15652630125915, 33.250844650615136], [-117.15653730265132, 33.249250890453204], [-117.15797449654387, 33.24925781421984], [-117.15790780375453, 33.247094974400156], [-117.15799473305523, 33.24401410562044], [-117.15779486110803, 33.24357278684067], [-117.15797574043773, 33.227647039211355], [-117.17055250699022, 33.227591994886964], [-117.17535229455807, 33.22441260306726], [-117.18036652746595, 33.224742897948936], [-117.18450576456358, 33.227596946149276], [-117.18613672069728, 33.22951572479702], [-117.1890973674458, 33.23132052439921], [-117.19312176645715, 33.2294326769579], [-117.19913001292662, 33.226576706357775], [-117.19612993000742, 33.22293366282807], [-117.18940781683459, 33.214740460793], [-117.18735558870695, 33.21226704849398], [-117.18352723212286, 33.207621561338634], [-117.18223190208457, 33.20604748137088], [-117.18320165106155, 33.20504232084107], [-117.18294715444577, 33.20281936183264], [-117.18049399374696, 33.203933675334106], [-117.17533035474283, 33.19755910028468], [-117.17506101780208, 33.194814781284514], [-117.17441672999834, 33.18798224441281], [-117.17398709609637, 33.18353358264562], [-117.17391950712613, 33.182755483367416], [-117.17222381613264, 33.182575898200476], [-117.17191542364597, 33.17574850872273], [-117.17456990411614, 33.17567113862233], [-117.1735553871759, 33.17401811452773], [-117.17223929920502, 33.17317863499142], [-117.17006795175756, 33.173456333401035], [-117.1701587213397, 33.172750890803805], [-117.172924669253, 33.17281444765748], [-117.17879740634199, 33.1727831554856], [-117.1787759321514, 33.16992501639756], [-117.18163079013968, 33.169902357516484], [-117.18703346419095, 33.16986825986958], [-117.1871168776414, 33.17213669581774], [-117.187815103292, 33.17216548233318], [-117.1911590972842, 33.17222284570016], [-117.1910094984785, 33.168383354238514], [-117.19530124657933, 33.164048113723176], [-117.19518100326599, 33.16329529693917], [-117.19927364880868, 33.16396616685699], [-117.19962564809819, 33.163770973869816], [-117.20240518964094, 33.162070009558114], [-117.20281829770525, 33.16052970896309], [-117.20399376115388, 33.16001611905979], [-117.20554691815406, 33.16022338298302], [-117.20691306016616, 33.15775626317715], [-117.20712716703007, 33.1573199776235], [-117.20733858791752, 33.15691285185521], [-117.2066507126735, 33.15610799055352], [-117.20686422455452, 33.155542554904976], [-117.20828975377465, 33.155067537438654], [-117.20908362858785, 33.153538478883085], [-117.2111565694553, 33.15422167375106], [-117.21196389214403, 33.15256123693598], [-117.21204991591962, 33.15237269452502], [-117.21310442476674, 33.15017479315023], [-117.21320325277955, 33.15017886797182], [-117.21326836364614, 33.14997419197972], [-117.21321279526876, 33.149950414348744], [-117.21402823601477, 33.14825399706141], [-117.21424413022575, 33.14779301441552], [-117.21440706550779, 33.147866145009104], [-117.21460488768284, 33.14745787157833], [-117.21443143811675, 33.147400648312164], [-117.21479044520427, 33.14666785072704], [-117.21630652291144, 33.143586679180785], [-117.21669686260701, 33.142761817450385], [-117.2179769798018, 33.14195197406117], [-117.2182072246498, 33.138553980553056], [-117.21895063302264, 33.1384782176186], [-117.2190595989102, 33.13830051273091], [-117.21980942412085, 33.138269891937284], [-117.2209221225402, 33.136878159235046], [-117.2208966607772, 33.13578824727665], [-117.22116624541798, 33.1357861715278], [-117.22116464817178, 33.1352329963807], [-117.22116139817669, 33.13442917572176], [-117.22087406563887, 33.13441656807615], [-117.22084031417687, 33.132000764087884], [-117.2208387176021, 33.13158552045274], [-117.22315317470714, 33.131095969500095], [-117.22735468125904, 33.13109692003862], [-117.22976387993849, 33.13076411002921], [-117.22978995303872, 33.130474495884975], [-117.22971574661122, 33.12925160634661], [-117.22973025402577, 33.12866429055171], [-117.22976051761721, 33.12665384623145], [-117.22962062522718, 33.12158562379148], [-117.22951535068883, 33.11628286055497], [-117.22998821165666, 33.113995613617966], [-117.22878413613614, 33.112340270596476], [-117.22777345245805, 33.11101941845746], [-117.22636007287352, 33.108515367680255], [-117.22538654808947, 33.108530572990816], [-117.22535281127944, 33.10653634827424], [-117.22465819081837, 33.1055460935816], [-117.22552359166436, 33.10481352816822], [-117.22703010435298, 33.1035249826302], [-117.22680717051396, 33.103328279660865], [-117.22355772602204, 33.104000010857646], [-117.2225360538942, 33.102527060190596], [-117.22223163880118, 33.10256106861395], [-117.22093711175948, 33.10271339540127], [-117.21925644314516, 33.10108699904326], [-117.21914593849954, 33.099933496021414], [-117.21691485376692, 33.09945881587128], [-117.21627384874331, 33.09858993150218], [-117.21521582980763, 33.098228696074926], [-117.21174242624234, 33.097044434683966], [-117.21137103377868, 33.09705656978651], [-117.20948514046272, 33.09627474103918], [-117.20816101389904, 33.095707836245026], [-117.20811222691388, 33.09489956953752], [-117.20723352702251, 33.09511694758299], [-117.20679736881408, 33.094383915875156], [-117.20433094159426, 33.093555074922925], [-117.203952935231, 33.09246790292472], [-117.204008444502, 33.08912453058769], [-117.20351505820824, 33.08911043707861], [-117.20362948201986, 33.08770216529455], [-117.20181742637027, 33.08770511024329], [-117.1995019690285, 33.084028907705886], [-117.19129445126256, 33.080722492798536], [-117.20006538828875, 33.080519067053544], [-117.19364499884368, 33.07014842834416], [-117.1913534172149, 33.06818944785377], [-117.18841666781775, 33.06568018772732], [-117.18393744458646, 33.06664054860925], [-117.18098719584293, 33.06039891610523], [-117.17730242395294, 33.05768001546174], [-117.16696608527984, 33.050019212352595], [-117.1644758426353, 33.0481654333268], [-117.16288846450628, 33.04696757530161], [-117.15689122940003, 33.04245791176716], [-117.15810595229021, 33.040627232438084], [-117.15725346123831, 33.04003120035794], [-117.15762817646933, 33.03946404146007], [-117.16322838795148, 33.031138768814955], [-117.16332445102785, 33.02835377968524], [-117.16332931404708, 33.02824090865868], [-117.16721874494843, 33.02631177879006], [-117.16883167034845, 33.02461911698548], [-117.17103366905897, 33.02417467895198], [-117.17439542816778, 33.023494289876496], [-117.17665892305499, 33.02114291440037], [-117.17715955225363, 33.02061696091787], [-117.17779937219251, 33.01818726727657], [-117.17695491455459, 33.014944367662366], [-117.17392051110704, 33.01243836818898], [-117.1730701448488, 33.01130780477292], [-117.16982192046504, 33.00724674660682], [-117.16981338109598, 33.00450183717009], [-117.1697853131831, 32.99696177955641], [-117.16976889039245, 32.99266866429605], [-117.1697629210868, 32.991618067546554], [-117.16978198555984, 32.986076321770526], [-117.16976508267673, 32.98345293620854], [-117.16980525813246, 32.97964458366635], [-117.16982439852266, 32.97635672458871], [-117.1698207595745, 32.974399301147756], [-117.17250362928485, 32.97411388674711], [-117.17264749692498, 32.97180482187097], [-117.17016746245112, 32.97138673760299], [-117.16977447108454, 32.971090441768716], [-117.16978036142002, 32.970282185174234], [-117.16978714452652, 32.96671910470076], [-117.16988705250851, 32.964025937467525], [-117.16975030158542, 32.956323568835515], [-117.18303765778971, 32.953809040596376], [-117.1940708410683, 32.95143227821368], [-117.20154137499068, 32.94989373583479], [-117.20301290156264, 32.94950649601086], [-117.20431970693532, 32.948783174842205], [-117.20546657453926, 32.94807123871029], [-117.2143676648502, 32.94374776540704], [-117.22121135040254, 32.940755347370484], [-117.22217490822992, 32.94032381465221], [-117.22288623241452, 32.93968696102076], [-117.22489284233784, 32.93868904276636], [-117.2287672086096, 32.93726681272576], [-117.23330134764818, 32.9356839546826], [-117.23835318304894, 32.93353528657366], [-117.24102213524539, 32.931882847705836], [-117.24137907572884, 32.93163954784269], [-117.24372476073212, 32.93019382351766], [-117.2469505258002, 32.931871974013504], [-117.24652550379766, 32.92975971705017], [-117.25654805935886, 32.93449389634665], [-117.25754455051734, 32.93394901868185], [-117.25889121759096, 32.93537432376672], [-117.25990396749245, 32.93460955163756], [-117.26075438040537, 32.93455577046822], [-117.26215707081742, 32.93963107222294], [-117.26378157730596, 32.94553543239394], [-117.26428901487901, 32.947354389652894], [-117.26683653530803, 32.95332904711949], [-117.26776329360989, 32.956889215392685], [-117.26852829905187, 32.959831596719695], [-117.2687835736109, 32.96501458770782], [-117.26898105007882, 32.96799103444116], [-117.27045138718087, 32.97469584660372], [-117.27089506218036, 32.97641825133136], [-117.27144945509741, 32.97706666355563], [-117.27231365006926, 32.97950998664226], [-117.27306501583364, 32.982016502025324], [-117.27334016738827, 32.98210336886054], [-117.2733424980829, 32.98405639423923], [-117.27428302872896, 32.98927232103305], [-117.27577009216583, 32.99522619131597], [-117.27617291272732, 32.99645810794795], [-117.27652091309973, 32.99672211144222], [-117.27677944141364, 32.99723156699858], [-117.27677306173227, 32.997612535957906], [-117.27691185115152, 32.99813617219237], [-117.27803904146694, 32.99920396747438], [-117.2783199414538, 32.99971327537402], [-117.27845304917514, 33.00041658154088], [-117.27850907313267, 33.00413728962153], [-117.27949328664143, 33.00974622353228], [-117.28013894960225, 33.01224223335586], [-117.28085434259067, 33.01389734526517], [-117.28552259307494, 33.02189125753897], [-117.28715258526678, 33.02576279197619], [-117.28919806119244, 33.029264702277224], [-117.28978561507739, 33.030525196551686], [-117.29134053995932, 33.03344376793813], [-117.29228952983759, 33.03430492324696], [-117.29410509983701, 33.03493822680197], [-117.29565509936546, 33.03631596171621], [-117.29630693912837, 33.03789505486133], [-117.29757007673423, 33.04304572596758], [-117.2988109271624, 33.04817900106725], [-117.300825482335, 33.05369227068665], [-117.30248219653396, 33.05774562504305], [-117.30556912867335, 33.065522599923405], [-117.30690715204658, 33.067254033074136], [-117.30706209675526, 33.06840140389171], [-117.31010567725804, 33.075549604455325], [-117.31142794348196, 33.08001670958605], [-117.31240913686757, 33.084110468070755], [-117.31309036951133, 33.08684494805958], [-117.31352510519997, 33.086721744215474], [-117.31356337120198, 33.086907076630034], [-117.31315009123217, 33.087021180374194], [-117.31325361169851, 33.08742795665405], [-117.31373662288956, 33.08728201803825], [-117.31380173466584, 33.087462759600754], [-117.31345089707978, 33.0875601589511], [-117.31500246090594, 33.09149966264829], [-117.31979667629118, 33.101638638960914], [-117.32374519066823, 33.11165674903057], [-117.32666206614685, 33.11777901144795], [-117.32744636692709, 33.11858386366751], [-117.32731958493073, 33.11951065066776], [-117.3293106955138, 33.123290913445466], [-117.33076751684692, 33.12513726076053], [-117.33305286121423, 33.12736945990951], [-117.33420461815282, 33.12886565126803], [-117.33511933833816, 33.12947958382339], [-117.3372548309371, 33.13235964357734], [-117.33808504737667, 33.134978748920716], [-117.33908807840824, 33.13736394797408], [-117.33956339759231, 33.13826314878139], [-117.34042244338993, 33.137989449754336], [-117.34048748489093, 33.13812796453118], [-117.33925603249594, 33.13848107138502], [-117.33932114368517, 33.13863767585384], [-117.34044524961871, 33.13832707396205], [-117.34047440793107, 33.1384536261341], [-117.33984427659287, 33.13861212991059], [-117.34131809899824, 33.14139702126052]]]]}, "properties": {"AdminID": "North Coast", "UtilityID": "SDGE", "AreaType": "District", "SubareaType": "Operational", "Name": "North Coast District", "Shape_Area": 7714150345.509323}}, {"type": "Feature", "geometry": {"type": "MultiPolygon", "coordinates": [[[[-117.3643207743364, 33.50486555304905], [-117.37079914867992, 33.49065865412774], [-117.32884896657103, 33.47706740658092], [-117.31554705330997, 33.47276432307479], [-117.28630165427029, 33.463261353532324], [-117.26451989566131, 33.456153677718824], [-117.24160075283592, 33.44874243626355], [-117.24146316040287, 33.439987668468476], [-117.24138373073069, 33.432097886539665], [-117.2194931635218, 33.43208664704419], [-117.186416025795, 33.4323658158054], [-117.16241241564705, 33.43252144334307], [-117.14511435485139, 33.43256536642519], [-117.13834623919654, 33.43255085805866], [-117.13421752689285, 33.432295877850336], [-117.10433617743807, 33.43039349730433], [-117.09515759947405, 33.430510269604746], [-117.08953078258273, 33.43050823241296], [-117.08942348832244, 33.430594793363404], [-117.08875092253435, 33.430588168713555], [-117.0886476865843, 33.43050594206426], [-117.06979543466626, 33.43034541474044], [-117.04166082459155, 33.43004316428015], [-117.03092815506879, 33.42993977197345], [-117.03092693942763, 33.42699838063618], [-117.0050900726324, 33.427138227378045], [-116.99540052181032, 33.42718626755403], [-116.94078645686476, 33.42718150714171], [-116.86799020746321, 33.42673749281488], [-116.8682229638624, 33.42011203438594], [-116.83747070517524, 33.41032658920937], [-116.8278947804964, 33.33715341953563], [-116.82715249582354, 33.33236230687512], [-116.82574455804186, 33.32289233511551], [-116.82310705917631, 33.30460014106791], [-116.82127324019206, 33.293184451817], [-116.81796087556461, 33.27170911585617], [-116.81892856397317, 33.2720655446456], [-116.82751740788868, 33.2637079458214], [-116.82398673255413, 33.26138609486817], [-116.8187192964043, 33.265130555926156], [-116.84427025198899, 33.219925044922306], [-116.85655548658148, 33.19552906964267], [-116.86230337689324, 33.18471890504602], [-116.86386741939071, 33.181603855459606], [-116.86917115869453, 33.17120932551463], [-116.88241951063445, 33.143559830007554], [-116.8935831764955, 33.116084975322515], [-116.90495660724174, 33.08694834422412], [-116.9218373133714, 33.08579025192959], [-116.93891523633296, 33.08461613506287], [-116.94935074270374, 33.08261904535839], [-116.95496763288634, 33.08042752520529], [-116.95395924110701, 33.076463559781374], [-116.96465033929758, 33.073557039055544], [-116.9651111861094, 33.07715663676245], [-116.97341092612625, 33.0743013553074], [-116.97403484397377, 33.06916266618747], [-116.97530173137048, 33.067753670648536], [-116.97707848540132, 33.07308684766405], [-116.98014401785363, 33.07206381331563], [-116.99338935785481, 33.073095307537386], [-116.99319696559428, 33.06806028893101], [-116.99218862597807, 33.06658033209613], [-116.99337002655426, 33.062824019734606], [-116.99662868717256, 33.052428621268554], [-116.99662609316417, 33.05083310154619], [-116.99654118717082, 33.03527030435553], [-116.99646737772728, 33.030119228029754], [-116.9967949343499, 33.0291114151962], [-116.99727291119139, 33.02217327750856], [-116.99697273107819, 33.011577418585], [-116.99693115503581, 33.00710341395558], [-116.99327163675909, 32.99970206487423], [-116.9875374246027, 32.99993019112676], [-116.98675384393727, 32.99426388665014], [-116.99048178641989, 32.993912049928625], [-116.9864903318298, 32.98252617312204], [-116.97552313886384, 32.98276850762656], [-116.97296051559145, 32.9754039824672], [-116.9741642132998, 32.97468401136838], [-116.98119648518654, 32.96709934960401], [-116.97809718137007, 32.95767036508902], [-116.97554591184591, 32.95066889574492], [-116.97958362542512, 32.93856729101855], [-116.98184921296843, 32.934635503751636], [-116.98407330106146, 32.9300918303122], [-117.001661465176, 32.943161841100824], [-117.0141581821233, 32.93738176962942], [-117.01522051139658, 32.93704151404808], [-117.02328061248029, 32.934602174930255], [-117.02627854763327, 32.93313244624087], [-117.02706512203773, 32.931635142748306], [-117.0315269037827, 32.929150109978885], [-117.03154028202862, 32.927591765768696], [-117.03156068385107, 32.92660159328227], [-117.03256102983119, 32.926542106788474], [-117.03343374273986, 32.92728729243424], [-117.03466475725065, 32.92743691810493], [-117.04566001731207, 32.926331833416725], [-117.04677953371423, 32.926219749925274], [-117.05549490421593, 32.92653101679919], [-117.05619993797039, 32.92865183889923], [-117.05817037459408, 32.931494139943005], [-117.06103313640035, 32.934933517446275], [-117.0665423325496, 32.93455661968475], [-117.06818201863706, 32.93468756387873], [-117.06882490954325, 32.93475293945702], [-117.07225555587576, 32.93471397222572], [-117.07388729430761, 32.934478153001635], [-117.07449568763381, 32.9343902225404], [-117.07667855773157, 32.93431070563141], [-117.08130955564245, 32.93867647747581], [-117.08424363065494, 32.938703338449905], [-117.0859598676721, 32.939494931165115], [-117.0880971505039, 32.9404806742145], [-117.09268539217572, 32.9426122367521], [-117.09734264710036, 32.94255865701059], [-117.10583202864127, 32.9424813353033], [-117.10730331955178, 32.94287730882252], [-117.10910273182951, 32.94336156233522], [-117.11580359011391, 32.94297896195301], [-117.11836303153251, 32.94309286106207], [-117.12901305168516, 32.94195933490677], [-117.1291699095818, 32.94194544124433], [-117.13850499868329, 32.9406372456878], [-117.14406582990789, 32.93992425253955], [-117.14621520485176, 32.93963729708824], [-117.14963540473777, 32.93917680381356], [-117.15811499669313, 32.936472733980416], [-117.1647489085579, 32.93431610226621], [-117.16910813647239, 32.930564401483856], [-117.16935081978589, 32.93814804612068], [-117.16856811757842, 32.93806592449216], [-117.1695226373048, 32.94655784492194], [-117.16959954964089, 32.94815465216174], [-117.16975030158542, 32.956323568835515], [-117.16988705250851, 32.964025937467525], [-117.16978714452652, 32.96671910470076], [-117.16978036142002, 32.970282185174234], [-117.16977447108454, 32.971090441768716], [-117.17016746245112, 32.97138673760299], [-117.17264749692498, 32.97180482187097], [-117.17250362928485, 32.97411388674711], [-117.1698207595745, 32.974399301147756], [-117.16982439852266, 32.97635672458871], [-117.16980525813246, 32.97964458366635], [-117.16976508267673, 32.98345293620854], [-117.16978198555984, 32.986076321770526], [-117.1697629210868, 32.991618067546554], [-117.16976889039245, 32.99266866429605], [-117.1697853131831, 32.99696177955641], [-117.16981338109598, 33.00450183717009], [-117.16982192046504, 33.00724674660682], [-117.1730701448488, 33.01130780477292], [-117.17392051110704, 33.01243836818898], [-117.17695491455459, 33.014944367662366], [-117.17779937219251, 33.01818726727657], [-117.17715955225363, 33.02061696091787], [-117.17665892305499, 33.02114291440037], [-117.17439542816778, 33.023494289876496], [-117.17103366905897, 33.02417467895198], [-117.16883167034845, 33.02461911698548], [-117.16721874494843, 33.02631177879006], [-117.16332931404708, 33.02824090865868], [-117.16332445102785, 33.02835377968524], [-117.16322838795148, 33.031138768814955], [-117.15762817646933, 33.03946404146007], [-117.15725346123831, 33.04003120035794], [-117.15810595229021, 33.040627232438084], [-117.15689122940003, 33.04245791176716], [-117.16288846450628, 33.04696757530161], [-117.1644758426353, 33.0481654333268], [-117.16696608527984, 33.050019212352595], [-117.17730242395294, 33.05768001546174], [-117.18098719584293, 33.06039891610523], [-117.18393744458646, 33.06664054860925], [-117.18841666781775, 33.06568018772732], [-117.1913534172149, 33.06818944785377], [-117.19364499884368, 33.07014842834416], [-117.20006538828875, 33.080519067053544], [-117.19129445126256, 33.080722492798536], [-117.1995019690285, 33.084028907705886], [-117.20181742637027, 33.08770511024329], [-117.20362948201986, 33.08770216529455], [-117.20351505820824, 33.08911043707861], [-117.204008444502, 33.08912453058769], [-117.203952935231, 33.09246790292472], [-117.20433094159426, 33.093555074922925], [-117.20679736881408, 33.094383915875156], [-117.20723352702251, 33.09511694758299], [-117.20811222691388, 33.09489956953752], [-117.20816101389904, 33.095707836245026], [-117.20948514046272, 33.09627474103918], [-117.21137103377868, 33.09705656978651], [-117.21174242624234, 33.097044434683966], [-117.21521582980763, 33.098228696074926], [-117.21627384874331, 33.09858993150218], [-117.21691485376692, 33.09945881587128], [-117.21914593849954, 33.099933496021414], [-117.21925644314516, 33.10108699904326], [-117.22093711175948, 33.10271339540127], [-117.22223163880118, 33.10256106861395], [-117.2225360538942, 33.102527060190596], [-117.22355772602204, 33.104000010857646], [-117.22680717051396, 33.103328279660865], [-117.22703010435298, 33.1035249826302], [-117.22552359166436, 33.10481352816822], [-117.22465819081837, 33.1055460935816], [-117.22535281127944, 33.10653634827424], [-117.22538654808947, 33.108530572990816], [-117.22636007287352, 33.108515367680255], [-117.22777345245805, 33.11101941845746], [-117.22878413613614, 33.112340270596476], [-117.22998821165666, 33.113995613617966], [-117.22951535068883, 33.11628286055497], [-117.22962062522718, 33.12158562379148], [-117.22976051761721, 33.12665384623145], [-117.22973025402577, 33.12866429055171], [-117.22971574661122, 33.12925160634661], [-117.22978995303872, 33.130474495884975], [-117.22976387993849, 33.13076411002921], [-117.22735468125904, 33.13109692003862], [-117.22315317470714, 33.131095969500095], [-117.2208387176021, 33.13158552045274], [-117.22084031417687, 33.132000764087884], [-117.22087406563887, 33.13441656807615], [-117.22116139817669, 33.13442917572176], [-117.22116464817178, 33.1352329963807], [-117.22116624541798, 33.1357861715278], [-117.2208966607772, 33.13578824727665], [-117.2209221225402, 33.136878159235046], [-117.21980942412085, 33.138269891937284], [-117.2190595989102, 33.13830051273091], [-117.21895063302264, 33.1384782176186], [-117.2182072246498, 33.138553980553056], [-117.2179769798018, 33.14195197406117], [-117.21669686260701, 33.142761817450385], [-117.21630652291144, 33.143586679180785], [-117.21479044520427, 33.14666785072704], [-117.21443143811675, 33.147400648312164], [-117.21460488768284, 33.14745787157833], [-117.21440706550779, 33.147866145009104], [-117.21424413022575, 33.14779301441552], [-117.21402823601477, 33.14825399706141], [-117.21321279526876, 33.149950414348744], [-117.21326836364614, 33.14997419197972], [-117.21320325277955, 33.15017886797182], [-117.21310442476674, 33.15017479315023], [-117.21204991591962, 33.15237269452502], [-117.21196389214403, 33.15256123693598], [-117.2111565694553, 33.15422167375106], [-117.20908362858785, 33.153538478883085], [-117.20828975377465, 33.155067537438654], [-117.20686422455452, 33.155542554904976], [-117.2066507126735, 33.15610799055352], [-117.20733858791752, 33.15691285185521], [-117.20712716703007, 33.1573199776235], [-117.20691306016616, 33.15775626317715], [-117.20554691815406, 33.16022338298302], [-117.20399376115388, 33.16001611905979], [-117.20281829770525, 33.16052970896309], [-117.20240518964094, 33.162070009558114], [-117.19962564809819, 33.163770973869816], [-117.19927364880868, 33.16396616685699], [-117.19518100326599, 33.16329529693917], [-117.19530124657933, 33.164048113723176], [-117.1910094984785, 33.168383354238514], [-117.1911590972842, 33.17222284570016], [-117.187815103292, 33.17216548233318], [-117.1871168776414, 33.17213669581774], [-117.18703346419095, 33.16986825986958], [-117.18163079013968, 33.169902357516484], [-117.1787759321514, 33.16992501639756], [-117.17879740634199, 33.1727831554856], [-117.172924669253, 33.17281444765748], [-117.1701587213397, 33.172750890803805], [-117.17006795175756, 33.173456333401035], [-117.17223929920502, 33.17317863499142], [-117.1735553871759, 33.17401811452773], [-117.17456990411614, 33.17567113862233], [-117.17191542364597, 33.17574850872273], [-117.17222381613264, 33.182575898200476], [-117.17391950712613, 33.182755483367416], [-117.17398709609637, 33.18353358264562], [-117.17441672999834, 33.18798224441281], [-117.17506101780208, 33.194814781284514], [-117.17533035474283, 33.19755910028468], [-117.18049399374696, 33.203933675334106], [-117.18294715444577, 33.20281936183264], [-117.18320165106155, 33.20504232084107], [-117.18223190208457, 33.20604748137088], [-117.18352723212286, 33.207621561338634], [-117.18735558870695, 33.21226704849398], [-117.18940781683459, 33.214740460793], [-117.19612993000742, 33.22293366282807], [-117.19913001292662, 33.226576706357775], [-117.19312176645715, 33.2294326769579], [-117.1890973674458, 33.23132052439921], [-117.18613672069728, 33.22951572479702], [-117.18450576456358, 33.227596946149276], [-117.18036652746595, 33.224742897948936], [-117.17535229455807, 33.22441260306726], [-117.17055250699022, 33.227591994886964], [-117.15797574043773, 33.227647039211355], [-117.15779486110803, 33.24357278684067], [-117.15799473305523, 33.24401410562044], [-117.15790780375453, 33.247094974400156], [-117.15797449654387, 33.24925781421984], [-117.15653730265132, 33.249250890453204], [-117.15652630125915, 33.250844650615136], [-117.15808322297708, 33.252393399331346], [-117.16151109815475, 33.25298592722063], [-117.16833830629061, 33.25157586677256], [-117.17088407552927, 33.25122098084426], [-117.17123880003388, 33.25102188020557], [-117.17150800564215, 33.25097217160676], [-117.17232834787104, 33.251019622604204], [-117.17421464713775, 33.2509911095603], [-117.17606708581873, 33.249477460628675], [-117.18065574951716, 33.24944002488586], [-117.1825052987716, 33.25092846557669], [-117.1831639620726, 33.25231630812941], [-117.18584637187188, 33.25254598396324], [-117.18770763226165, 33.25305079364226], [-117.18762158005768, 33.25651117498927], [-117.19975976071697, 33.2564766099149], [-117.20485992255396, 33.2564517949158], [-117.20482183770362, 33.260158949451835], [-117.20816295102266, 33.26013171296616], [-117.21020876882174, 33.26012502043062], [-117.21025177683289, 33.26014429268595], [-117.21171072989112, 33.26169438613791], [-117.2135979227258, 33.262390264671915], [-117.2131703105004, 33.26763853839561], [-117.22181296115055, 33.26751856949069], [-117.22233852114714, 33.271506724892156], [-117.22678766692167, 33.27112255867439], [-117.22869482850066, 33.26951680467165], [-117.23496974350518, 33.26740433847934], [-117.23545273053767, 33.261159696154095], [-117.24460052037725, 33.25464050229027], [-117.24584784625131, 33.25504089324316], [-117.24989786342107, 33.25603197200112], [-117.25009427124503, 33.2564842592724], [-117.251020649211, 33.25710974476507], [-117.25230536295189, 33.25758978998823], [-117.25484428549134, 33.25855687154679], [-117.26170259364464, 33.258647157361736], [-117.2607774347631, 33.25981046467896], [-117.26014364185292, 33.266771560659286], [-117.26091126014708, 33.269505588970944], [-117.25421326686147, 33.26977463404906], [-117.2547020649606, 33.27299921523927], [-117.2561115864956, 33.27512427180548], [-117.25773257986636, 33.278458317627255], [-117.26211748527757, 33.28127131894822], [-117.2662370252616, 33.283113041061114], [-117.27063236517064, 33.28061623917707], [-117.2719015051253, 33.28566668635856], [-117.2819763269588, 33.29094596148801], [-117.27002295306896, 33.29984316444302], [-117.26899072679844, 33.305296729740625], [-117.26878671120026, 33.30788312769062], [-117.26764705256583, 33.31465180335264], [-117.26718024707844, 33.31946478657912], [-117.2662292134622, 33.32999058617576], [-117.25449591705464, 33.330110734914435], [-117.25467734047078, 33.34535293740143], [-117.25460556370368, 33.34621226744797], [-117.25414597041541, 33.35807048863961], [-117.25611749599915, 33.35804135309177], [-117.26221027197877, 33.35793880567157], [-117.26098825302033, 33.367099466567275], [-117.26132162904473, 33.36893498090145], [-117.26049762737415, 33.37101624427948], [-117.26060511326317, 33.37113936457144], [-117.26049801932359, 33.37183807328282], [-117.26032863897007, 33.37217775494365], [-117.25945026495084, 33.378214603717396], [-117.2592850366699, 33.38082997278938], [-117.25908515852366, 33.38187722832406], [-117.25852701450968, 33.38505095495148], [-117.25754527144723, 33.39110125755825], [-117.25606407122982, 33.40206518388426], [-117.25547614436343, 33.40597511809926], [-117.26450310606825, 33.406588956428685], [-117.27401193668123, 33.40716778651457], [-117.28267840209716, 33.411498301572024], [-117.29537767468885, 33.41751418818884], [-117.30434129445261, 33.41372614316573], [-117.30434370591519, 33.412995327219505], [-117.30842951204019, 33.411744023085156], [-117.32227862323136, 33.40544990513929], [-117.33650232986547, 33.40575171488407], [-117.33613720267128, 33.413084908784], [-117.32658555323295, 33.413295592449636], [-117.32658941923054, 33.419984556247854], [-117.33937816976996, 33.4198750847387], [-117.33974672372841, 33.42732369740713], [-117.33515478108856, 33.427718167972905], [-117.33529910734984, 33.43090657499746], [-117.38842070117062, 33.4289884818384], [-117.40054609754577, 33.45551198691129], [-117.4084188817652, 33.46043545538019], [-117.4665066290211, 33.4770141765726], [-117.46969396132856, 33.470749412237325], [-117.47620823424224, 33.47049714262105], [-117.47228505852742, 33.48789552544277], [-117.4889145252881, 33.50505964444172], [-117.3643207743364, 33.50486555304905]]]]}, "properties": {"AdminID": "Northeast", "UtilityID": "SDGE", "AreaType": "District", "SubareaType": "Operational", "Name": "Northeast District", "Shape_Area": 18879078669.70049}}, {"type": "Feature", "geometry": {"type": "MultiPolygon", "coordinates": [[[[-116.55951169570292, 33.01042815621374], [-116.53521184374772, 32.99320600407797], [-116.52387054926903, 32.985164107480244], [-116.4824045071355, 32.98513995712487], [-116.45559689905416, 32.96391870757507], [-116.42805540253653, 32.942251220438116], [-116.37190483741134, 32.89986597073387], [-116.27153998830022, 32.83287491753464], [-116.19829937111517, 32.78347773470537], [-116.10582509354977, 32.7258421067979], [-116.10571453844682, 32.648989801848565], [-116.10549471773167, 32.648961902329305], [-116.10549430018276, 32.64587890400466], [-116.10588632190674, 32.61882479725577], [-116.18500888574489, 32.61264990105226], [-116.19893373946447, 32.61155834527304], [-116.20110838098796, 32.611387733827414], [-116.2597727162508, 32.606770779838094], [-116.29465165319823, 32.603923893319426], [-116.34186905949039, 32.6001908886166], [-116.37946809345914, 32.597299249634034], [-116.45482257638052, 32.59115250465346], [-116.5325732812364, 32.584761348654155], [-116.60491677959675, 32.57868562205803], [-116.63067114193183, 32.57616713459935], [-116.7928367256175, 32.56233535255246], [-116.79315739516255, 32.59813278109648], [-116.79352389216457, 32.634338940333386], [-116.79368482965802, 32.65600404012437], [-116.8037774228485, 32.66111606213321], [-116.82445183248706, 32.671444212306675], [-116.79884634336541, 32.682212151309756], [-116.77632516941632, 32.69165583248078], [-116.74882646589607, 32.71313843690865], [-116.74705103122642, 32.71496851160795], [-116.74633968097014, 32.71569111500619], [-116.73728747406989, 32.72479092199067], [-116.71342765854133, 32.7487811539158], [-116.7132844983065, 32.74892031574955], [-116.71031995443678, 32.751863452753625], [-116.7050413277111, 32.76123070368344], [-116.70140287292055, 32.767706419557996], [-116.69941914868072, 32.771230723441434], [-116.69464689543669, 32.77331039939935], [-116.68693924016435, 32.78296657829489], [-116.6963159565273, 32.79670024005052], [-116.6989725295978, 32.80042085648683], [-116.71189054444423, 32.819321384554875], [-116.7296949153898, 32.819526039381664], [-116.73242069572231, 32.81955079100487], [-116.73232207986425, 32.82748030788409], [-116.73198394515181, 32.83164582255423], [-116.73164660141951, 32.833385783396515], [-116.73150239801619, 32.834091756648206], [-116.73111716926633, 32.83629896117692], [-116.73131514387559, 32.84310118296914], [-116.73146801594197, 32.84839975387259], [-116.73421027889752, 32.85557291502067], [-116.73741272891847, 32.86394982823199], [-116.74473529869888, 32.88315161086973], [-116.75414923627987, 32.887674444259666], [-116.7630295822871, 32.89193208281614], [-116.76532926662989, 32.893035603089196], [-116.77976397942585, 32.89353269548748], [-116.78147509279219, 32.90667571158692], [-116.77924131001932, 32.92631617625077], [-116.76894782437125, 32.946659251268315], [-116.75695164936438, 32.96072203022602], [-116.76118724499761, 32.984112996545406], [-116.73205558525237, 32.984458750397536], [-116.69972996930078, 33.00358530280814], [-116.69471689635849, 33.006549955780294], [-116.65615750250096, 33.00831734372765], [-116.61590439674197, 33.0101495501836], [-116.60025228144617, 33.01085843913254], [-116.59274620091166, 33.01175071409281], [-116.57539645544527, 33.01236643592801], [-116.56402638203755, 33.01189287148209], [-116.55951169570292, 33.01042815621374]]]]}, "properties": {"AdminID": "Mountain Empire ", "UtilityID": "SDGE", "AreaType": "Sub District", "SubareaType": "Operational", "Name": "Mountain Empire Sub District", "Shape_Area": 23354033251.663334}}]}